Question,OriginalQuestion,phi_dsl_nocot,phi_dsl_cot,phi_sparql_nocot,phi_sparql_cot,qwen_dsl_nocot,qwen_dsl_cot,qwen_sparql_nocot,qwen_sparql_cot,judge_verdict,judge_reason
What Ferocious behaviors are specifically linked to the hcdLoader?,What unique behaviors are associated with hcdLoader and Ferocious?,False,False,False,False,False,False,False,False,NOT_EQUIVALENT,"The paraphrased question changes the relationship from ""associated"" to ""specifically linked"", and the order of the entities, which may imply a different scope or emphasis."
What malicious activities are primarily associated with HUI Loader and Net Crawler?,What are the main targets of HUI Loader and Net Crawler in terms of their malicious activities?,False,False,False,False,False,False,False,False,EQUIVALENT,"Both questions ask about the primary malicious activities associated with the same entities (HUI Loader and Net Crawler), with the only difference being in the wording of the question."
What impact do the characteristics of Avaddon and the functionality of INCONTROLLER have on their respective threat assessments?,How do the behaviors of Avaddon and INCONTROLLER contribute to their respective threat profiles?,False,False,False,False,False,False,False,False,NOT_EQUIVALENT,"The paraphrased question introduces the term ""threat assessments"" which may imply a different scope or nuance than ""threat profiles"" in the original question."
What are the key distinctions in the system impact caused by Flame and Kinsing malware?,What are the primary differences in the impact of Flame and Kinsing on a system?,False,False,False,False,False,False,False,False,EQUIVALENT,"Both questions ask about the same entities (Flame and Kinsing) and the same relationship (impact on a system), with the paraphrased version using synonyms for ""primary differences"" and ""malware""."
What malicious activities are primarily associated with the operations of FlyTrap and the ANDROMEDA malware?,What are the main targets of FlyTrap and ANDROMEDA in terms of their malicious activities?,False,False,False,False,False,False,False,False,EQUIVALENT,"Both questions ask about the primary malicious activities of the same entities (FlyTrap and ANDROMEDA), with the paraphrased version using different wording to describe the entities and their activities."
What specific operational traits are common to both STEADYPULSE and Trojan.Karagany malware variants?,What distinct characteristics do STEADYPULSE and Trojan.Karagany exhibit in their operations?,False,False,False,False,False,False,False,False,EQUIVALENT,"Both questions ask about the same entities (STEADYPULSE and Trojan.Karagany) and the same relationship (exhibiting distinct characteristics or operational traits), with the paraphrased version using synonyms (""distinct characteristics"" vs. ""specific operational traits"") and a slight rewording of the question structure."
What entities are primarily targeted by Cannon and LitePower during their malicious activities?,What are the primary targets of Cannon and LitePower in the context of their malicious operations?,False,False,False,False,False,False,False,False,EQUIVALENT,"Both questions ask about the same entities (Cannon and LitePower) and their malicious operations, with the primary difference being superficial rewording of the question's wording and syntax."
What behaviors are distinctively linked to Avaddon and the X-Agent malware?,What unique behaviors are associated with Avaddon and X-Agent?,False,False,False,False,False,False,False,False,EQUIVALENT,"Both questions ask about the unique behaviors associated with the same entities, Avaddon and X-Agent, with the paraphrased version using synonyms for ""unique"" and ""associated""."
What extent can Remote Services Mitigation techniques effectively counter the effects of MechaFlounder?,How can Remote Services Mitigation minimize the impact of MechaFlounder?,False,False,False,False,False,False,False,False,NOT_EQUIVALENT,"The paraphrased question changes the scope of the impact from ""minimize"" to ""counter the effects"", implying a different level of mitigation."
What measures can Resource Hijacking Mitigation take to safeguard itself against the destructive consequences of Dipsind?,How can Resource Hijacking Mitigation protect itself from the damage caused by Dipsind?,False,False,False,False,False,False,False,False,NOT_EQUIVALENT,"The paraphrased question introduces the phrase ""destructive consequences,"" which implies a specific aspect of the damage caused by Dipsind, whereas the original question asks about the damage in general."
What methods can be utilized for removing POWERSOURCE from the context of Hidden Files and Directories Mitigation?,What methods can be employed to remove POWERSOURCE from Hidden Files and Directories Mitigation?,False,False,False,False,False,False,False,False,EQUIVALENT,"Both questions ask about the same methods for removing POWERSOURCE from the same context, with only minor rewording of ""employed"" to ""utilized"" and ""Mitigation"" to ""the context of Hidden Files and Directories Mitigation""."
What are the names of the campaigns that Truvasys and CHEMISTGAMES have been involved in?,What campaigns have Truvasys and CHEMISTGAMES participated in?,False,False,False,False,False,False,False,False,EQUIVALENT,"Both questions ask about the same entities (Truvasys and CHEMISTGAMES) and the same relationship (participation in campaigns), with the paraphrased version using different wording to convey the same meaning."
What measures can be taken to prevent the adverse effects of an AutoIt backdoor when implementing Install Root Certificate Mitigation?,How can Install Root Certificate Mitigation protect itself from the damage caused by AutoIt backdoor?,False,False,False,False,False,False,False,False,UNPARSEABLE,"The paraphrased question changes the relationship between the entities, asking about ""preventing adverse effects"" instead of ""protecting from damage"", and also implies a specific order of events (implementing mitigation first, then the backdoor)."
Which attack tactic is most commonly associated with a Pteranodon variant of PoisonIvy malware?,Which type of PoisonIvy is more likely to employ DDoS attacks in its attack strategy?,False,False,False,False,False,False,False,False,NOT_EQUIVALENT,"The paraphrased question changes the subject from the type of PoisonIvy to a variant of PoisonIvy, and introduces a new entity (Pteranodon) unrelated to the original question."
What initiatives have Agent Smith and the malware strain INSOMNIA been involved in?,What campaigns have Agent Smith and INSOMNIA participated in?,False,False,False,False,False,False,False,False,NOT_EQUIVALENT,"The paraphrased question changes the entity type of ""INSOMNIA"" from a campaign to a malware strain."
What impact can be minimized by implementing File System Permissions Weakness Mitigation measures against the DanBot threat?,How can File System Permissions Weakness Mitigation minimize the impact of DanBot?,False,False,False,False,False,False,False,False,NOT_EQUIVALENT,"The paraphrased question changes the scope by asking about the impact being minimized, whereas the original question asks about the method (File System Permissions Weakness Mitigation) that minimizes the impact."
What malware type has utilized HEXANE in the C0015 threat?,What kind of malware has HEXANE been using in C0015?,False,False,False,False,False,False,False,False,EQUIVALENT,"Both questions ask about the type of malware used in the C0015 threat, with HEXANE as the entity involved."
What campaigns feature the presence of SHIPSHAPE and MESSAGETAP?,In what campaigns can SHIPSHAPE and MESSAGETAP be found?,False,False,False,False,False,False,False,False,EQUIVALENT,"Both questions ask about the presence of the same entities (SHIPSHAPE and MESSAGETAP) in the same context (campaigns), with the same implication of what is being looked for."
In which operations are PoetRAT and BoxCaon known to be active?,In what campaigns can PoetRAT and BoxCaon be found?,False,False,False,False,False,False,False,False,EQUIVALENT,"Both questions ask about the same entities (PoetRAT and BoxCaon) and the same relationship (being found or active in certain campaigns/operations), with the only difference being superficial rewording."
What measures can Regsvcs/Regasm Mitigation implement to safeguard against the detrimental effects of CORALDECK?,How can Regsvcs/Regasm Mitigation protect itself from the damage caused by CORALDECK?,False,False,False,False,False,False,False,False,EQUIVALENT,"Both questions ask about the same protection measures against the same entity (CORALDECK) and its detrimental effects, with the same subject (Regsvcs/Regasm Mitigation) and verb (protect/safeguard)."
"What techniques are involved in Compiled HTML File Mitigation that can be applied to minimize the effects of AndroRAT, specifically iKitten?",How can Compiled HTML File Mitigation be used to mitigate the impact of iKitten,False,False,False,False,False,False,False,False,NOT_EQUIVALENT,"The paraphrased question introduces a new malware (""AndroRAT"") not present in the original question, changing the scope of the mitigation technique."
What measures can be taken to safeguard against the potential harm to Restrict Registry Permissions resulting from the actions of Kessel?,How can Restrict Registry Permissions protect itself from the damage caused by Kessel?,False,False,False,False,False,False,False,False,EQUIVALENT,"Both questions ask about the same relationship (protecting/safeguarding against harm) between the same entities (Restrict Registry Permissions and Kessel), with the only difference being superficial rewording."
"What characteristics of Email Hiding Rules can be attributed to NightClub, MacMa, and LightNeuron?","What are the key characteristics of NightClub, MacMa, and LightNeuron in terms of Email Hiding Rules?",False,False,False,False,False,False,False,False,NOT_EQUIVALENT,"The paraphrased question changes the wording of the question, but the original question asks about the characteristics of the entities (NightClub, MacMa, and LightNeuron) in relation to Email Hiding Rules, whereas the paraphrased question asks about the characteristics of Email Hiding Rules attributed to the entities, potentially implying a different relationship."
What initiatives have CARROTBAT and BBK been involved in?,What campaigns have CARROTBAT and BBK participated in?,False,False,False,False,False,False,False,False,EQUIVALENT,"Both questions ask about the same entities (CARROTBAT and BBK) and the same relationship (participation in campaigns/initiatives), with only superficial rewording of the term ""campaigns"" to ""initiatives""."
What campaigns have been associated with TrickBot and TinyTurla operations?,What are the known campaigns connected to TrickBot and TinyTurla?,False,False,False,False,False,False,False,False,EQUIVALENT,Both questions ask about the same relationship (connected/associated) between the same entities (TrickBot and TinyTurla) and the same type of information (campaigns).
What methods does Custom Command and Control Protocol utilize to evade detection by security software and systems?,How does Custom Command and Control Protocol manage to evade the detection of security systems and software?,False,False,False,False,False,False,False,False,EQUIVALENT,"Both questions ask about the same entity (Custom Command and Control Protocol) and its relationship (evading detection) with the same scope, with only minor changes in wording."
What methods do malicious actors use to successfully breach or penetrate security systems and defenses through Malicious Web Content?,How does Malicious Web Content manage to breach or penetrate security systems and defenses?,False,False,False,False,False,False,False,False,NOT_EQUIVALENT,"The paraphrased question introduces the entity ""malicious actors"" which is not present in the original question, changing the focus from the method of breach to the actors performing the breach."
What is typically sought to be undermined through Compromise Software Supply Chain?,What is the ultimate target of Compromise Software Supply Chain?,False,False,False,False,False,False,False,False,NOT_EQUIVALENT,"The paraphrased question changes the relationship being asked about, from ""target"" to ""undermined"", which implies a different intent or consequence."
What methods enable Modify cached executable code to avoid being detected and protected?,In what ways is Modify cached executable code able to evade detection and protection?,False,False,False,False,False,False,False,False,EQUIVALENT,"Both questions ask about the same entity (""Modify cached executable code"") and the same relationship (""ways/methods to evade detection and protection""), with only minor changes in wording."
What security measures can Container and Resource Discovery potentially evade or bypass?,What defenses can Container and Resource Discovery evade or circumvent?,False,False,False,False,False,False,False,False,EQUIVALENT,"Both questions ask about the same entities (Container and Resource Discovery) and the same relationship (evading or circumventing defenses/security measures), with only minor changes in wording."
What countermeasures fail to mitigate the vulnerability associated with Create Process with Token?,What countermeasures are ineffective against Create Process with Token?,False,False,False,False,False,False,False,False,EQUIVALENT,"Both questions ask about ineffective countermeasures against the same entity (""Create Process with Token"") and the same relationship (""vulnerability"" or ""countermeasures""), with the paraphrased version using more formal language."
Which security measures are susceptible to the PubPrn vulnerability?,What security measures are vulnerable to PubPrn?,False,False,False,False,False,False,False,False,EQUIVALENT,"Both questions ask about the same relationship between the same entities (security measures) and the same vulnerability (PubPrn), with only superficial rewording of the verb and noun."
What is the primary purpose of Re-opened Applications?,What is the main intention of a Re-opened Applications?,False,False,False,False,False,False,False,False,EQUIVALENT,"Both questions ask about the main or primary purpose of Re-opened Applications, with the only difference being the wording of ""intention"" and ""purpose""."
What mechanisms can malware use to evade or bypass the Prevent Application Removal defenses?,What defenses can Prevent Application Removal evade or circumvent?,False,False,False,False,False,False,False,False,NOT_EQUIVALENT,"The paraphrased question introduces a new entity (""malware"") and changes the relationship, asking about the mechanisms used by malware rather than the defenses being evaded."
What techniques are employed by Active Scanning to avoid being detected by security systems and software?,How does Active Scanning manage to evade the detection of security systems and software?,False,False,False,False,False,False,False,False,EQUIVALENT,"Both questions ask about the same relationship (Active Scanning's methods to evade detection) and the same entity (Active Scanning), with the paraphrased version rewording the question to focus on the techniques used."
What tactics do System Binary Proxy Execution techniques typically employ to circumvent the defenses of security systems?,Can you describe the methods by which System Binary Proxy Execution evades the defenses of security systems?,False,False,False,False,False,False,False,False,EQUIVALENT,"Both questions ask about the methods or tactics used by System Binary Proxy Execution to evade security systems' defenses, with the only difference being in the wording of ""describe"" and ""employ""."
What is the primary purpose of Application Deployment Software?,What is the intention behind Application Deployment Software?,False,False,False,False,False,False,False,False,EQUIVALENT,"Both questions ask about the main purpose or intention of Application Deployment Software, with the paraphrased version using a more formal and specific term (""primary purpose"") to convey the same meaning."
What security measures are vulnerable to being circumvented through Boot or Logon Autostart Execution?,Which defense strategies can be evaded by Boot or Logon Autostart Execution?,False,False,False,False,False,False,False,False,EQUIVALENT,Both questions ask about the same entities (defense strategies or security measures) and the same relationship (being evaded or vulnerable to being circumvented) through the same mechanism (Boot or Logon Autostart Execution).
What primary target does Clear Mailbox Data attacks typically focus on?,Which platform serves as the primary focus for Clear Mailbox Data attacks?,False,False,False,False,False,False,False,False,EQUIVALENT,"Both questions ask about the primary focus of Clear Mailbox Data attacks, with the only difference being superficial rewording of the phrase ""platform"" and ""primary target""."
What is the primary purpose of the Login Item?,What is the main objective of Login Item?,False,False,False,False,False,False,False,False,EQUIVALENT,"Both questions ask about the main or primary purpose of the same entity, ""Login Item"", with the only difference being the wording of ""main objective"" and ""primary purpose""."
What methods do adversaries use to evade detection by defenses within the Modify Controller Tasking framework?,How does Modify Controller Tasking manage to evade detection by defenses?,False,False,False,False,False,False,False,False,NOT_EQUIVALENT,"The paraphrased question introduces the term ""adversaries"" and ""framework"", which are not present in the original question, changing the scope and entities involved."
What strategies does Prevent Application Removal employ to avoid being detected by security systems and software?,How does Prevent Application Removal manage to evade the detection of security systems and software?,False,False,False,False,False,False,False,False,EQUIVALENT,"Both questions ask about the same strategies employed by Prevent Application Removal to avoid detection, with the only difference being in the wording of the verb ""evade"" and ""employ to avoid""."
What is the primary purpose of Data from Removable Media?,What is the main objective of Data from Removable Media?,False,False,False,False,False,False,False,False,EQUIVALENT,"Both questions ask about the main or primary purpose of the same entity, Data from Removable Media, with no change in the relationship or scope."
What is the central target of Sharepoint exploitation efforts?,Which platform serves as the primary focus for Sharepoint attacks?,False,False,False,False,False,False,False,False,EQUIVALENT,"Both questions ask about the central or primary focus of Sharepoint attacks, with the paraphrased version using different wording to convey the same meaning."
What security measures are vulnerable to Point & Tag Identification?,What defensive techniques can be compromised by Point & Tag Identification?,False,False,False,False,False,False,False,False,EQUIVALENT,"Both questions ask about the same relationship between Point & Tag Identification and defensive techniques/security measures, with the only difference being superficial rewording of the concept."
What tactics does Local Email Collection employ to avoid being detected by security systems?,What strategies does Local Email Collection use to evade security defenses and remain undetected?,False,False,False,False,False,False,False,False,EQUIVALENT,"Both questions ask about the same strategies/tactics used by Local Email Collection and their goal of remaining undetected, with the only difference being minor rewording of the verb and noun."
What security measures are ineffective against SIP and Trust Provider Hijacking?,What security measures are unable to prevent SIP and Trust Provider Hijacking?,False,False,False,False,False,False,False,False,EQUIVALENT,"Both questions ask about the same security measures and the same type of attack, with the only difference being the wording of ""unable to prevent"" vs ""ineffective against""."
What methods does Access Sensitive Data in Device Logs employ to remain active and avoid being detected?,What techniques does Access Sensitive Data in Device Logs use to evade detection and remain active?,False,False,False,False,False,False,False,False,EQUIVALENT,Both questions ask about the same techniques used by the same entity (Access Sensitive Data in Device Logs) to achieve the same goal (remaining active) while avoiding the same constraint (detection).
What is the purpose of XDG Autostart Entries?,What is the intention behind XDG Autostart Entries?,False,False,False,False,False,False,False,False,EQUIVALENT,"Both questions ask about the same entity (XDG Autostart Entries) and the same aspect (intention or purpose), with only superficial rewording of the verb."
What is the purpose of Password Policy Discovery?,What is the intention behind Password Policy Discovery?,False,False,False,False,False,False,False,False,EQUIVALENT,"Both questions ask about the same underlying purpose or intention of Password Policy Discovery, with the only difference being the wording of ""intention"" and ""purpose""."
What is the purpose behind Malicious or Vulnerable Built-in Device Functionality?,What is the intention behind Malicious or Vulnerable Built-in Device Functionality?,False,False,False,False,False,False,False,False,EQUIVALENT,"Both questions ask about the same intention or purpose of Malicious or Vulnerable Built-in Device Functionality, with the only difference being the verb ""is"" vs. ""is"" and ""behind"" vs. ""behind"", which do not change the meaning."
What is the function of Additional Cloud Credentials?,What is the purpose of Additional Cloud Credentials?,False,False,False,False,False,False,False,False,EQUIVALENT,"Both questions ask about the same entity (Additional Cloud Credentials) and the same relationship (purpose or function), with only a minor change in wording."
What types of security controls are vulnerable to exploitation via the InstallUtil utility?,Which security controls are susceptible to InstallUtil?,False,False,False,False,False,False,False,False,EQUIVALENT,"Both questions ask about the same relationship between security controls and the InstallUtil utility, with the only difference being superficial rewording of the concept of ""susceptible"" as ""vulnerable to exploitation""."
On which system is Event Triggered Execution typically deployed or carried out?,On which platform is Event Triggered Execution  typically deployed or executed?,False,False,False,False,False,False,False,False,EQUIVALENT,"Both questions ask about the deployment or execution of the same concept, Event Triggered Execution, with the only difference being a superficial change in the word ""platform"" to ""system""."
What is the primary purpose of Execution Guardrails?,What is the main intention of a Execution Guardrails?,False,False,False,False,False,False,False,False,EQUIVALENT,"Both questions ask about the main or primary purpose of Execution Guardrails, with the only difference being the wording of ""intention"" and ""purpose""."
What is the intended function of Insecure Third-Party Libraries?,What is the purpose of Insecure Third-Party Libraries?,False,False,False,False,False,False,False,False,EQUIVALENT,"Both questions ask about the purpose or function of Insecure Third-Party Libraries, with the only difference being the choice of words ""purpose"" and ""function""."
What is the purpose of the Trusted Developer Utilities?,What is the intention behind Trusted Developer Utilities?,False,False,False,False,False,False,False,False,EQUIVALENT,Both questions ask about the same entity (Trusted Developer Utilities) and the same aspect (its intention or purpose).
What methods does Data Encrypted for Impact utilize to avoid detection and persist on a system?,What techniques does Data Encrypted for Impact use to evade detection and remain active?,False,False,False,False,False,False,False,False,EQUIVALENT,"Both questions ask about the same entity (Data Encrypted for Impact) and its methods to remain active, with the only difference being in the wording of ""evade detection"" and ""avoid detection"" and ""remain active"" and ""persist on a system""."
What techniques does Compromise Software Supply Chain utilize to bypass security defenses?,What methods does Compromise Software Supply Chain employ to evade security defenses?,False,False,False,False,False,False,False,False,EQUIVALENT,"Both questions ask about the same entity (Compromise Software Supply Chain) and the same relationship (methods/techniques used to evade/bypass security defenses), with only minor changes in wording."
What methods does Exfiltration Over Webhook utilize to bypass detection and maintain persistence?,What techniques does Exfiltration Over Webhook use to evade detection and remain active?,False,False,False,False,False,False,False,False,EQUIVALENT,"Both questions ask about the same techniques used by Exfiltration Over Webhook, with the only difference being in the wording of ""evade detection"" vs. ""bypass detection"" and ""remain active"" vs. ""maintain persistence"", which do not change the entities or relationship being asked about."
What is the purpose behind the concept of Fileless Storage?,What is the intention behind Fileless Storage?,False,False,False,False,False,False,False,False,EQUIVALENT,"Both questions ask about the underlying purpose or intention of Fileless Storage, with the paraphrased version using a more formal and technical term ""concept""."
What methods do attackers utilize to successfully penetrate security systems using Dynamic-link Library Injection?,How does Dynamic-link Library Injection manage to breach or penetrate security systems and defenses?,False,False,False,False,False,False,False,False,NOT_EQUIVALENT,"The paraphrased question changes the focus from ""how"" DLL Injection breaches security systems to ""what methods"" attackers use to penetrate them, altering the scope and perspective of the question."
What Confluence features or functionalities might be vulnerable to exploitation by attackers?,What defensive techniques can be compromised by Confluence?,False,False,False,False,False,False,False,False,EQUIVALENT,"Both questions ask about the same relationship (techniques being compromised) and entities (Confluence), with the paraphrased version using different wording to describe the same concept."
What security protocols or measures might Stored Application Data potentially compromise or erode?,What security protocols or measures can Stored Application Data compromise or undermine?,False,False,False,False,False,False,False,False,EQUIVALENT,"Both questions ask about the potential impact of Stored Application Data on security protocols or measures, with the only difference being the words ""compromise"" and ""erode"", which have similar meanings in this context."
What is the purpose behind Deobfuscate/Decode Files or Information?,What is the intention behind Deobfuscate/Decode Files or Information?,False,False,False,False,False,False,False,False,EQUIVALENT,"Both questions ask about the same intention or purpose of the same action, with the same entities and relationship, differing only in verb choice."
What countermeasures are ineffectual against the AppDomainManager?,What countermeasures are ineffective against AppDomainManager?,False,False,False,False,False,False,False,False,EQUIVALENT,"Both questions ask about the same entity (AppDomainManager) and the same relationship (ineffectiveness of countermeasures), with only minor surface-level wording changes."
What methods do malicious actors employ to remain hidden using Data from Information Repositories?,What strategies does Data from Information Repositories use to evade security defenses and remain undetected?,False,False,False,False,False,False,False,False,NOT_EQUIVALENT,"The paraphrased question changes the actor's role from ""Data from Information Repositories"" to ""malicious actors"", altering the relationship and scope of the question."
What methods does the WHOIS protocol employ to bypass security systems and avoid detection?,What strategies does WHOIS use to evade security defenses and remain undetected?,False,False,False,False,False,False,False,False,EQUIVALENT,"Both questions ask about the same entity (WHOIS) and its relationship (evading security defenses or bypassing security systems), with the only difference being superficial rewording of the verbs and adjectives."
How do security systems fail to detect Exfiltration to Code Repository tactics?,Can you explain how Exfiltration to Code Repository evades detection by security systems?,False,False,False,False,False,False,False,False,NOT_EQUIVALENT,"The paraphrased question changes the focus from explaining how the tactic evades detection to how security systems fail to detect the tactic, implying a shift from the original's emphasis on the evasion mechanism to the security systems' limitations."
"What methods does the ""Use Alternate Authentication Material"" technique employ to avoid detection and sustain its operational presence?",What techniques does Use Alternate Authentication Material use to evade detection and remain active?,False,False,False,False,False,False,False,False,EQUIVALENT,"Both questions ask about the same technique's methods to avoid detection and remain active, with the only difference being minor rewording of the technique's name and the verbs used."
What techniques does Keychain employ to avoid being detected by security systems and software?,How does Keychain manage to evade the detection of security systems and software?,False,False,False,False,False,False,False,False,EQUIVALENT,"Both questions ask about the same entity (Keychain) and its relationship (evading or avoiding detection) with the same scope, with the only difference being superficial rewording of the verb and phrase."
How do threat actors utilize the tactic of Generate Traffic from Victim to evade detection by security systems?,Can you explain how Generate Traffic from Victim evades detection by security systems?,False,False,False,False,False,False,False,False,EQUIVALENT,"Both questions ask about the same tactic (Generate Traffic from Victim) and its effect (evasion of detection by security systems), with the only difference being superficial rewording of the question."
What techniques does Remote File Copy employ to avoid being detected by security systems?,Can you explain how Remote File Copy evades detection by security systems?,False,False,False,False,False,False,False,False,EQUIVALENT,"Both questions ask about the same relationship (techniques used by Remote File Copy) and the same entity (Remote File Copy), with the only difference being superficial rewording of the verb phrase."
What methods do threat actors employ to remain undetected by antivirus software when engaging in SIP and Trust Provider Hijacking?,How does SIP and Trust Provider Hijacking successfully evade detection by antivirus software?,False,False,False,False,False,False,False,False,NOT_EQUIVALENT,"The paraphrased question introduces the term ""threat actors"" which implies a specific actor performing the hijacking, whereas the original question is more neutral and focuses on the hijacking method itself."
What is the objective of an attacker's use of Local Network Connections Discovery?,What does an attacker seek to accomplish with Local Network Connections Discovery?,False,False,False,False,False,False,False,False,EQUIVALENT,"Both questions ask about the purpose or goal of an attacker's use of Local Network Connections Discovery, with the same entity (attacker) and relationship (seeking to accomplish or objective)."
What is the main purpose of One-Way Communication?,What is the primary objective of a One-Way Communication?,False,False,False,False,False,False,False,False,EQUIVALENT,"Both questions ask about the main purpose of the same concept, One-Way Communication, with the only difference being the wording of ""primary objective"" and ""main purpose""."
What techniques do External Proxy use to avoid being detected by security software and systems?,How does External Proxy manage to evade the detection of security systems and software?,False,False,False,False,False,False,False,False,EQUIVALENT,"Both questions ask about the same entity (External Proxy) and its relationship with security systems and software, with the only difference being in the wording of the verbs ""evade"" and ""avoid""."
What is the purpose of At?,What is the intention behind At?,False,False,False,False,False,False,False,False,EQUIVALENT,"Both questions ask about the same entity (""At"") and its intention/purpose, with the only difference being a superficial rewording of the verb."
What is the primary purpose or intended use of a Virtual Private Server?,For which platform is Virtual Private Server primarily intended?,False,False,False,False,False,False,False,False,EQUIVALENT,"Both questions ask about the primary intended use of Virtual Private Server, with the paraphrased version rewording the question to make it more general and less specific."
What is the purpose behind the DCShadow malware?,What is the intention behind DCShadow?,False,False,False,False,False,False,False,False,EQUIVALENT,"Both questions ask about the same entity (DCShadow) and its intention/purpose, with the only difference being the wording of the question."
What techniques does the LSASS Driver employ to avoid detection by security systems?,What strategies does LSASS Driver use to evade security defenses and remain undetected?,False,False,False,False,False,False,False,False,EQUIVALENT,"Both questions ask about the same entity (LSASS Driver) and its methods to avoid detection by security systems, with only minor changes in wording."
What is the purpose of exploiting a File System Permissions Weakness?,What is the objective of an File System Permissions Weakness attack?,False,False,False,False,False,False,False,False,EQUIVALENT,"Both questions ask about the purpose or objective of exploiting a File System Permissions Weakness, with the only difference being in the wording of ""objective"" and ""purpose""."
How does the concept of Loss of Availability manage to remain undetected by antivirus software?,How does Loss of Availability successfully evade detection by antivirus software?,False,False,False,False,False,False,False,False,EQUIVALENT,"Both questions ask about the same relationship between Loss of Availability and antivirus software, with the paraphrased version using synonyms (""concept"" instead of ""Loss of Availability"") and a slightly different verb (""remain undetected"" vs. ""successfully evade detection"")."
What is the purpose of the function known as Screen Capture?,What is the intention behind Screen Capture?,False,False,False,False,False,False,False,False,EQUIVALENT,"Both questions ask about the same entity (""Screen Capture"") and its intention/purpose, with the paraphrased version using a more formal and descriptive phrase."
What security measures are ineffective against Data Compressed?,What security measures are unable to prevent Data Compressed?,False,False,False,False,False,False,False,False,EQUIVALENT,"Both questions ask about the same relationship between security measures and Data Compressed, with the only difference being the wording of ""prevent"" and ""ineffective against""."
What is the primary purpose of Data from Information Repositories?,What is the main intention of a Data from Information Repositories?,False,False,False,False,False,False,False,False,EQUIVALENT,"Both questions ask about the main or primary purpose of the same entity (Data from Information Repositories), with the only difference being the wording of ""intention"" and ""purpose""."
What is the primary goal of an exploitation of Native API vulnerabilities?,What is the objective of an Native API attack?,False,False,False,False,False,False,False,False,EQUIVALENT,"Both questions ask about the main purpose of exploiting Native API vulnerabilities, with the only difference being in the wording and the use of ""objective"" vs. ""primary goal""."
What is the main purpose of Loss of Protection?,What is the primary objective of a Loss of Protection?,False,False,False,False,False,False,False,False,EQUIVALENT,"Both questions ask about the main purpose of the same concept, ""Loss of Protection"", with the only difference being the wording of ""primary objective"" and ""main purpose""."
What vulnerabilities or weaknesses in system security does Process Injection specifically target or utilize?,What are the security weaknesses or vulnerabilities that Process Injection exploits or leverages?,False,False,False,False,False,False,False,False,EQUIVALENT,"Both questions ask about the same relationship between Process Injection and security weaknesses or vulnerabilities, with the only difference being in the wording and the order of the concepts."
What mechanisms does Event Triggered Execution utilize to evade detection and maintain persistence?,What techniques does Event Triggered Execution  use to evade detection and remain active?,False,False,False,False,False,False,False,False,EQUIVALENT,"Both questions ask about the same techniques or mechanisms used by Event Triggered Execution to evade detection, with the only difference being the words ""use"" and ""utilize"" and ""remain active"" and ""maintain persistence"", which do not change the meaning or the entities and relationship being asked about."
What techniques do security systems struggle to detect when faced with File System Logical Offsets?,Can you describe the methods by which File System Logical Offsets evades the defenses of security systems?,False,False,False,False,False,False,False,False,UNPARSEABLE,"The paraphrased question changes the focus from describing methods used by File System Logical Offsets to techniques that security systems struggle to detect, altering the relationship between the entities."
What protocol is being targeted by Exfiltration Over Unencrypted/Obfuscated Non-C2 Protocol in its ultimate goal?,What is the ultimate target of Exfiltration Over Unencrypted/Obfuscated Non-C2 Protocol?,False,False,False,False,False,False,False,False,NOT_EQUIVALENT,"The paraphrased question changes the relationship between the entities, asking about the protocol being targeted instead of the target of the protocol."
What tactics does an adversary utilize for Password Policy Discovery to avoid being detected by security measures?,How does Password Policy Discovery manage to evade detection by defenses?,False,False,False,False,False,False,False,False,NOT_EQUIVALENT,"The paraphrased question introduces an additional constraint (""security measures"") not present in the original question."
How do malicious actors utilize System Network Connections Discovery to circumvent the security measures of defense systems?,Can you describe the methods by which System Network Connections Discovery evades the defenses of security systems?,False,False,False,False,False,False,False,False,UNPARSEABLE,"The paraphrased question introduces the concept of ""malicious actors"" and ""circumvent"", which implies a different intent and relationship than the original question's neutral tone and focus on ""evades""."
What is the primary objective of Office Test?,What is the purpose of Office Test?,False,False,False,False,False,False,False,False,EQUIVALENT,"Both questions ask about the same purpose or objective of Office Test, with the only difference being a change in wording from ""purpose"" to ""primary objective""."
How does the malware utilize the Contact List to bypass security measures?,In what ways does Contact List evade the defenses put in place?,False,False,False,False,False,False,False,False,UNPARSEABLE,"The paraphrased question changes the relationship between the malware and the Contact List, implying the malware uses the Contact List to bypass security measures, whereas the original question asks how the Contact List evades the defenses."
What measures do Default Accounts employ to successfully penetrate or breach security systems and defenses?,How does Default Accounts manage to breach or penetrate security systems and defenses?,False,False,False,False,False,False,False,False,EQUIVALENT,"Both questions ask about the same relationship (Default Accounts' ability to breach security systems) and the same entities (Default Accounts), with only superficial rewording of the verbs and adverbs."
What are the alternate designations used for the Group5 entity?,What are the various names used to refer to the Group5 group?,False,False,False,False,False,False,False,False,EQUIVALENT,"Both questions ask about the names or designations used to refer to the same entity, Group5."
What techniques do Rootkits use to circumvent the defenses of security systems?,Can you describe the methods by which Rootkit evades the defenses of security systems?,False,False,False,False,False,False,False,False,EQUIVALENT,"Both questions ask about the methods or techniques used by Rootkits to evade or circumvent security systems' defenses, with the only difference being in the wording of the verbs ""evades"" and ""circumvent""."
How do attackers utilize HTML Smuggling to successfully evade security measures and compromise system defenses?,How does HTML Smuggling manage to breach or penetrate security systems and defenses?,False,False,False,False,False,False,False,False,EQUIVALENT,"Both questions ask about the same relationship (how attackers breach or evade security systems) and refer to the same entity (HTML Smuggling), with the paraphrased version using synonyms (utilize, successfully evade, compromise) for the original's verbs (manage, breach, penetrate)."
In what context is Utilize/Change Operating Mode primarily used?,For which platform is Utilize/Change Operating Mode primarily intended?,False,False,False,False,False,False,False,False,EQUIVALENT,"Both questions ask about the primary use of ""Utilize/Change Operating Mode"" without changing the entity or relationship."
What is the primary purpose of Port Monitors?,What is the main intention of a Port Monitors?,False,False,False,False,False,False,False,False,EQUIVALENT,"Both questions ask about the main or primary purpose of Port Monitors, with the only difference being the wording of ""intention"" and ""purpose""."
What methods do Insecure Third-Party Libraries employ to stay undetected and continue operating?,What techniques does Insecure Third-Party Libraries use to evade detection and remain active?,False,False,False,False,False,False,False,False,EQUIVALENT,"Both questions ask about the same techniques used by Insecure Third-Party Libraries, with the only difference being in the wording of ""evade detection"" and ""stay undetected"", which convey the same meaning."
What methods do attackers use to avoid being detected by security systems through ARP Cache Poisoning attacks?,Can you explain how ARP Cache Poisoning evades detection by security systems?,False,False,False,False,False,False,False,False,NOT_EQUIVALENT,"The paraphrased question changes the focus from explaining how ARP Cache Poisoning evades detection to asking about the methods attackers use to avoid detection, which alters the scope and relationship of the original question."
What kind of system is frequently targeted by malware that targets Domain Controller Authentication?,What type of platform is often compromised by Domain Controller Authentication malware?,False,False,False,False,False,False,False,False,EQUIVALENT,"Both questions ask about the same type of system being targeted by the same type of malware, with the only difference being in the wording of ""platform"" and ""system""."
What methods do Print Processors employ in order to avoid detection and sustain their operational presence?,What techniques does Print Processors use to evade detection and remain active?,False,False,False,False,False,False,False,False,EQUIVALENT,"Both questions ask about the same techniques used by Print Processors, with the same scope and relationship, but with superficially reworded wording and syntax."
What security features do adversaries exploit in Serverless environments?,What security features are bypassed by Serverless?,False,False,False,False,False,False,False,False,NOT_EQUIVALENT,"The paraphrased question changes the focus from the security features provided by Serverless to those exploited by adversaries, altering the scope and intent of the original question."
What techniques does Additional Cloud Roles employ to avoid detection by security systems and software?,How does Additional Cloud Roles manage to evade the detection of security systems and software?,False,False,False,False,False,False,False,False,EQUIVALENT,"Both questions ask about the same entity (Additional Cloud Roles) and its relationship (evading or avoiding detection) with the same scope, with the only difference being in the wording of the verbs."
What methods does the Safe Mode Boot employ to evade detection and continue its operation?,What techniques does Safe Mode Boot use to evade detection and remain active?,False,False,False,False,False,False,False,False,EQUIVALENT,"Both questions ask about the same techniques or methods used by Safe Mode Boot to evade detection, with the only difference being the verb ""use"" vs. ""employ"" and ""remain active"" vs. ""continue its operation"", which do not change the meaning or the entities involved."
What does the SNMP (MIB Dump) operation ultimately aim to reveal?,What is the ultimate target of SNMP (MIB Dump)?,False,False,False,False,False,False,False,False,EQUIVALENT,"Both questions ask about the same entity (SNMP MIB Dump) and its ultimate goal, with the paraphrased version rewording the verb and the phrase ""aim to reveal"" implying the same outcome as ""target""."
How do adversaries utilize Search Open Technical Databases to circumvent existing security measures?,In what ways does Search Open Technical Databases evade the defenses put in place?,False,False,False,False,False,False,False,False,NOT_EQUIVALENT,"The paraphrased question changes the relationship between the entities, shifting from ""Search Open Technical Databases"" evading defenses to ""adversaries"" utilizing it to circumvent security measures, implying a different actor and intent."
What techniques or strategies do malicious actors use to breach or penetrate security systems and defenses via Drive-by Target attacks?,How does Drive-by Target manage to breach or penetrate security systems and defenses?,False,False,False,False,False,False,False,False,NOT_EQUIVALENT,"The paraphrased question introduces the concept of ""malicious actors"" and ""techniques or strategies,"" which are not present in the original question, and also changes the focus from ""Drive-by Target"" to ""Drive-by Target attacks,"" potentially altering the scope of the question."
How does Autorun Image employ various tactics to stay undetected and maintain its active status?,What techniques does Autorun Image use to evade detection and remain active?,False,False,False,False,False,False,False,False,EQUIVALENT,"Both questions ask about the same techniques Autorun Image uses to evade detection and remain active, with the paraphrased version using synonyms for ""techniques"" and ""active"" and rephrasing the sentence structure."
What is Multi-hop Proxy primarily designed for?,What platform is Multi-hop Proxy specifically tailored for?,False,False,False,False,False,False,False,False,EQUIVALENT,"Both questions ask about the primary purpose or design of Multi-hop Proxy, with the same intended meaning and scope."
How do security systems fail to detect SSH Authorized Keys?,Can you explain how SSH Authorized Keys evades detection by security systems?,False,False,False,False,False,False,False,False,NOT_EQUIVALENT,"The paraphrased question changes the focus from the method of evasion (how SSH Authorized Keys ""evades"" detection) to the outcome of the security systems' inability to detect it."
What techniques does an attacker utilize to evade detection by antivirus software through Process Injection?,How does Process Injection successfully evade detection by antivirus software?,False,False,False,False,False,False,False,False,NOT_EQUIVALENT,"The paraphrased question introduces the term ""attacker"" which is not present in the original question, implying a changed entity and scope."
What is the main purpose behind implementing Redundant Access?,What is the primary goal of Redundant Access?,False,False,False,False,False,False,False,False,EQUIVALENT,"Both questions ask about the primary or main purpose of Redundant Access, with the paraphrased version using a more descriptive phrase to convey the same meaning."
What security measures are vulnerable to being bypassed or undermined by the Disable or Modify Cloud Firewall functionality?,What security measures does Disable or Modify Cloud Firewall manage to bypass or undermine?,False,False,False,False,False,False,False,False,NOT_EQUIVALENT,"The paraphrased question changes the focus from what the Disable or Modify Cloud Firewall ""manages"" to what it ""bypasses or undermines"", altering the relationship between the subject and the security measures."
What is the primary purpose of the KernelCallbackTable?,What is the main intention of a KernelCallbackTable?,False,False,False,False,False,False,False,False,EQUIVALENT,"Both questions ask about the main or primary purpose of the same entity, the KernelCallbackTable, with the only difference being superficial rewording of the phrase ""main intention"" and ""primary purpose""."
What techniques do IIS Components employ to avoid detection and bypass security measures?,What strategies does IIS Components use to evade security defenses and remain undetected?,False,False,False,False,False,False,False,False,EQUIVALENT,"Both questions ask about the same entity (IIS Components) and the same relationship (methods to evade or bypass security defenses), with only minor changes in wording."
What is the purpose of PubPrn?,What is the intention behind PubPrn?,False,False,False,False,False,False,False,False,EQUIVALENT,"Both questions ask about the same entity (PubPrn) and its purpose/intention, with the only difference being a change in verb wording (""intention"" vs. ""purpose"")."
What is the primary target of Hooking's intended use?,For which platform is Hooking primarily intended?,False,False,False,False,False,False,False,False,EQUIVALENT,"Both questions ask about the primary purpose or target of Hooking, with the paraphrased version rewording the intent in a different way."
What vulnerability is the Executable Installer File Permissions Weakness ultimately aimed at?,What is the ultimate target of Executable Installer File Permissions Weakness?,False,False,False,False,False,False,False,False,NOT_EQUIVALENT,"The paraphrased question changes the relationship between the weakness and the target, implying the weakness is ""aimed at"" the vulnerability, whereas the original question asks for the target of the weakness."
What methods do malicious actors use to avoid being detected by security systems when Weaken Encryption is employed?,Can you explain how Weaken Encryption evades detection by security systems?,False,False,False,False,False,False,False,False,NOT_EQUIVALENT,"The paraphrased question introduces a new constraint (""malicious actors"") and changes the focus from the method of evasion to the actors employing it."
What security measures can be vulnerable to exploitation via PowerShell?,What defensive techniques can be compromised by PowerShell?,False,False,False,False,False,False,False,False,EQUIVALENT,"Both questions ask about the same relationship between PowerShell and defensive techniques/security measures, with the only difference being superficial rewording of the concepts."
What platforms are commonly targeted by attacks utilizing Defacement malware?,What type of platform is often compromised by Defacement malware?,False,False,False,False,False,False,False,False,NOT_EQUIVALENT,"The paraphrased question changes the scope of the platforms targeted by Defacement malware, from a singular type to multiple platforms."
For what purpose is Scripting generally intended to be utilized?,What type of platform is Scripting typically designed for?,False,False,False,False,False,False,False,False,EQUIVALENT,"Both questions ask about the purpose or intended use of Scripting, with the paraphrased version rewording the original's wording but preserving the same meaning and scope."
What methods do attackers utilizing SMB/Windows Admin Shares employ to avoid being detected and sustain their presence?,What techniques does SMB/Windows Admin Shares use to evade detection and remain active?,False,False,False,False,False,False,False,False,EQUIVALENT,"Both questions ask about the same techniques used by attackers to evade detection and remain active, with the only difference being a change in verb tense and wording."
How do malicious actors exploit the existing Accessibility Features to bypass or evade security measures?,In what ways does Accessibility Features evade the defenses put in place?,False,False,False,False,False,False,False,False,UNPARSEABLE,"NOT_EQUIVALENT
The paraphrased question changes the relationship between Accessibility Features and the defenses, implying that the features are being exploited, whereas the original question asks abo"
What mechanisms does Gatekeeper Bypass employ to circumvent the detection of security software and systems?,How does Gatekeeper Bypass manage to evade the detection of security systems and software?,False,False,False,False,False,False,False,False,EQUIVALENT,"Both questions ask about the same entity (Gatekeeper Bypass) and its relationship (evading/circumventing detection) with security systems and software, with only minor changes in wording."
Which defense mechanisms are susceptible to being compromised through the exploitation of Manipulate App Store Rankings or Ratings?,What defense mechanisms are vulnerable to exploitation by Manipulate App Store Rankings or Ratings?,False,False,False,False,False,False,False,False,EQUIVALENT,"Both questions ask about the same defense mechanisms being exploited by the same entity (Manipulate App Store Rankings or Ratings), with the only difference being in the wording of ""vulnerable"" and ""susceptible to being compromised""."
What techniques does Junk Data utilize to bypass security measures?,What methods does Junk Data employ to evade security defenses?,False,False,False,False,False,False,False,False,EQUIVALENT,"Both questions ask about the same entity (Junk Data) and its relationship (methods/techniques to evade/bypass security defenses), with only minor changes in wording."
What does DNS/Passive DNS ultimately aim to identify or track?,What is the ultimate target of DNS/Passive DNS?,False,False,False,False,False,False,False,False,EQUIVALENT,"Both questions ask about the same ultimate goal of DNS/Passive DNS, with the paraphrased version using different wording to convey the same meaning."
What techniques does Asynchronous Procedure Call utilize to circumvent security systems?,What methods does Asynchronous Procedure Call employ to evade security defenses?,False,False,False,False,False,False,False,False,EQUIVALENT,"Both questions ask about the same entity (Asynchronous Procedure Call) and its relationship (methods/techniques used to evade/circumvent security defenses), with the only difference being superficial rewording of the verbs ""employ"" and ""utilize"", and ""security defenses"" and ""security systems""."
Which defense mechanisms can be compromised by JavaScript exploits?,What defense mechanisms are vulnerable to exploitation by JavaScript?,False,False,False,False,False,False,False,False,EQUIVALENT,"Both questions ask about defense mechanisms that can be compromised by JavaScript, with the only difference being in the wording of ""exploitation"" and ""compromised by exploits""."
What is the purpose of a Domain Account?,What is the intention behind Domain Account?,False,False,False,False,False,False,False,False,EQUIVALENT,"Both questions ask about the same entity (Domain Account) and its purpose/intention, with only minor rewording of the phrase."
What security defense evasion techniques are used by an Internet Accessible Device?,What methods does Internet Accessible Device employ to evade security defenses?,False,False,False,False,False,False,False,False,EQUIVALENT,"Both questions ask about the same entity (Internet Accessible Device) and its relationship (employing techniques to evade security defenses), with only superficial rewording of the verb and noun phrases."
What platforms are frequently targeted by malware that leverages the Cloud Instance Metadata API?,What type of platform is often compromised by Cloud Instance Metadata API malware?,False,False,False,False,False,False,False,False,NOT_EQUIVALENT,"The paraphrased question introduces a change in scope by using ""platforms"" (plural) instead of ""platform"" (singular) and ""frequently targeted"" instead of ""often compromised"", which may alter the intended meaning."
What is the primary focus area of Peirates concentrated on?,What platform does Peirates have its core focus on?,False,False,False,False,False,False,False,False,EQUIVALENT,"Both questions ask about the primary focus of Peirates, using similar wording and structure."
What is the primary purpose of Data Staged?,What is the main objective of Data Staged?,False,False,False,False,False,False,False,False,EQUIVALENT,"Both questions ask about the main or primary purpose of Data Staged, with the same intended meaning and scope."
When did the 2016 Ukraine Electric Power Attack take place?,At what point in time did 2016 Ukraine Electric Power Attack last occur?,False,False,False,False,False,False,False,False,EQUIVALENT,"Both questions ask about the same event (2016 Ukraine Electric Power Attack) and the same aspect (time of occurrence), with only minor changes in wording."
What defensive techniques are vulnerable to a Data Historian Compromise?,What defensive techniques can be compromised by Data Historian Compromise?,False,False,False,False,False,False,False,False,EQUIVALENT,"Both questions ask about the same relationship between Data Historian Compromise and defensive techniques, with the only difference being superficial rewording."
What security measures can Malware evade or bypass through?,What are the security controls or measures that Malware can bypass or evade?,False,False,False,False,False,False,False,False,NOT_EQUIVALENT,"The paraphrased question changes the focus from ""security controls or measures"" to ""security measures"", implying a shift from a broader scope of security controls to a narrower scope of security measures, which may not capture the full intent of the original question."
What is the purpose of an External Remote Services attack?,What is the objective of an External Remote Services attack?,False,False,False,False,False,False,False,False,EQUIVALENT,"Both questions ask about the same objective/purpose of an External Remote Services attack, with the only difference being the verb used (""objective"" vs. ""purpose"")."
What defense mechanisms are vulnerable to Malicious Shell Modification?,Which defense strategies can be evaded by Malicious Shell Modification?,False,False,False,False,False,False,False,False,EQUIVALENT,"Both questions ask about the same relationship between Malicious Shell Modification and defense strategies/mechanisms, with the only difference being superficial rewording of the noun."
Which countermeasures fail to be effective against the Authentication Package?,What countermeasures are ineffective against Authentication Package?,False,False,False,False,False,False,False,False,EQUIVALENT,"Both questions ask about ineffective countermeasures against the same entity, ""Authentication Package"", with the same scope and relationship."
What methods does Environmental Keying utilize to avoid being detected and sustain its malicious presence?,What techniques does Environmental Keying use to evade detection and remain active?,False,False,False,False,False,False,False,False,EQUIVALENT,"Both questions ask about the same techniques used by Environmental Keying, with the same scope and intent, despite minor differences in wording."
What is the core objective of Symmetric Cryptography?,What is the primary goal of Symmetric Cryptography?,False,False,False,False,False,False,False,False,EQUIVALENT,Both questions ask about the main purpose of Symmetric Cryptography without changing the entity or relationship.
What attack pattern is utilized by the Ginp?,What type of attack pattern does the Ginp employ?,False,False,False,False,False,False,False,False,EQUIVALENT,"Both questions ask about the same attack pattern and entity (Ginp), with the only difference being superficial rewording of the verb."
How might operating on Windows Registers contribute to preventing the dissemination of the Cerberus attack pattern?,In what way can the course of action that involves operating on Windows Registers help to prevent the spread of Cerberus and its associated attack pattern?,False,False,False,False,False,False,False,False,UNPARSEABLE,"The paraphrased question changes the verb ""prevent"" to ""contribute to preventing"" and the noun ""spread"" to ""dissemination"", but more importantly, it changes the entity ""course of action"" to ""operating on Windows Registers"", which is a specific part of the course of action, potentially altering the scope of the question."
How does the malware associated with the American campaigns attributed to Ajax Security Team execute its malicious operations?,In what way does the malware used in American campaigns attributed to Ajax Security Team conduct its attack?,False,False,False,False,False,False,False,False,EQUIVALENT,"Both questions ask about the same relationship (how the malware conducts its attack) and refer to the same entities (the malware and Ajax Security Team), with the only difference being superficial rewording of the attack's nature (used ""conduct its attack"" vs. ""execute its malicious operations"")."
What course of action targets Windows Registers and mitigates an attack pattern associated with the presence of DCSrv?,"What attack pattern is mitigated by the course of action that targets Windows Registers, and is associated with the presence of DCSrv?",False,False,False,False,False,False,False,False,EQUIVALENT,"Both questions ask about the same attack pattern and its mitigation, with the same entities (Windows Registers and DCSrv) and relationship, just with a slight rewording of the sentence structure."
What action taken on Windows Registers could potentially prevent the OSX/Shlayer attack pattern from unfolding?,How can the course of action that involves operating on Windows Registers help to prevent the attack pattern associated with OSX/Shlayer?,False,False,False,False,False,False,False,False,UNPARSEABLE,"The paraphrased question changes the verb tense and phrase structure, but more importantly, it shifts the focus from ""helping to prevent"" to ""potentially preventing"", which implies a different scope and relationship between the action and the attack pattern."
What types of attack patterns are typically utilized by Dendroid to disperse and compromise systems?,What kind of attack pattern is commonly used by Dendroid to spread and infect systems?,False,False,False,False,False,False,False,False,EQUIVALENT,"Both questions ask about the same attack pattern used by Dendroid, with the only difference being in the verb choice (""spread and infect"" vs. ""disperse and compromise"") and the phrase ""to"" vs. ""to"" which does not change the meaning."
What methods are typically used by malicious software to obtain unauthorized access to users' bank account information?,How do malware programs steal bank account details?,False,False,False,False,False,False,False,False,EQUIVALENT,"Both questions ask about the methods used by malware to access bank account information, with the paraphrased version using more formal and technical language."
What attack pattern is typically linked to the exploitation of DEATHRANSOM malware?,What is the attack pattern associated with DEATHRANSOM tools?,False,False,False,False,False,False,False,False,EQUIVALENT,"Both questions ask about the same attack pattern associated with the same entity (DEATHRANSOM), with the only difference being superficial rewording."
What type of attack pattern is typically employed by DRATzarus?,Which attack pattern does DRATzarus usually utilize?,False,False,False,False,False,False,False,False,EQUIVALENT,"Both questions ask about the type of attack pattern associated with DRATzarus, with the only difference being superficial rewording."
What malicious tactics does the WastedLocker employ to execute its operations?,What kind of attack pattern does the WastedLocker use to carry out its malicious activities?,False,False,False,False,False,False,False,False,EQUIVALENT,"Both questions ask about the same attack pattern or tactics used by WastedLocker, with the only difference being in the wording of ""attack pattern"" and ""malicious tactics""."
What malware technique is utilized by the malware in American campaigns associated with the Chimera threat actor?,What attack technique does the malware employed in American campaigns attributed to Chimera utilize?,False,False,False,False,False,False,False,False,EQUIVALENT,"Both questions ask about the same malware technique used by the same entity (malware) in the same context (American campaigns), with the same relationship (utilize), and refer to the same entity (Chimera), just with slightly different wording."
What domains did the perpetrators of Operation Wocao use malware for launching their DDoS attacks against?,What domains did the group behind Operation Wocao target with their DDoS attacks using malware?,False,False,False,False,False,False,False,False,EQUIVALENT,"Both questions ask about the same entities (Operation Wocao group) and the same relationship (targeting domains with DDoS attacks using malware), with only minor changes in wording."
What are the malicious tactics employed by the Woody RAT to conduct its cyber attacks?,What kind of attack pattern does the Woody RAT use to carry out its malicious activities?,False,False,False,False,False,False,False,False,EQUIVALENT,"Both questions ask about the same attack pattern or tactics used by the Woody RAT, with the only difference being in the wording of ""attack pattern"" and ""malicious tactics""."
What malicious activities does the OopsIE execute by employing its attack pattern?,What kind of attack pattern does the OopsIE use to carry out its malicious activities?,False,False,False,False,False,False,False,False,EQUIVALENT,"Both questions ask about the same relationship between the OopsIE and its malicious activities, with the only difference being a change in verb tense and word order."
How can taking control of Windows Registers impact the dissemination of Pisloader and its affiliated malicious tactics?,In what way can the course of action that involves operating on Windows Registers help to prevent the spread of Pisloader and its associated attack pattern?,False,False,False,False,False,False,False,False,UNPARSEABLE,"The paraphrased question changes the relationship between the action and the entities, from ""help to prevent"" to ""impact the dissemination"", and introduces an ambiguity with ""affiliated malicious tactics"" which is not present in the original."
What tool is primarily linked to the attack pattern employed by Kinsing?,What is the primary attack pattern associated with the tool employed by the Kinsing?,False,False,False,False,False,False,False,False,NOT_EQUIVALENT,"The paraphrased question changes the relationship between the tool and the attack pattern, asking what is ""primarily linked to"" instead of what is ""associated with"", and also changes the order of the entities."
What attack pattern is typically employed by the entity known as Hi-Zor?,Which attack pattern does Hi-Zor usually utilize?,False,False,False,False,False,False,False,False,EQUIVALENT,"Both questions ask about the same attack pattern utilized by the same entity, Hi-Zor, with the only difference being superficial rewording."
How does the modular backdoor's behavior contribute to the objectives of a Patchwork campaign?,What is the role of a modular backdoor's behavior in facilitating the goals of a Patchwork campaign?,False,False,False,False,False,False,False,False,EQUIVALENT,"Both questions ask about the same relationship between the modular backdoor's behavior and the objectives of a Patchwork campaign, with the only difference being superficial rewording of the verb and noun phrases."
What kind of attack pattern is utilized by the Briba?,What type of attack pattern does the Briba employ?,False,False,False,False,False,False,False,False,EQUIVALENT,"Both questions ask about the same type of attack pattern and the same entity (Briba), with the only difference being superficial rewording of ""type"" and ""kind""."
What are the implications of a modular backdoor within the scope of a Mofang operation?,What effects do the actions of a modular backdoor have in the context of a Mofang campaign?,False,False,False,False,False,False,False,False,EQUIVALENT,"Both questions ask about the same relationship (effects/implications) between the same entity (modular backdoor) and the same context (Mofang campaign/operation), with the only difference being superficial rewording."
"What type of attack pattern can be thwarted by a course of action centered on manipulating Windows Registers, particularly in the context of Pillowmint?","What type of attack pattern can be prevented by the course of action that involves operating on Windows Registers, specifically in relation to Pillowmint?",False,False,False,False,False,False,False,False,EQUIVALENT,"Both questions ask about the same type of attack pattern and the same course of action (operating on Windows Registers) in relation to the same entity (Pillowmint), with only minor changes in wording."
What methods can be used to prevent and mitigate the malware tactics employed by the groups associated with C0011?,How can we prevent and remediate the malware methods employed by groups involved in C0011?,False,False,False,False,False,False,False,False,EQUIVALENT,"Both questions ask about the same methods to prevent and address the malware tactics of groups associated with C0011, with the only difference being minor rewording of ""malware methods"" to ""malware tactics"" and ""remediate"" to ""mitigate"", and ""involved"" to ""associated""."
What type of attack pattern can be thwarted by a course of action that involves manipulating Windows Registers in relation to X-Agent?,"What type of attack pattern can be prevented by the course of action that involves operating on Windows Registers, specifically in relation to X-Agent?",False,False,False,False,False,False,False,False,EQUIVALENT,"Both questions ask about the same type of attack pattern and the same course of action involving Windows Registers in relation to X-Agent, with only minor changes in wording."
What kind of malware technique does SodaMaster usually use to compromise computer systems?,What type of attack does SodaMaster typically employ to infect systems?,False,False,False,False,False,False,False,False,EQUIVALENT,"Both questions ask about the same type of attack or technique employed by SodaMaster, with the only difference being superficial rewording of the term ""attack"" to ""malware technique"" and ""infect"" to ""compromise""."
What course of action operating on Windows Registers is specifically related to mitigating the DustySky attack pattern?,"What attack pattern is mitigated by the course of action that operates on Windows Registers, and is specifically related to DustySky?",False,False,False,False,False,False,False,False,EQUIVALENT,"Both questions ask about the same attack pattern (DustySky) and the same course of action (operating on Windows Registers), with the only difference being a superficial rewording of the question's purpose."
What Windows Registers-related mitigation action is associated with the presence of GravityRAT malware?,"What attack pattern is mitigated by the course of action that targets Windows Registers, and is associated with the presence of GravityRAT?",False,False,False,False,False,False,False,False,NOT_EQUIVALENT,"The paraphrased question changes the relationship between the attack pattern and the mitigation action, and also drops the specific mention of the attack pattern itself."
What steps can be taken to prevent the FALLCHILL attack pattern by utilizing operations on Windows Registers?,How can the course of action that involves operating on Windows Registers help to prevent the attack pattern associated with FALLCHILL?,False,False,False,False,False,False,False,False,EQUIVALENT,"Both questions ask about the same relationship between the same entities (course of action, FALLCHILL attack pattern, and Windows Registers), with the only difference being superficial rewording."
What impact do the characteristics of a modular backdoor have on the unfolding of an ALLANITE operation?,How do the behaviors of a modular backdoor influence the progression of a ALLANITE campaign?,False,False,False,False,False,False,False,False,EQUIVALENT,"Both questions ask about the same relationship between the characteristics of a modular backdoor and the progression/unfolding of an ALLANITE campaign, with the only difference being superficial rewording of the terms ""influence"" and ""impact"", and ""campaign"" and ""operation""."
"What key component is central to the attack pattern characterized by the use of PowerShell scripts, a notable hallmark of Gelsemium?","What asset is at the center of the attack pattern that utilizes PowerShell scripts, a distinguishing feature of the Gelsemium?",False,False,False,False,False,False,False,False,EQUIVALENT,"Both questions ask about the central asset of an attack pattern associated with PowerShell scripts and Gelsemium, with the only difference being superficial rewording of the key term ""distinguishing feature"" to ""notable hallmark""."
What actions would a modular backdoor's presence entail within a HAFNIUM campaign?,What are the consequences of a modular backdoor's actions within a HAFNIUM campaign?,False,False,False,False,False,False,False,False,EQUIVALENT,"Both questions ask about the same relationship (consequences/actions) between the same entity (modular backdoor) and the same context (HAFNIUM campaign), with only minor rewording."
What systems is SPACESHIP primarily known to compromise using a particular attack pattern?,What is the primary attack pattern used by SPACESHIP to compromise systems?,False,False,False,False,False,False,False,False,NOT_EQUIVALENT,"The paraphrased question changes the scope of the query from the attack pattern used by SPACESHIP to the systems compromised by it, altering the relationship between the entities."
What method of attack is commonly associated with the actions of Amadey?,What type of attack does Amadey typically employ to infect systems?,False,False,False,False,False,False,False,False,NOT_EQUIVALENT,"The paraphrased question changes the wording of ""infect systems"" to ""actions of Amadey"", which implies a different scope and relationship, suggesting Amadey's actions in general rather than its method of attack."
What kind of attack pattern does BADFLICK utilize?,What type of attack pattern does the BADFLICK employ?,False,False,False,False,False,False,False,False,EQUIVALENT,"Both questions ask about the same attack pattern and entity (BADFLICK), with the only difference being superficial rewording of ""type"" and ""kind""."
What type of attack pattern is commonly employed by Carbon to spread malware and infect systems?,What kind of attack pattern is commonly used by Carbon to spread and infect systems?,False,False,False,False,False,False,False,False,EQUIVALENT,"Both questions ask about the same attack pattern used by Carbon to infect systems, with the only difference being the wording of ""spread"" and ""spread malware""."
"What attack pattern is typically associated with the malware employed by the Bouncing Golf group in American campaigns, and what are the specifics of its tactics?","What attack pattern is commonly linked to the malware used in American campaigns attributed to the Bouncing Golf group, and how does",False,False,False,False,False,False,False,False,EQUIVALENT,"Both questions ask about the same attack pattern and malware used by the Bouncing Golf group in American campaigns, with the only difference being minor rewording of the question's structure and wording."
What techniques does CARROTBAT usually utilize to compromise systems?,What type of attack does CARROTBAT typically employ to infect systems?,False,False,False,False,False,False,False,False,EQUIVALENT,"Both questions ask about the same type of attack employed by CARROTBAT, with the only difference being a change in verb tense and wording, but the entities and relationship remain the same."
"What systems do the attackers typically target with the ZxShell tool, and what is the attack pattern used to compromise them?",What type of attack pattern is used by the ZxShell's tool to compromise systems?,False,False,False,False,False,False,False,False,NOT_EQUIVALENT,"The paraphrased question changes the scope of the query by asking about the systems targeted, rather than the attack pattern used to compromise them."
"What feature of an attack pattern is centered on the use of PowerShell scripts, which is a characteristic that distinguishes the Allwinner?","What asset is at the center of the attack pattern that utilizes PowerShell scripts, a distinguishing feature of the Allwinner?",False,False,False,False,False,False,False,False,NOT_EQUIVALENT,"The paraphrased question changes the relationship between the attack pattern and the Allwinner, suggesting the Allwinner is distinguished by the use of PowerShell scripts, whereas the original question asks what asset is at the center of the attack pattern that utilizes PowerShell scripts, implying the Allwinner is the asset."
What malicious functions are executed by the CrossRAT through its attack pattern?,What attack pattern does the CrossRAT use to execute its malicious functions?,False,False,False,False,False,False,False,False,NOT_EQUIVALENT,"The paraphrased question changes the relationship between the attack pattern and the malicious functions, asking what is executed by the attack pattern instead of what attack pattern is used to execute the malicious functions."
"What core resource is being targeted by the attack pattern characterized by the use of PowerShell scripts, a key indicator often seen in the YAHOYAH?","What asset is at the center of the attack pattern that utilizes PowerShell scripts, a distinguishing feature of the YAHOYAH?",False,False,False,False,False,False,False,False,EQUIVALENT,"Both questions ask about the same asset being targeted by the same attack pattern, with the only difference being superficial rewording of the question's wording and syntax."
What methods of attack does NightClub commonly utilize to infect computer systems?,What type of attack does NightClub typically employ to infect systems?,False,False,False,False,False,False,False,False,EQUIVALENT,"Both questions ask about the same type of attack employed by NightClub, with the only difference being minor variations in wording."
"What action pattern, directly associated with the presence of Action RAT, can be mitigated by targeting Windows Registers?","Which attack pattern is prevented by operating on Windows Registers, and is directly linked to the presence of Action RAT?",False,False,False,False,False,False,False,False,NOT_EQUIVALENT,"The paraphrased question changes the term ""attack pattern"" to ""action pattern"", which may refer to a different concept, and also reverses the order of the sentence, potentially altering the intended meaning."
"What type of attack can be mitigated by the course of action that involves manipulating Windows Registers, specifically with regards to the tactics of a Cherry Picker?","What type of attack pattern can be prevented by the course of action that involves operating on Windows Registers, specifically in relation to Cherry Picker?",False,False,False,False,False,False,False,False,EQUIVALENT,"Both questions ask about the same type of attack pattern and the same course of action involving Windows Registers, with the only difference being minor variations in wording."
What Carbanak primarily utilizes for its malicious operations is which attack pattern?,What is the primary attack pattern associated with the tool employed by the Carbanak?,False,False,False,False,False,False,False,False,EQUIVALENT,"Both questions ask about the primary attack pattern associated with the Carbanak tool, with the paraphrased version rewording the original to maintain the same meaning and focus."
What malicious activities are carried out through the use of the BoomBox's attack pattern?,What kind of attack pattern does the BoomBox use to carry out its malicious activities?,False,False,False,False,False,False,False,False,NOT_EQUIVALENT,"The paraphrased question changes the focus from the attack pattern itself to the malicious activities it carries out, altering the relationship between the entities."
What steps can be taken to prevent the zwShell-related attack pattern by utilizing Windows Registers in a strategic manner?,How can the course of action that involves operating on Windows Registers help to prevent the attack pattern associated with zwShell?,False,False,False,False,False,False,False,False,UNPARSEABLE,"The paraphrased question introduces the phrase ""in a strategic manner"" which implies a changed approach or tactic, potentially altering the scope of the original question."
What kind of malware tactics are commonly linked to campaigns conducted by the American perpetrators known as APT34?,What type of malware attack pattern is typically associated with American campaigns linked to the APT34 group?,False,False,False,False,False,False,False,False,EQUIVALENT,"Both questions ask about the same type of malware attack pattern associated with the same group (APT34), with the only difference being superficial rewording of the group's description and the type of attack."
What attack pattern is associated with the presence of Hornbill and is mitigated by manipulating Windows Registers?,"Which attack pattern is prevented by operating on Windows Registers, and is directly linked to the presence of Hornbill?",False,False,False,False,False,False,False,False,NOT_EQUIVALENT,"The paraphrased question changes the relationship between the attack pattern and the presence of Hornbill, from ""prevented"" to ""associated"", and the action on Windows Registers from ""operating on"" to ""manipulating""."
What malicious functions are carried out by the gh0st RAT through its typical attack pattern?,What attack pattern does the gh0st RAT use to execute its malicious functions?,False,False,False,False,False,False,False,False,NOT_EQUIVALENT,"The paraphrased question changes the relationship between the gh0st RAT and its malicious functions, asking about the functions being carried out by the attack pattern instead of the attack pattern being used to execute the functions."
What malicious functions does DarkWatchman execute through its specific attack pattern?,What attack pattern does the DarkWatchman use to execute its malicious functions?,False,False,False,False,False,False,False,False,NOT_EQUIVALENT,"The paraphrased question changes the relationship between DarkWatchman and its attack pattern, asking about the functions instead of the pattern itself."
"What specific attack pattern does the course of action targeting Windows Registers aim to counteract, which is directly associated with EventBot?","What attack pattern is mitigated by the course of action that operates on Windows Registers, and is specifically related to EventBot?",False,False,False,False,False,False,False,False,EQUIVALENT,"Both questions ask about the same attack pattern and its relation to EventBot, with the only difference being superficial rewording."
What measures can be taken through operating on Windows Registers to prevent the DownPaper attack pattern from occurring?,How can the course of action that involves operating on Windows Registers help to prevent the attack pattern associated with DownPaper?,False,False,False,False,False,False,False,False,UNPARSEABLE,"The paraphrased question changes the verb tense and the phrase ""help to prevent"" to ""prevent from occurring"", which implies a subtle difference in the scope of the action."
What is the primary attack pattern being targeted by the course of action that involves modifying Windows Registers within the context of PULSECHECK?,Which attack pattern is the primary target of the course of action that involves modifying Windows Registers in the context of PULSECHECK?,False,False,False,False,False,False,False,False,EQUIVALENT,"Both questions ask about the same attack pattern being targeted by the same course of action in the same context, with only minor rewording."
What is the central attack pattern being targeted by the course of action that involves altering Windows Registers within the context of Comnie?,Which attack pattern is the primary target of the course of action that involves modifying Windows Registers in the context of Comnie?,False,False,False,False,False,False,False,False,EQUIVALENT,Both questions ask about the same attack pattern and its relation to the same entities (Windows Registers and Comnie) with minimal surface-level changes.
What are the attack patterns and implications associated with the malware used in campaigns attributed to Lotus Blossom in the United States?,"Which attack pattern is employed by the malware used in American campaigns attributed to Lotus Blossom, and what are its implications?",False,False,False,False,False,False,False,False,NOT_EQUIVALENT,"The paraphrased question changes the country from ""American"" to ""United States"", which is a different entity, altering the scope of the question."
What asset is predominantly impacted by the malicious activity involving PowerShell scripts as part of the RogueRobin attack pattern?,What asset is primarily affected by the attack pattern that utilizes PowerShell scripts as part of the RogueRobin?,False,False,False,False,False,False,False,False,EQUIVALENT,"Both questions ask about the same asset affected by the same attack pattern, with the only difference being minor variations in wording."
What is the typical attack methodology employed by Backdoor.Oldrea for disseminating and infecting systems?,What kind of attack pattern is commonly used by Backdoor.Oldrea to spread and infect systems?,False,False,False,False,False,False,False,False,EQUIVALENT,"Both questions ask about the same attack pattern used by Backdoor.Oldrea, with the only difference being superficial rewording of the verbs and phrases."
What kind of attack pattern typically employs the technique known as CHOPSTICK?,Which attack pattern does CHOPSTICK usually utilize?,False,False,False,False,False,False,False,False,EQUIVALENT,"Both questions ask about the attack pattern associated with the entity ""CHOPSTICK"", with the paraphrased version using a more formal and technical tone."
What attack pattern does NETWIRE typically utilize to disseminate and compromise systems?,What kind of attack pattern is commonly used by NETWIRE to spread and infect systems?,False,False,False,False,False,False,False,False,EQUIVALENT,"Both questions ask about the same attack pattern used by NETWIRE, with the only difference being in the verb choice and some minor rewording."
What steps can be taken with Windows Registers to prevent the proliferation of Stealth Mango and its corresponding malicious tactics?,In what way can the course of action that involves operating on Windows Registers help to prevent the spread of Stealth Mango and its associated attack pattern?,False,False,False,False,False,False,False,False,UNPARSEABLE,"The paraphrased question changes the verb ""spread"" to ""proliferation"" and ""attack pattern"" to ""malicious tactics"", which implies a slightly different scope and nuance."
What course of action involving Windows Registers can help prevent the exploitation of the vulnerability associated with the FlawedAmmyy attack pattern?,"What type of attack pattern can be prevented by the course of action that involves operating on Windows Registers, specifically in relation to FlawedAmmyy?",False,False,False,False,False,False,False,False,NOT_EQUIVALENT,"The paraphrased question changes the relationship between the course of action and the attack pattern, suggesting prevention of exploitation instead of the original's focus on the course of action involving Windows Registers."
What part does a modular backdoor play in the objectives of a Honeybee operation?,What is the role of a modular backdoor's behavior in facilitating the goals of a Honeybee campaign?,False,False,False,False,False,False,False,False,EQUIVALENT,"Both questions ask about the role or part played by a modular backdoor in relation to the goals or objectives of a Honeybee campaign/operation, preserving the same entities and relationship."
How can operating on Windows Registers contribute to mitigating the spread of BOULDSPY and its affiliated attack pattern?,In what way can the course of action that involves operating on Windows Registers help to prevent the spread of BOULDSPY and its associated attack pattern?,False,False,False,False,False,False,False,False,EQUIVALENT,"Both questions ask about the same relationship between operating on Windows Registers and preventing the spread of BOULDSPY, with the only difference being minor rewording of the verb and the term ""associated"" vs ""affiliated""."
What measures have been implemented on Windows Registers to counteract the spread of FatDuke?,What course of action on Windows Registers is designed to prevent the spread of FatDuke?,False,False,False,False,False,False,False,False,EQUIVALENT,"Both questions ask about the same course of action or measure on Windows Registers to prevent the spread of FatDuke, with the only difference being in the wording used to describe the action."
What type of malware attack pattern is most commonly linked to campaigns attributed to the MONSOON group in the United States?,What type of malware attack pattern is typically associated with American campaigns linked to the MONSOON group?,False,False,False,False,False,False,False,False,EQUIVALENT,"Both questions ask about the same type of malware attack pattern associated with the same group (MONSOON), with the only difference being the wording of the location (""American campaigns"" vs. ""campaigns attributed to the MONSOON group in the United States""), which does not change the entities or relationship being asked about."
What characteristic attack pattern is most closely associated with the malware employed in the Carbanak campaigns that targeted American organizations?,Which specific attack pattern is characteristic of the malware used in American campaigns attributed to Carbanak?,False,False,False,False,False,False,False,False,EQUIVALENT,"Both questions ask about the same attack pattern associated with the same malware in the same context, with only minor rewording of the question's structure and entities."
What measures can be taken by manipulating Windows Registers to mitigate the spread of Disco and its affiliated malicious tactics?,In what way can the course of action that involves operating on Windows Registers help to prevent the spread of Disco and its associated attack pattern?,False,False,False,False,False,False,False,False,UNPARSEABLE,"The paraphrased question introduces the term ""malicious tactics"" which is not present in the original question, implying a broader scope and potentially different entities."
What attack methods are commonly employed by malware associated with the notorious LAPSUS$ group in its US-based operations?,What is the typical attack pattern used by malware linked to the LAPSUS$ group in American campaigns?,False,False,False,False,False,False,False,False,EQUIVALENT,"Both questions ask about the typical attack pattern or methods used by the LAPSUS$ group, with the only difference being in the wording of ""American campaigns"" and ""US-based operations"", which refer to the same geographic scope."
How does taking action on Windows Registers contribute to preventing the dissemination of Cadelspy and its connected attack methodology?,In what way can the course of action that involves operating on Windows Registers help to prevent the spread of Cadelspy and its associated attack pattern?,False,False,False,False,False,False,False,False,EQUIVALENT,"Both questions ask about the same relationship between operating on Windows Registers and preventing the spread of Cadelspy, with the same entities involved."
What course of action involving manipulation of Windows Registers can effectively counter a malicious attack associated with Linfo?,"What type of malicious attack can be thwarted by the course of action that involves operating on Windows Registers, and is related to Linfo?",False,False,False,False,False,False,False,False,EQUIVALENT,"Both questions ask about the same type of malicious attack and the same course of action involving Windows Registers, with the only difference being superficial rewording of the attack's association."
What is the central attack pattern being targeted by the course of action that alters Windows Registers within the scope of DarkTortilla?,Which attack pattern is the primary target of the course of action that involves modifying Windows Registers in the context of DarkTortilla?,False,False,False,False,False,False,False,False,EQUIVALENT,"Both questions ask about the same attack pattern being targeted by the same course of action in the same context, with only minor changes in wording."
What attack pattern is utilized by the DEATHRANSOM?,What type of attack pattern does the DEATHRANSOM employ?,False,False,False,False,False,False,False,False,EQUIVALENT,"Both questions ask about the same attack pattern and entity (DEATHRANSOM), with the only difference being superficial rewording of the verb."
What are the implications of the attack pattern employed by the malware associated with the American cyber campaigns attributed to APT30?,"Which attack pattern is employed by the malware used in American campaigns attributed to APT30, and what are its implications?",False,False,False,False,False,False,False,False,EQUIVALENT,"Both questions ask about the same attack pattern and its implications, with the only difference being a minor rewording of the entities and their attributes."
What SEASHARPEE typically employs in its malicious operations?,What attack pattern is characteristic of the tool used by the SEASHARPEE?,False,False,False,False,False,False,False,False,NOT_EQUIVALENT,"The paraphrased question changes the verb tense and the phrase ""malicious operations"" which may imply a different scope or intent than the original question."
What malicious activities does the Daserf carry out using its specific attack pattern?,What kind of attack pattern does the Daserf use to carry out its malicious activities?,False,False,False,False,False,False,False,False,NOT_EQUIVALENT,"The original question asks about the attack pattern used by the Daserf, while the paraphrased question asks about the malicious activities carried out by the Daserf using its attack pattern, reversing the relationship between the entities."
What countermeasures are required to combat the threats posed by UNC2452?,What are the necessary countermeasures to take against UNC2452?,False,False,False,False,False,False,False,False,EQUIVALENT,"Both questions ask about the necessary actions to address the same entity, UNC2452, without changing the scope or the relationship."
What attack pattern does OopsIE typically employ?,Which attack pattern does OopsIE usually utilize?,False,False,False,False,False,False,False,False,EQUIVALENT,"Both questions ask about the same attack pattern utilized by OopsIE, with the only difference being a change in verb tense and wording."
What asset is commonly targeted by the attack vector that utilizes PowerShell scripts and is associated with the malware known as WolfRAT?,"What asset is typically compromised by the attack pattern involving PowerShell scripts, which is used by the WolfRAT?",False,False,False,False,False,False,False,False,EQUIVALENT,"Both questions ask about the asset compromised by the attack involving PowerShell scripts and WolfRAT, with the only difference being minor rewording of the attack type (""attack pattern"" vs ""attack vector"") and the malware (""malware known as"" vs no additional description)."
What technique does the malware used in campaigns linked to Operation Wocao typically employ?,What attack technique does the malware employed in American campaigns attributed to Operation Wocao utilize?,False,False,False,False,False,False,False,False,EQUIVALENT,"Both questions ask about the same attack technique used by the same malware in the same context, with the only difference being minor variations in wording."
What systems are primarily compromised using the CORESHELL attack pattern?,What is the primary attack pattern used by CORESHELL to compromise systems?,False,False,False,False,False,False,False,False,NOT_EQUIVALENT,"The paraphrased question changes the relationship between CORESHELL and the systems it compromises, asking about the systems instead of the attack pattern."
How do the actions of a modular backdoor align with the goals of a The White Company campaign?,In what ways do the actions of a modular backdoor contribute to the objectives of a The White Company campaign?,False,False,False,False,False,False,False,False,NOT_EQUIVALENT,"The paraphrased question changes the relationship from ""contribute to"" to ""align with"", which implies a different nuance of the relationship between the modular backdoor and the campaign's objectives."
What type of malicious attack is typically targeted by a course of action that involves operating on Windows Registers and is associated with the Clop ransomware?,"What type of malicious attack can be thwarted by the course of action that involves operating on Windows Registers, and is related to Clop?",False,False,False,False,False,False,False,False,EQUIVALENT,"Both questions ask about the same type of malicious attack related to Clop, with the only difference being minor rewording and the addition of a specific ransomware association."
"What attack pattern is prevented through manipulation of Windows Registers, and is directly associated with the presence of MobileOrder?","Which attack pattern is prevented by operating on Windows Registers, and is directly linked to the presence of MobileOrder?",False,False,False,False,False,False,False,False,EQUIVALENT,"Both questions ask about the same attack pattern and its relationship with MobileOrder, with only minor changes in wording."
"What is the core component of the attack pattern that incorporates PowerShell scripts, a hallmark characteristic of AndroRAT?","What asset is at the center of the attack pattern that utilizes PowerShell scripts, a distinguishing feature of the AndroRAT?",False,False,False,False,False,False,False,False,EQUIVALENT,"Both questions ask about the central asset of the attack pattern associated with PowerShell scripts and AndroRAT, with the only difference being in the wording of ""distinguishing feature"" and ""hallmark characteristic"", which convey the same meaning."
What kind of malware technique is commonly utilized by Briba to compromise computer systems?,What type of attack does Briba typically employ to infect systems?,False,False,False,False,False,False,False,False,EQUIVALENT,"Both questions ask about the type of attack or technique employed by Briba, with the only difference being superficial rewording of the attack's purpose (infect vs. compromise)."
What course of action targeting Windows Registers in relation to KEYMARBLE effectively counters which attack pattern?,What attack pattern is effectively countered by the course of action that targets Windows Registers in relation to KEYMARBLE?,False,False,False,False,False,False,False,False,EQUIVALENT,"Both questions ask about the same relationship between a course of action targeting Windows Registers and KEYMARBLE, with the only difference being the word order and the placement of the question's focus."
What Windows-related attack pattern is the primary focus of the course of action that involves altering Windows Registers in the context of ABK?,Which attack pattern is the primary target of the course of action that involves modifying Windows Registers in the context of ABK?,False,False,False,False,False,False,False,False,EQUIVALENT,"Both questions ask about the same attack pattern and its relation to modifying Windows Registers in the context of ABK, with the only difference being superficial rewording of ""modifying"" and ""altering""."
What is the principal attack pattern that the course of action aimed at altering Windows Registers pertains to within the POWERSOURCE framework?,Which attack pattern is the primary target of the course of action that involves modifying Windows Registers in the context of POWERSOURCE?,False,False,False,False,False,False,False,False,EQUIVALENT,"Both questions ask about the same attack pattern and its relationship to the POWERSOURCE framework, with the only difference being superficial rewording of the question's structure and wording."
What malware techniques are utilized by the malware used in American campaigns attributed to OilRig?,What attack technique does the malware employed in American campaigns attributed to OilRig utilize?,False,False,False,False,False,False,False,False,NOT_EQUIVALENT,"The paraphrased question changes the verb tense and the wording of the main query, but more importantly, it changes the focus from a singular ""attack technique"" to plural ""malware techniques"", which may not necessarily be the same thing, as the original question is asking about a specific technique, not multiple ones."
What malicious techniques does the Trojan-SMS.AndroidOS.OpFake.a utilize to activate its malicious functionalities?,What attack pattern does the Trojan-SMS.AndroidOS.OpFake.a use to execute its malicious functions?,False,False,False,False,False,False,False,False,EQUIVALENT,"Both questions ask about the same Trojan malware's malicious techniques and functionalities, with the only difference being in the wording of ""execute"" and ""activate""."
"What kind of malicious attack can be prevented by a course of action that involves modifying Windows Registers, and is associated with DOGCALL?","What type of malicious attack can be thwarted by the course of action that involves operating on Windows Registers, and is related to DOGCALL?",False,False,False,False,False,False,False,False,EQUIVALENT,"Both questions ask about the same type of malicious attack and its relation to DOGCALL, with the only difference being minor rewording of the action (""operating"" vs. ""modifying"") and the word choice (""thwarted"" vs. ""prevented"")."
What function does the behavior of a modular backdoor play in enabling the objectives of a UNC788 operation?,What is the role of a modular backdoor's behavior in facilitating the goals of a UNC788 campaign?,False,False,False,False,False,False,False,False,EQUIVALENT,"Both questions ask about the same relationship between a modular backdoor and a UNC788 campaign, with the only difference being minor rewording of the terms ""role"" and ""function"" and ""goals"" and ""objectives""."
How can operating on Windows Registers potentially hinder the dissemination of the PHOREAL attack pattern and its associated malware?,In what way can the course of action that involves operating on Windows Registers help to prevent the spread of PHOREAL and its associated attack pattern?,False,False,False,False,False,False,False,False,UNPARSEABLE,"The paraphrased question changes the relationship between the action and the outcome, suggesting that operating on Windows Registers ""hinders"" the dissemination, whereas the original question asks about a ""course of action"" that ""helps"" to prevent it."
What steps can be taken to counteract the FrameworkPOS attack pattern by utilizing operations on Windows Registers?,How can the course of action that involves operating on Windows Registers help to prevent the attack pattern associated with FrameworkPOS?,False,False,False,False,False,False,False,False,UNPARSEABLE,"The paraphrased question changes the verb tense and adds a colloquial expression (""counteract""), but more importantly, it changes the focus from ""prevent"" to ""counteract"", which implies a different scope and nuance, and the paraphrased question does not clearly convey the same relationship between the course of action and the attack pattern as the original question."
What effect does the behavior of a modular backdoor have on the overall success of operations conducted by the Transparent Tribe?,What is the impact of a modular backdoor's behavior on the overall success of a Transparent Tribe campaign?,False,False,False,False,False,False,False,False,NOT_EQUIVALENT,"The paraphrased question changes the scope from a specific campaign to ""operations conducted by the Transparent Tribe"", which may not be limited to a single campaign."
What type of attack strategy does Doki utilize?,What type of attack pattern does the Doki employ?,False,False,False,False,False,False,False,False,EQUIVALENT,"Both questions ask about the same type of attack pattern/strategy Doki employs, with the only difference being the noun used (""attack pattern"" vs. ""attack strategy"")."
What Windows attack pattern is the main focus of the course of action that involves altering Windows Registers within the context of CreepySnail?,Which attack pattern is the primary target of the course of action that involves modifying Windows Registers in the context of CreepySnail?,False,False,False,False,False,False,False,False,EQUIVALENT,Both questions ask about the same attack pattern and its relation to the same entities (Windows Registers and CreepySnail) with minimal wording changes.
What measures should be taken to stop the dissemination of SpicyOmelette?,What strategy should be implemented to prevent the spread of SpicyOmelette?,False,False,False,False,False,False,False,False,EQUIVALENT,"Both questions ask about the same strategy or measures to prevent the spread of the same entity, SpicyOmelette."
Identify the common kill chain phases that are characteristic of the malware tactics typically utilized by groups linked to the Night Dragon threat.,Determine the kill chain phases typically associated with the patterns of tools that the malware used by groups involved in the Night Dragon employs.,False,False,False,False,False,False,False,False,EQUIVALENT,"Both questions ask about the kill chain phases associated with the malware used by the Night Dragon group, with the paraphrased version using slightly different wording but maintaining the same meaning and scope."
What attack pattern is directly associated with Aria-body and prevented by operating on Windows Registers?,"Which attack pattern is prevented by operating on Windows Registers, and is directly linked to the presence of Aria-body?",False,False,False,False,False,False,False,False,EQUIVALENT,"Both questions ask about the same attack pattern and its relationship with Aria-body and Windows Registers, with only minor rewording."
What ZIPLINE tools are typically linked to in attack scenarios?,What is the attack pattern associated with ZIPLINE tools?,False,False,False,False,False,False,False,False,NOT_EQUIVALENT,"The paraphrased question changes the relationship between ZIPLINE tools and attack scenarios from ""associated with"" to ""linked to in"", and also changes the focus from identifying the attack pattern to identifying the tools themselves."
What course of action targets Windows Registers as a countermeasure against the REvil attack pattern?,What attack pattern is effectively countered by the course of action that targets Windows Registers in relation to REvil?,False,False,False,False,False,False,False,False,EQUIVALENT,"Both questions ask about the same countermeasure targeting the same entity (Windows Registers) against the same attack pattern (REvil), with only superficial rewording."
What tool does the INSOMNIA attack pattern leverage for its execution?,What is the attack pattern that the INSOMNIA utilizes through its associated tool?,False,False,False,False,False,False,False,False,EQUIVALENT,"Both questions ask about the same relationship (attack pattern utilization) and entity (INSOMNIA), with the only difference being superficial rewording of the question's structure."
What course of action that involves Windows Registers specifically targets an attack pattern related to SHUTTERSPEED?,"What attack pattern is mitigated by the course of action that operates on Windows Registers, and is specifically related to SHUTTERSPEED?",False,False,False,False,False,False,False,False,NOT_EQUIVALENT,"The paraphrased question changes the relationship between the course of action and the attack pattern, making it unclear if the course of action mitigates or is related to the attack pattern."
What are the key tactics and implications associated with the malware attack patterns utilized by the group behind the FIN7 campaigns targeting American entities?,"Which attack pattern is employed by the malware used in American campaigns attributed to FIN7, and what are its implications?",False,False,False,False,False,False,False,False,EQUIVALENT,"Both questions ask about the same attack pattern and its implications, with the same scope (American campaigns attributed to FIN7), and the same entities (the malware and the group behind it), just with slightly reworded wording."
What course of action involving Windows Registers can potentially prevent an attack pattern associated with the Sunburst incident?,"What type of attack pattern can be prevented by the course of action that involves operating on Windows Registers, specifically in relation to Sunburst?",False,False,False,False,False,False,False,False,EQUIVALENT,"Both questions ask about the same relationship between a course of action involving Windows Registers and an attack pattern, specifically referencing the Sunburst incident."
How does taking action on Windows Registers contribute to preventing the spread of Remexi and its linked attack pattern?,In what way can the course of action that involves operating on Windows Registers help to prevent the spread of Remexi and its associated attack pattern?,False,False,False,False,False,False,False,False,EQUIVALENT,"Both questions ask about the same relationship between operating on Windows Registers and preventing the spread of Remexi, with the same entities involved."
What systems are typically compromised by PJApps through its primary attack pattern?,What is the primary attack pattern used by PJApps to compromise systems?,False,False,False,False,False,False,False,False,NOT_EQUIVALENT,"The paraphrased question changes the scope of the query, asking about the systems compromised instead of the primary attack pattern used."
What course of action related to operating on Windows Registers is known to prevent the Hydraq attack pattern?,"What type of attack pattern can be prevented by the course of action that involves operating on Windows Registers, specifically in relation to Hydraq?",False,False,False,False,False,False,False,False,EQUIVALENT,"Both questions ask about the same relationship between a course of action and the Hydraq attack pattern, with the only difference being the sentence structure and word order."
What measures have been implemented on Windows Registers to stop the proliferation of ANDROIDOS_ANSERVER.A?,What course of action on Windows Registers is designed to prevent the spread of ANDROIDOS_ANSERVER.A?,False,False,False,False,False,False,False,False,EQUIVALENT,"Both questions ask about the same course of action (measures) on Windows Registers to prevent the spread of the same malware (ANDROIDOS_ANSERVER.A), with the only difference being in the wording of ""spread"" and ""proliferation""."
What action is taken on Windows Registers to stop the propagation of BlackEnergy?,What course of action on Windows Registers is designed to prevent the spread of BlackEnergy?,False,False,False,False,False,False,False,False,EQUIVALENT,"Both questions ask about the same course of action on Windows Registers to prevent the spread of BlackEnergy, with only minor rewording."
What type of malicious attack can be prevented by a course of action that targets Windows Registers and has a connection to Yahoyah?,"What type of malicious attack can be thwarted by the course of action that involves operating on Windows Registers, and is related to Yahoyah?",False,False,False,False,False,False,False,False,NOT_EQUIVALENT,"The original question asks about a ""course of action that involves operating on Windows Registers"", implying a specific action, whereas the paraphrased question asks about a ""course of action that targets Windows Registers"", which is a broader and more general term."
"What course of action, which targets Windows Registers in relation to Bazar, is most effective in countering a specific attack pattern?",What attack pattern is effectively countered by the course of action that targets Windows Registers in relation to Bazar?,False,False,False,False,False,False,False,False,EQUIVALENT,"Both questions ask about the same relationship between a course of action targeting Windows Registers and Bazar, with the only difference being the wording of the phrases ""effectively countered by"" and ""most effective in countering""."
What malicious techniques does MacSpy employ to execute its illicit operations?,What kind of attack pattern does the MacSpy use to carry out its malicious activities?,False,False,False,False,False,False,False,False,EQUIVALENT,"Both questions ask about the malicious techniques used by MacSpy, with the only difference being in the wording of ""attack pattern"" and ""malicious techniques"", which does not change the scope or the entities involved."
What attack pattern does IceApple typically utilize?,What type of attack pattern does the IceApple employ?,False,False,False,False,False,False,False,False,EQUIVALENT,"Both questions ask about the same attack pattern utilized by the same entity (IceApple), with the only difference being minor rewording."
How does the behavior of a modular backdoor contribute to the overall success of a DarkVishnya operation?,What is the impact of a modular backdoor's behavior on the overall success of a DarkVishnya campaign?,False,False,False,False,False,False,False,False,EQUIVALENT,"Both questions ask about the same relationship between a modular backdoor's behavior and the success of a DarkVishnya campaign, with the only difference being minor rewording of the question's structure."
How can preventing the execution of malicious activities related to Windows Registers hinder the propagation of the Janicab attack pattern?,In what way can the course of action that involves operating on Windows Registers help to prevent the spread of Janicab and its associated attack pattern?,False,False,False,False,False,False,False,False,UNPARSEABLE,"The paraphrased question changes the focus from the course of action involving Windows Registers to preventing the execution of malicious activities related to them, altering the scope and relationship being asked about."
What is the typical attack pattern employed by SharkBot?,Which attack pattern does SharkBot usually utilize?,False,False,False,False,False,False,False,False,EQUIVALENT,"Both questions ask about the same entity (SharkBot) and the same relationship (attack pattern), with only superficial rewording."
What action is taken on Windows Registers to halt the dissemination of Mivast?,What course of action on Windows Registers is designed to prevent the spread of Mivast?,False,False,False,False,False,False,False,False,EQUIVALENT,"Both questions ask about the same course of action on Windows Registers to prevent the spread of Mivast, with the only difference being in the verb used to describe the action."
"What PowerShell scripts are commonly associated with, and what asset is at the center of the attack pattern that utilizes the AutoIt backdoor?","What asset is at the center of the attack pattern that utilizes PowerShell scripts, a distinguishing feature of the AutoIt backdoor?",False,False,False,False,False,False,False,False,NOT_EQUIVALENT,"The paraphrased question changes the order of the information and introduces an extra question about PowerShell scripts, altering the focus of the original question."
What specific countermeasure implemented on Windows Registers aims at halting the dissemination of OnionDuke?,What course of action on Windows Registers is designed to prevent the spread of OnionDuke?,False,False,False,False,False,False,False,False,EQUIVALENT,"Both questions ask about the same course of action or countermeasure on Windows Registers aimed at preventing the spread of OnionDuke, with the only difference being in the wording of ""specific"" and ""designed to""."
What type of attack pattern is employed by Bisonal?,What type of attack pattern does the Bisonal employ?,False,False,False,False,False,False,False,False,EQUIVALENT,"Both questions ask about the same type of attack pattern and the same entity (Bisonal), with the only difference being a minor rewording of the verb."
What course of action targets Windows Registers and is intended to mitigate the attack pattern associated with the presence of MURKYTOP?,"What attack pattern is mitigated by the course of action that targets Windows Registers, and is associated with the presence of MURKYTOP?",False,False,False,False,False,False,False,False,EQUIVALENT,"Both questions ask about the same attack pattern, course of action, and entity (MURKYTOP), with the only difference being a slight rewording of the sentence structure."
What kind of attack pattern does CoinTicker typically employ?,Which attack pattern does CoinTicker usually utilize?,False,False,False,False,False,False,False,False,EQUIVALENT,"Both questions ask about the same attack pattern utilized by CoinTicker, with the only difference being a change in wording (""does"" vs. ""does typically"" and ""utilize"" vs. ""employ"")."
What course of action effectively counters the HALFBAKED attack pattern by targeting Windows Registers?,What attack pattern is effectively countered by the course of action that targets Windows Registers in relation to HALFBAKED?,False,False,False,False,False,False,False,False,EQUIVALENT,"Both questions ask about the same relationship between a course of action and the HALFBAKED attack pattern, with the same target (Windows Registers)."
What action on Windows Registers can be taken to counteract the MechaFlounder attack pattern?,How can the course of action that involves operating on Windows Registers help to prevent the attack pattern associated with MechaFlounder?,False,False,False,False,False,False,False,False,EQUIVALENT,"Both questions ask about the same action to prevent the same attack pattern, with the same entities (Windows Registers and MechaFlounder), and the same relationship (prevention)."
What Windows Register targeting course of action is associated with the presence of SUGARDUMP and aims to counteract a specific attack pattern?,"What attack pattern is mitigated by the course of action that targets Windows Registers, and is associated with the presence of SUGARDUMP?",False,False,False,False,False,False,False,False,NOT_EQUIVALENT,"The paraphrased question changes the relationship between the course of action and the attack pattern, from ""mitigated"" to ""counteract"", and also changes the scope of the question by making the course of action the main focus."
What is the central attack pattern that a course of action centered around altering Windows Registers is primarily intended to counteract in the context of SLOWDRIFT?,Which attack pattern is the primary target of the course of action that involves modifying Windows Registers in the context of SLOWDRIFT?,False,False,False,False,False,False,False,False,NOT_EQUIVALENT,"The paraphrased question changes the relationship between the attack pattern and the course of action, implying a defensive intent instead of a neutral description."
"What malware, identified as C0015, is associated with which tools?",Which tools have been associated with the Bot malware employed in the C0015?,False,False,False,False,False,False,False,False,NOT_EQUIVALENT,"The paraphrased question inverts the order of the entities and the relationship, changing the focus from the tools to the malware."
What types of malware attacks is Exaramel usually associated with?,What type of attack does Exaramel typically employ to infect systems?,False,False,False,False,False,False,False,False,NOT_EQUIVALENT,"The paraphrased question changes the scope from ""attack type"" to ""types of malware attacks"", which may not necessarily be equivalent, as Exaramel could be associated with other types of attacks beyond malware."
"What asset is most susceptible to the EvilBunny attack pattern, which is often associated with PowerShell scripts?","What asset is most vulnerable to the attack pattern that utilizes PowerShell scripts, which is characteristic of the EvilBunny?",False,False,False,False,False,False,False,False,EQUIVALENT,"Both questions ask about the same asset and relationship, with the only difference being superficial rewording of the attack pattern and the association."
What attack pattern is characteristic of the malware known as ViperRAT?,What type of attack pattern is employed by the tool that ViperRAT utilizes?,False,False,False,False,False,False,False,False,EQUIVALENT,"Both questions ask about the same attack pattern used by ViperRAT, with the only difference being a change in wording and the use of ""characteristic of"" instead of ""employed by""."
What types of attack patterns are typically employed by HALFBAKED to spread and infect computer systems?,What kind of attack pattern is commonly used by HALFBAKED to spread and infect systems?,False,False,False,False,False,False,False,False,EQUIVALENT,"Both questions ask about the same attack pattern used by HALFBAKED, with the only difference being the wording of ""kind"" and ""types""."
What course of action related to GPlayed operates on Windows Registers to mitigate a particular attack pattern?,"What attack pattern is mitigated by the course of action that operates on Windows Registers, and is specifically related to GPlayed?",False,False,False,False,False,False,False,False,NOT_EQUIVALENT,"The original question asks about an attack pattern mitigated by a course of action, whereas the paraphrased question asks about a course of action that mitigates an attack pattern, reversing the subject-verb order."
What malicious activities are carried out by the ShiftyBug through its characteristic attack pattern?,What kind of attack pattern does the ShiftyBug use to carry out its malicious activities?,False,False,False,False,False,False,False,False,NOT_EQUIVALENT,"The paraphrased question changes the relationship between the ShiftyBug and its attack pattern, asking about the activities instead of the attack pattern itself."
What attack pattern is characteristic of the DoubleAgent?,What type of attack pattern does the DoubleAgent employ?,False,False,False,False,False,False,False,False,EQUIVALENT,"Both questions ask about the same attack pattern associated with the DoubleAgent, with the only difference being a change in wording from ""employ"" to ""characteristic of""."
What attack pattern is typically employed by the Android/Chuli.A malware to breach system security?,What type of attack pattern is used by the Android/Chuli.A's tool to compromise systems?,False,False,False,False,False,False,False,False,EQUIVALENT,"Both questions ask about the same attack pattern used by the same malware (Android/Chuli.A) to compromise systems, with the only difference being minor rewording of the verb and the phrase ""system security""."
What type of malicious attack vector is typically employed by KONNI to disseminate and compromise computer systems?,What kind of attack pattern is commonly used by KONNI to spread and infect systems?,False,False,False,False,False,False,False,False,EQUIVALENT,"Both questions ask about the same attack pattern used by KONNI, with the only difference being in the wording of ""attack pattern"" and ""malicious attack vector"", and ""spread and infect"" vs ""disseminate and compromise"", which do not change the entities or relationship asked about."
"What type of asset is typically targeted by attackers employing the Duqu malware, which is often linked to PowerShell script exploitation?","What asset is frequently compromised by the attack pattern that involves PowerShell scripts, a hallmark of the Duqu?",False,False,False,False,False,False,False,False,EQUIVALENT,"Both questions ask about the same asset being targeted by the Duqu attack pattern, with the only difference being in the wording and the order of the information."
What malicious functions does the Starloader execute through its attack pattern?,What attack pattern does the Starloader use to execute its malicious functions?,False,False,False,False,False,False,False,False,NOT_EQUIVALENT,"The paraphrased question changes the relationship between the attack pattern and the malicious functions, asking about execution instead of the attack pattern itself."
What attack pattern is employed by the Taidoor?,What type of attack pattern does the Taidoor employ?,False,False,False,False,False,False,False,False,EQUIVALENT,"Both questions ask about the same attack pattern employed by the same entity (Taidoor), with the only difference being a minor rewording of the verb."
What measures on the Windows Registry are intended to contain the proliferation of Trojan.Mebromi?,What course of action on Windows Registers is designed to prevent the spread of Trojan.Mebromi?,False,False,False,False,False,False,False,False,EQUIVALENT,"Both questions ask about the same course of action or measure on Windows Registers to prevent the spread of Trojan.Mebromi, with the only difference being in the wording of ""prevent"" and ""contain the proliferation""."
What kind of malicious attack can be prevented by taking a course of action that targets Windows Registers and is associated with the Marcher?,"What type of malicious attack can be thwarted by the course of action that involves operating on Windows Registers, and is related to Marcher?",False,False,False,False,False,False,False,False,EQUIVALENT,"Both questions ask about the same type of malicious attack and its relation to Marcher, with the only difference being minor rewording of the action and association."
"What malware campaign tactics are typically associated with the Frankenstein group, and what attack patterns are commonly used in their American campaigns?","What attack pattern is commonly linked to the malware used in American campaigns attributed to the Frankenstein group, and how does",False,False,False,False,False,False,False,False,NOT_EQUIVALENT,"The paraphrased question changes the relationship between the attack pattern and the malware, asking about tactics instead of patterns, and also adds an extra question about American campaigns, which is not present in the original."
What malicious activities does AndroidOS/MalLocker.B conduct through its typical attack pattern?,What kind of attack pattern does the AndroidOS/MalLocker.B use to carry out its malicious activities?,False,False,False,False,False,False,False,False,NOT_EQUIVALENT,"The paraphrased question changes the relationship between the malware and its activities, asking about the activities first and the attack pattern second, whereas the original question asks about the attack pattern first."
What Linux Rabbit attack pattern exploits which asset most?,"What asset is most vulnerable to the attack pattern that utilizes PowerShell scripts, which is characteristic of the Linux Rabbit?",False,False,False,False,False,False,False,False,NOT_EQUIVALENT,"The paraphrased question changes the relationship between the attack pattern and the asset, asking which asset is exploited by the attack pattern, whereas the original question asks which asset is vulnerable to the attack pattern."
What attack method does the Trojan.Karagany malware primarily utilize?,Which attack pattern does the Trojan.Karagany's tool rely on?,False,False,False,False,False,False,False,False,EQUIVALENT,"Both questions ask about the same attack pattern or method used by the same entity (Trojan.Karagany), with the only difference being superficial rewording of the question."
How does engaging with Windows Registers impact the containment of the Brave Prince threat and its affiliated malicious tactics?,In what way can the course of action that involves operating on Windows Registers help to prevent the spread of Brave Prince and its associated attack pattern?,False,False,False,False,False,False,False,False,UNPARSEABLE,"The paraphrased question changes the focus from ""preventing the spread"" to ""containing the threat"", which implies a shift from proactive to reactive measures."
"What malware operation, designated as C0011, has been associated with which tools?",What tools have been linked to malware exploited by the group that was responsible for the operation C0011?,False,False,False,False,False,False,False,False,NOT_EQUIVALENT,"The paraphrased question changes the relationship between the entities, asking for the operation to be associated with tools, whereas the original question asks for the tools linked to the operation."
"What type of malicious activity can be thwarted through a course of action centered on Windows Registers, particularly in relation to JHUHUGIT?","What type of attack pattern can be prevented by the course of action that involves operating on Windows Registers, specifically in relation to JHUHUGIT?",False,False,False,False,False,False,False,False,EQUIVALENT,"Both questions ask about the same type of attack pattern and its prevention method in relation to the same entity (JHUHUGIT) on the same platform (Windows Registers), despite minor changes in wording."
What methods are commonly used by DDKONG to compromise system security?,What type of attack does DDKONG typically employ to infect systems?,False,False,False,False,False,False,False,False,EQUIVALENT,"Both questions ask about the methods used by DDKONG to compromise system security, with the only difference being in the wording of the outcome (infect vs. compromise)."
What measures can be taken by operating on Windows Registers to counteract the attack pattern attributed to LiteDuke?,How can the course of action that involves operating on Windows Registers help to prevent the attack pattern associated with LiteDuke?,False,False,False,False,False,False,False,False,EQUIVALENT,"Both questions ask about the same relationship between operating on Windows Registers and preventing the LiteDuke attack pattern, with the only difference being superficial rewording of the action and the attribute."
What action would you take to stop the BitPaymer attack pattern by modifying Windows Registers?,How can the course of action that involves operating on Windows Registers help to prevent the attack pattern associated with BitPaymer?,False,False,False,False,False,False,False,False,UNPARSEABLE,"The paraphrased question changes the verb tense and the phrase ""help to prevent"" to ""stop"", but more importantly, it changes the focus from a course of action to a general action, which may not necessarily involve the same entities and relationship as the original question."
What actions related to Windows Registers can be taken to thwart the attack pattern linked to NanoCore?,How can the course of action that involves operating on Windows Registers help to prevent the attack pattern associated with NanoCore?,False,False,False,False,False,False,False,False,EQUIVALENT,"Both questions ask about the same relationship between a course of action (operating on Windows Registers) and the same attack pattern (associated with NanoCore), with the only difference being superficial rewording of the verbs and phrases."
What course of action effectively counters the attack pattern by targeting Windows Registers in relation to FlixOnline?,What attack pattern is effectively countered by the course of action that targets Windows Registers in relation to FlixOnline?,False,False,False,False,False,False,False,False,EQUIVALENT,"Both questions ask about the same relationship between the same entities (attack pattern and course of action) with the same target (Windows Registers in relation to FlixOnline), despite minor rewording."
What Windows Registry settings are implemented to thwart the spread of the Olympic Destroyer malware?,What course of action on Windows Registers is designed to prevent the spread of Olympic Destroyer?,False,False,False,False,False,False,False,False,EQUIVALENT,"Both questions ask about the same course of action (settings) on Windows Registers (Registry) to prevent the spread of the same malware (Olympic Destroyer), with only minor changes in wording."
What action has been implemented on Windows Registers to stop the proliferation of FruitFly?,What course of action on Windows Registers is designed to prevent the spread of FruitFly?,False,False,False,False,False,False,False,False,EQUIVALENT,"Both questions ask about the same action taken on Windows Registers to prevent the spread of FruitFly, with the only difference being in the verb used to describe the action."
What attack pattern is typically employed by the STARWHALE threat?,Which attack pattern does STARWHALE usually utilize?,False,False,False,False,False,False,False,False,EQUIVALENT,"Both questions ask about the same attack pattern utilized by the same entity (STARWHALE), with the only difference being minor rewording."
"What type of attack pattern is typically associated with malware employed in FIN4-related campaigns targeting American organizations, and what are the characteristics of this malware?","What attack pattern is commonly linked to the malware used in American campaigns attributed to the FIN4 group, and how does",False,False,False,False,False,False,False,False,NOT_EQUIVALENT,"The paraphrased question introduces the term ""FIN4-related campaigns"" which implies a broader scope than the original's ""American campaigns attributed to the FIN4 group"", suggesting a different relationship between the attack pattern and the group."
What specific attack pattern can be effectively mitigated by targeting Windows Registers in the context of Corona Updates?,What attack pattern is effectively countered by the course of action that targets Windows Registers in relation to Corona Updates?,False,False,False,False,False,False,False,False,EQUIVALENT,"Both questions ask about the same attack pattern and its relation to Windows Registers in the context of Corona Updates, with the only difference being minor rewording."
What attack pattern is typically associated with Mandrake and can be mitigated by manipulating Windows Registers?,"Which attack pattern is prevented by operating on Windows Registers, and is directly linked to the presence of Mandrake?",False,False,False,False,False,False,False,False,NOT_EQUIVALENT,"The paraphrased question changes the relationship between the attack pattern and the entities involved, as it implies a typical association with Mandrake rather than a direct link."
What malicious activities are carried out by the MAZE using its typical attack pattern?,What kind of attack pattern does the MAZE use to carry out its malicious activities?,False,False,False,False,False,False,False,False,NOT_EQUIVALENT,"The paraphrased question changes the relationship between the MAZE and its attack pattern, asking about the activities instead of the pattern itself."
What specific mitigation strategy targets Windows Registers to counter the Cyclops Blink attack pattern?,What attack pattern is effectively countered by the course of action that targets Windows Registers in relation to Cyclops Blink?,False,False,False,False,False,False,False,False,EQUIVALENT,"Both questions target the same relationship between a mitigation strategy and the Cyclops Blink attack pattern, with the same entities (Windows Registers) and the same scope."
"What Windows Registers operation prevents a specific attack pattern, and does this prevention have a direct correlation with the presence of CARROTBAT?","Which attack pattern is prevented by operating on Windows Registers, and is directly linked to the presence of CARROTBAT?",False,False,False,False,False,False,False,False,NOT_EQUIVALENT,"The paraphrased question changes the relationship between the attack pattern and CARROTBAT from ""directly linked"" to ""direct correlation"", which implies a different relationship."
What methods of attack is Hornbill typically associated with in the context of system infection?,What type of attack does Hornbill typically employ to infect systems?,False,False,False,False,False,False,False,False,NOT_EQUIVALENT,"The paraphrased question changes the relationship between Hornbill and the attack methods, asking about association instead of employment."
How can operating on Windows Registers contribute to preventing the dissemination of the LookBack attack pattern?,In what way can the course of action that involves operating on Windows Registers help to prevent the spread of LookBack and its associated attack pattern?,False,False,False,False,False,False,False,False,UNPARSEABLE,"The paraphrased question changes the verb ""prevent"" to ""contribute to preventing"", and the noun ""spread"" to ""dissemination"", which may imply a difference in the scope or the relationship being asked about."
What attack pattern is utilized by the China Chopper?,What type of attack pattern does the China Chopper employ?,False,False,False,False,False,False,False,False,EQUIVALENT,"Both questions ask about the same attack pattern and entity (China Chopper), with the only difference being a change in verb wording (""employ"" vs. ""utilized"")."
What steps can be taken to prevent the spread of Proxysvc and its related attack pattern by utilizing Windows Registers in a targeted manner?,In what way can the course of action that involves operating on Windows Registers help to prevent the spread of Proxysvc and its associated attack pattern?,False,False,False,False,False,False,False,False,UNPARSEABLE,"The paraphrased question introduces the concept of ""targeted manner"" which implies a specific approach that may not be present in the original question."
What kind of attack pattern typically employs the TEARDROP method?,Which attack pattern does TEARDROP usually utilize?,False,False,False,False,False,False,False,False,EQUIVALENT,"Both questions ask about the attack pattern associated with TEARDROP, with the only difference being superficial rewording."
What malware attack patterns are commonly linked to American campaigns attributed to the WIRTE group?,What type of malware attack pattern is typically associated with American campaigns linked to the WIRTE group?,False,False,False,False,False,False,False,False,EQUIVALENT,"Both questions ask about the same type of malware attack pattern associated with the same entity (American campaigns) and the same group (WIRTE), with the only difference being minor rewording."
Can SQL-based threats be identified and flagged through Cloud Storage Enumeration?,Can the 'Cloud Storage Enumeration' identify and flag SQL-based threats?,False,False,False,False,False,False,False,False,EQUIVALENT,"Both questions ask about the same relationship between the same entities, with the paraphrased version simply reordering the words to maintain the same meaning."
Can Cloud Storage Metadata effectively detect SQL-based attack techniques?,Is the 'Cloud Storage Metadata' capable of identifying SQL-based attack methods?,False,False,False,False,False,False,False,False,EQUIVALENT,"Both questions ask about the capability of 'Cloud Storage Metadata' to identify or detect SQL-based attack methods, with the only difference being the verb used ('capable of identifying' vs. 'effectively detect')."
What are the potential countermeasures for a trojan deployed through a cyberattack that leverages living off the land (LotL) tactics to infiltrate a system?,What are the possible remediations for trojan used in campaign in which living of the land (LotL) techniques have been used to gain access?,False,False,False,False,False,False,False,False,EQUIVALENT,"Both questions ask about the same entities (trojan) and relationship (remediations/countermeasures) in the context of the same technique (LotL), with the only difference being minor rewording of the attack method and scope."
What types of systems are most commonly targeted by malware designed to take advantage of weaknesses in industrial control system technology?,What types of systems are the primary targets of malware created to exploit vulnerabilities in ICS devices?,False,False,False,False,False,False,False,False,EQUIVALENT,"Both questions ask about the primary targets of malware exploiting ICS device vulnerabilities, with the paraphrased version using synonyms for ""malware"" and ""vulnerabilities""."
What type of malicious software does an encryption-based security approach aim to deter or block?,What kind of malicious software does a security strategy that employs encryption aim to counter or prevent?,False,False,False,False,False,False,False,False,EQUIVALENT,"Both questions ask about the same type of malicious software and the same security strategy, with the only difference being in the wording of the verbs ""counter/prevent"" and ""deter/block""."
What are the primary countermeasures against spyware utilizing camera capabilities that can be incorporated into data loss prevention protocols?,What are the key data loss prevention (DLP) strategies that can be implemented to counter spyware techniques that use cameras?,False,False,False,False,False,False,False,False,EQUIVALENT,"Both questions ask about countermeasures against spyware using cameras, with the primary difference being superficial rewording of the question's structure and terminology."
"What methods do RaaS utilize to execute DDoS attacks, and what countermeasures employing signature-based or heuristic approaches can be used to thwart or minimize their impact?","How do RaaS use DDoS attacks, and what are the mitigation strategies that utilize signatures or heuristics to prevent or mitigate these attacks?",False,False,False,False,False,False,False,False,EQUIVALENT,"Both questions ask about the methods RaaS use to execute DDoS attacks and the countermeasures that use signatures or heuristics to prevent or mitigate these attacks, with the only difference being in the wording of the attack prevention/mitigation part."
"What techniques do ransomware-as-a-service (RaaS) operations typically employ to orchestrate Distributed Denial of Service (DDoS) attacks, and how do signature-based and heuristic-driven mitigation strategies respond to these types of threats?","What are the techniques used by RaaS to execute DDoS attacks, and how do mitigation strategies that rely on signatures or heuristics address these threats?",False,False,False,False,False,False,False,False,EQUIVALENT,"Both questions ask about the same techniques and mitigation strategies, with the only difference being in the wording and capitalization of the acronym ""RaaS"" and the description of DDoS attacks."
What methods are most commonly used to identify and detect the token manipulation tactics employed by malicious spyware?,What are the most effective detection methods for token manipulation techniques used by spyware?,False,False,False,False,False,False,False,False,EQUIVALENT,"Both questions ask about the same detection methods for the same token manipulation techniques used by spyware, with the paraphrased version rewording the focus from ""effective"" detection to ""commonly used"" identification and detection."
What strategies are most effective in countering and neutralizing the impact of RaaS malware utilized by APT1?,What are the key strategies for detecting and mitigating RaaS malware used by APT1?,False,False,False,False,False,False,False,False,EQUIVALENT,"Both questions ask about the same strategies for the same entity (RaaS malware) used by the same actor (APT1), with the only difference being in the wording of the verbs and the tone."
What kinds of industrial control systems are commonly exploited by malware linked to the threat actor Evilnum?,What types of systems are typically targeted by malware designed to compromise ICS devices used by Evilnum?,False,False,False,False,False,False,False,False,EQUIVALENT,"Both questions target the same type of systems (ICS devices) and refer to the same threat actor (Evilnum), with the only difference being superficial rewording of the system type."
What platforms are typically targeted by the malware used by the threat actor known as TA505?,What are the primary platforms exploited by the worms employed by TA505?,False,False,False,False,False,False,False,False,EQUIVALENT,"Both questions ask about the same entities (TA505 and its malware) and the same relationship (the platforms they target), with only superficial rewording of the entities and the verb."
What tactics and techniques utilized by the Gorgon Group are associated with.NET malware?,Describe the.NET malware techniques employed by the Gorgon Group campaign.,False,False,False,False,False,False,False,False,NOT_EQUIVALENT,"The paraphrased question changes the focus from describing the techniques to asking about the techniques associated with the malware, which may imply a different scope or relationship."
What platforms are commonly targeted by the malware used by the FIN7 group?,What are the primary platforms exploited by the worms employed by FIN7?,False,False,False,False,False,False,False,False,EQUIVALENT,"Both questions ask about the same entities (FIN7 and its malware) and the same relationship (the platforms they target), with only superficial rewording of the question's wording and syntax."
What types of systems are vulnerable to being targeted by malware specifically designed for Industrial Control Systems operated by CopyKittens?,What types of systems are at risk of being compromised by malware tailored towards ICS devices used by CopyKittens?,False,False,False,False,False,False,False,False,EQUIVALENT,"Both questions ask about the same types of systems being targeted by the same type of malware, with the only difference being a slight rewording of the term ""ICS devices"" to ""Industrial Control Systems""."
What types of industrial control systems are commonly targeted by malicious malware designed to infiltrate the systems utilized by IndigoZebra?,What types of systems are typically targeted by malware designed to compromise ICS devices used by IndigoZebra?,False,False,False,False,False,False,False,False,EQUIVALENT,"Both questions ask about the same type of systems targeted by malware, referring to the same entities and relationship, with only superficial rewording of ""ICS devices"" to ""industrial control systems"" and ""used by"" to ""utilized by""."
What operating systems are typically targeted by the malware employed by APT1?,Which operating systems are commonly targeted by the worms utilized by APT1?,False,False,False,False,False,False,False,False,EQUIVALENT,"Both questions ask about the same entities (operating systems) and relationship (being targeted by APT1's malware), with only superficial rewording of ""worms"" to ""malware"" and ""utilized"" to ""employed""."
What ICS devices are typically targeted by malware designed and deployed by the threat actor known as Putter Panda?,What are the main targets of malware specifically crafted to infect ICS devices operated by Putter Panda?,False,False,False,False,False,False,False,False,NOT_EQUIVALENT,"The paraphrased question changes the focus from the targets of the malware to the devices operated by the threat actor, altering the relationship and scope of the question."
What types of systems are typically attacked by malware that targets the Industrial Control Systems devices of WIRTE?,What types of systems are commonly targeted by malware used to compromise the ICS devices of WIRTE?,False,False,False,False,False,False,False,False,EQUIVALENT,"Both questions ask about the same type of systems targeted by malware, with the same entity (ICS devices) and relationship, despite minor differences in wording."
What techniques are characteristic of the Magic Hound intrusion set in the context of.NET malware?,Which.NET malware techniques are characteristic of the Magic Hound intrusion set?,False,False,False,False,False,False,False,False,EQUIVALENT,"Both questions ask about the same techniques characteristic of the same intrusion set, with the only difference being the addition of a contextual phrase in the paraphrased version."
In what environments are the tactics employed by Strider typically deployed?,On which platforms are the spyware techniques used by Strider typically implemented?,False,False,False,False,False,False,False,False,EQUIVALENT,"Both questions ask about the typical deployment environments of Strider's tactics, with the only difference being superficial rewording of ""platforms"" as ""environments"" and ""spyware techniques"" as ""tactics""."
Which systems are commonly targeted by malware created to breach Industrial Control Systems utilized by the notorious hacking group known as Ferocious Kitten?,What types of systems are typically targeted by malware designed to compromise ICS devices used by Ferocious Kitten?,False,False,False,False,False,False,False,False,EQUIVALENT,"Both questions ask about the same entities (malware and ICS devices) and the same relationship (targeting), with the only difference being superficial rewording of the group's name and the systems being targeted."
Which systems are typically targeted by the malware worms associated with the Dust Storm?,What platforms do the malware worms used by Dust Storm tend to infect?,False,False,False,False,False,False,False,False,EQUIVALENT,"Both questions ask about the same entities (malware worms) and their relationship (the platforms they infect), with the only difference being superficial rewording of the entities and the relationship."
On which devices or platforms does Ke3chang's malware generally execute its operations?,On what platforms or devices do the spyware techniques used by Ke3chang typically operate?,False,False,False,False,False,False,False,False,EQUIVALENT,"Both questions ask about the platforms or devices where Ke3chang's spyware operates, with the only difference being minor rewording of the terms ""spyware techniques"" and ""malware operations""."
What platforms do Metador's malware typically propagate its malicious payload across?,On what platforms do the worms used by Metador usually spread their malicious code?,False,False,False,False,False,False,False,False,EQUIVALENT,"Both questions ask about the platforms used by Metador to spread its malicious code, with the only difference being the use of ""worms"" vs. ""malware"" and ""malicious code"" vs. ""malicious payload""."
"What devices are commonly targeted by the backdoor operated by Indrik Spider, which utilizes RPC functionality?",Which types of devices are usually compromised by the RPC-based backdoor employed by Indrik Spider?,False,False,False,False,False,False,False,False,EQUIVALENT,"Both questions ask about the same entities (devices) and relationship (being targeted by the backdoor), with the paraphrased version using different wording to describe the backdoor's functionality."
In which settings do FIN6 malware usually display their malicious actions?,In which environments do the worms used by FIN6 typically exhibit their malicious behavior?,False,False,False,False,False,False,False,False,EQUIVALENT,"Both questions refer to the same entities (FIN6 and its malware) and the same relationship (exhibiting/malicious behavior), with only superficial rewording of ""environments"" to ""settings"" and ""malicious behavior"" to ""malicious actions""."
What are the telltale signs and markers of a RaaS malware attack associated with the Lotus Blossom threat actor?,What are the key indicators of compromise for RaaS malware used by Lotus Blossom?,False,False,False,False,False,False,False,False,EQUIVALENT,"Both questions ask about the same relationship (indicators of compromise) and the same entity (RaaS malware), with the paraphrased version using synonyms (tell-tale signs and markers) for the key indicators."
Which types of industrial control systems are commonly exploited by malware attributed to the activities of the notorious threat actor group known as APT37?,What types of systems are typically targeted by malware designed to compromise ICS devices used by APT37?,False,False,False,False,False,False,False,False,EQUIVALENT,"Both questions target the same type of systems (ICS) and the same threat actor group (APT37), with the paraphrased version providing additional context about the group's notoriety."
What characteristics can be identified in the malware associated with the APT33 campaign?,What are the characteristics of.NET malware involved in the APT33 campaign?,False,False,False,False,False,False,False,False,EQUIVALENT,"Both questions ask about the characteristics of the same malware (implied by ""the malware"") associated with the same campaign (APTS33), with the only difference being in the wording of the verb ""are"" and ""can be identified""."
What.NET malware tactics are typically associated with the TA505 intrusion set?,Which.NET malware techniques are characteristic of the TA505 intrusion set?,False,False,False,False,False,False,False,False,EQUIVALENT,"Both questions ask about the same entities (.NET malware techniques) and relationship (characteristic of/associated with) the same entity (TA505 intrusion set), with only superficial rewording."
What are the most effective countermeasures against RaaS malware employed by the advanced threat actor APT39?,What methods can be used to detect and prevent RaaS malware used by APT39?,False,False,False,False,False,False,False,False,EQUIVALENT,"Both questions ask about the same entities (RaaS malware and APT39) and the same relationship (methods to detect and prevent), with the paraphrased version using different wording to convey the same meaning."
What types of systems do malware specifically designed to target industrial control networks operated by Earth Lusca primarily aim to infect?,What are the main targets of malware specifically crafted to infect ICS devices operated by Earth Lusca?,False,False,False,False,False,False,False,False,EQUIVALENT,"Both questions ask about the same entities (malware and ICS devices) and the same relationship (infection), with the paraphrased version using synonyms for ""main targets"" and ""specifically crafted"" and rephrasing ""operated by"" as ""operated by"" is still present."
"Was MarkiRAT utilized by the Honeybee threat actor in their operation, and if so, what are the key actions it performed?","Can you confirm whether MarkiRAT was used by the Honeybee in their campaign? If yes, what are its primary behaviors?",False,False,False,False,False,False,False,False,EQUIVALENT,"Both questions ask about the same entity (MarkiRAT) and its relationship to the same entity (Honeybee), with the only difference being minor rewording of the question's wording and the term ""campaign"" vs ""operation""."
Can a potential threat actor exploit the Outlook Home Page to gain unauthorized access to the Control Server?,Can the Outlook Home Page be used to compromise the Control Server?,False,False,False,False,False,False,False,False,EQUIVALENT,"Both questions ask about the same relationship (exploitation) between the same entities (Outlook Home Page and Control Server), with the only difference being the addition of a phrase (""potential threat actor"") that does not change the core meaning."
"Has GOLD SOUTHFIELD utilized the malware Mivast in their cyber operations? If so, what specific behaviors have been documented for this malware?","Has Mivast been employed in the cyber campaign orchestrated by GOLD SOUTHFIELD? If so, what are its identified behaviors?",False,False,False,False,False,False,False,False,EQUIVALENT,"Both questions ask about the same entities (Mivast and GOLD SOUTHFIELD) and the same relationship (utilization of Mivast in GOLD SOUTHFIELD's cyber operations), with the paraphrased version using more precise language to describe the operation and the outcome."
Were the key behaviors of the Ferocious Kitten campaign associated with the detection of Desert Scorpion?,"Were any instances of Desert Scorpion detected in the Ferocious Kitten campaign? If yes, what are its key behaviors?",False,False,False,False,False,False,False,False,NOT_EQUIVALENT,"The paraphrased question changes the relationship between the entities, asking about association instead of detection."
In which domains is the cmd most frequently encountered?,What are the domains where cmd is most commonly found?,False,False,False,False,False,False,False,False,EQUIVALENT,"Both questions ask about the same relationship (domains where cmd is commonly found) and refer to the same entity (cmd), with only minor surface-level wording changes."
What are the primary targets of the tactics and methods employed by Metador?,What types of platforms or devices are the Metador tactics and methods primarily intended to target?,False,False,False,False,False,False,False,False,EQUIVALENT,"Both questions ask about the primary targets of Metador's tactics and methods, with the paraphrased version maintaining the same meaning and focus."
What was the primary target of the 2015 Ukraine Electric Power Attack cyberattack?,What platform was the focal point of the 2015 Ukraine Electric Power Attack's cyberattack?,False,False,False,False,False,False,False,False,EQUIVALENT,Both questions ask about the same entity (the primary target) and relationship (the 2015 Ukraine Electric Power Attack's cyberattack) with minimal change in wording.
What was the primary target of the FunnyDream cyberattack's focus?,What platform was the focal point of the FunnyDream's cyberattack?,False,False,False,False,False,False,False,False,EQUIVALENT,"Both questions ask about the same entity (the platform) and relationship (being the focal point/target of the cyberattack), with only minor changes in wording."
What was the primary focus of the C0017 attack?,What was the primary target in the C0017?,False,False,False,False,False,False,False,False,EQUIVALENT,"Both questions ask about the primary target of the C0017, with the paraphrased version using ""focus"" instead of ""target""."
What methods do malicious actors employ to avoid detection by firewalls and other security tools when utilizing the Trojan-SMS.AndroidOS.OpFake.a threat?,In what ways do Trojan-SMS.AndroidOS.OpFake.a techniques evade detection by firewalls and other security tools?,False,False,False,False,False,False,False,False,EQUIVALENT,"Both questions ask about the same techniques used by the Trojan-SMS.AndroidOS.OpFake.a threat to evade detection, with the only difference being superficial rewording of the question and the phrase ""malicious actors"" vs. ""Trojan-SMS.AndroidOS.OpFake.a techniques""."
What tactics do Pegasus for iOS exploits employ to bypass security protocols?,What security measures do Pegasus for iOS techniques manage to evade?,False,False,False,False,False,False,False,False,NOT_EQUIVALENT,"The paraphrased question changes the focus from the security measures evaded to the tactics employed to bypass security protocols, altering the relationship between the entities."
What methods does XLoader utilize to remain undetected by firewalls and other security software?,In what ways do XLoader techniques evade detection by firewalls and other security tools?,False,False,False,False,False,False,False,False,EQUIVALENT,"Both questions ask about the same relationship (methods of evasion) and entities (XLoader techniques), with the only difference being superficial rewording of the question's wording and syntax."
What type of defense can be compromised by a Ping?,Which defense Ping can be compromised by?,False,False,False,False,False,False,False,False,NOT_EQUIVALENT,The paraphrased question changes the type of information being asked (type of defense) and the relationship between the entities (Ping being the one that compromises the defense).
What methods do security systems struggle to detect due to the nature of BOOTRASH tactics?,How do BOOTRASH tactics avoid detection by security systems?,False,False,False,False,False,False,False,False,NOT_EQUIVALENT,"The paraphrased question changes the focus from the tactics' methods to the systems' detection capabilities, altering the relationship between the tactics and the security systems."
In which domains does the malicious activity of Out1 take place?,In what domains does Out1 carry out its malicious activities?,False,False,False,False,False,False,False,False,EQUIVALENT,"Both questions ask about the domains where Out1 performs its malicious activities, with the only difference being a change in wording (""carry out"" vs. ""take place"")."
What platform does Pupy specifically operate on?,What is the target platform for Pupy?,False,False,False,False,False,False,False,False,EQUIVALENT,"Both questions ask about the same entity (Pupy) and the same relationship (its target platform), with the paraphrased version using a synonym (""operate on"" instead of ""target platform for"")."
What methods are used by EnvyScout threats to remain undetected by intrusion detection systems and other security software?,How do EnvyScout attacks manage to evade detection by intrusion detection systems and other security software?,False,False,False,False,False,False,False,False,EQUIVALENT,"Both questions ask about the same entity (EnvyScout) and its relationship (evading detection) with the same entities (intrusion detection systems and other security software), with only minor changes in wording."
In which areas or networks does MCMD conduct its malicious operations?,In what domains does MCMD carry out its malicious activities?,False,False,False,False,False,False,False,False,EQUIVALENT,"Both questions ask about the domains or areas where MCMD conducts its malicious activities, with the only difference being in the wording of ""domains"" and ""areas/networks""."
What methods do security tools struggle to detect due to ZLib?,In what ways do ZLib techniques evade detection by firewalls and other security tools?,False,False,False,False,False,False,False,False,NOT_EQUIVALENT,"The paraphrased question changes the focus from the techniques used by ZLib to evade detection to the methods that security tools struggle to detect, altering the scope and relationship between ZLib and security tools."
What techniques do ACAD/Medre.A use to avoid being detected by intrusion detection systems and other security software?,How do ACAD/Medre.A attacks manage to evade detection by intrusion detection systems and other security software?,False,False,False,False,False,False,False,False,EQUIVALENT,"Both questions ask about the same entities (ACAD/Medre.A) and the same relationship (evading detection), with only minor changes in wording and syntax."
What types of systems or networks are targeted by the Silent Librarian tactics for compromise or disruption?,What platforms do the Silent Librarian techniques aim to compromise or disrupt?,False,False,False,False,False,False,False,False,NOT_EQUIVALENT,"The paraphrased question changes the focus from ""platforms"" to ""types of systems or networks"", which may refer to different entities and relationships."
What types of systems and networks are commonly targeted by the APT37 for unauthorized entry?,What platforms are typically exploited by the APT37 to gain unauthorized access?,False,False,False,False,False,False,False,False,NOT_EQUIVALENT,"The paraphrased question changes the focus from ""platforms"" to ""types of systems and networks"", which may not necessarily be exploited by APT37, and also changes the verb ""gain"" to ""targeted for unauthorized entry"", which alters the relationship being asked about."
What distinguishes the Chimera from other threats in terms of its fundamental nature?,What are the distinguishing characteristics of the Chimera?,False,False,False,False,False,False,False,False,NOT_EQUIVALENT,"The paraphrased question changes the focus from asking for characteristics to asking for what distinguishes the Chimera, implying a shift in the scope of the answer."
What was the primary goal of the Triton Safety Instrumented System Attack in relation to the targeted industrial control system?,What was the main objective of the Triton Safety Instrumented System Attack in terms of the target platform?,False,False,False,False,False,False,False,False,EQUIVALENT,"Both questions ask about the main objective of the Triton Safety Instrumented System Attack, referring to the same target (platform or industrial control system), with the only difference being minor rewording of the terms ""main objective"" and ""primary goal"", and ""target platform"" and ""targeted industrial control system""."
Where does Cachedump's primary impact typically occur?,Where does Cachedump typically exert its influence?,False,False,False,False,False,False,False,False,EQUIVALENT,"Both questions ask about the location of Cachedump's influence, with the paraphrased version using a synonym (""primary impact"" instead of ""influence"")."
In what environment or platform does FTP carry out its operations?,Where does FTP execute its functions?,False,False,False,False,False,False,False,False,EQUIVALENT,"Both questions ask about the location where FTP performs its functions, with the paraphrased version using different wording to convey the same meaning."
What is the main function of the Prikormka?,What is the primary behavior of the Prikormka?,False,False,False,False,False,False,False,False,EQUIVALENT,"Both questions ask about the primary/main behavior or function of the Prikormka, with the same entity and scope."
What operations are carried out by Impacket across various domains?,What domains does Impacket target for its operations?,False,False,False,False,False,False,False,False,NOT_EQUIVALENT,"The paraphrased question changes the focus from the domains targeted by Impacket to the operations carried out across various domains, altering the relationship between Impacket and the domains."
What methods can bypass or compromise SDelete?,What defense SDelete can be defeated by?,False,False,False,False,False,False,False,False,NOT_EQUIVALENT,"The paraphrased question changes the relationship between SDelete and the methods in question, asking about bypassing or compromising it, whereas the original question asks about what can defeat it."
What types of defenses can be vulnerable to a netstat compromise?,Which defense netstat can be compromised by?,False,False,False,False,False,False,False,False,EQUIVALENT,"Both questions ask about the same relationship between a defense and a netstat compromise, with the paraphrased version rewording the question to focus on the types of defenses rather than the specific defense."
What techniques do Black Basta employ to remain undetected by intrusion detection systems and other security software?,How do Black Basta attacks manage to evade detection by intrusion detection systems and other security software?,False,False,False,False,False,False,False,False,EQUIVALENT,"Both questions ask about the same entities (Black Basta) and the same relationship (evading detection), with only minor changes in wording and syntax."
What can evade the security measures listed in Tasklist?,What defense Tasklist can be sidestepped by?,False,False,False,False,False,False,False,False,NOT_EQUIVALENT,"The paraphrased question changes the focus from a specific defense tasklist to a more general security measures, altering the scope of the question."
What tactics do the Gold Dragon attacks employ to successfully evade detection by intrusion detection systems and other security software?,How do Gold Dragon attacks manage to evade detection by intrusion detection systems and other security software?,False,False,False,False,False,False,False,False,EQUIVALENT,"Both questions ask about the same tactics employed by Gold Dragon attacks to evade detection by intrusion detection systems and other security software, with the only difference being in the wording of the verb ""manage"" and ""employ""."
In which domains does PoshC2 typically operate?,What are the domains where PoshC2 is most commonly found?,False,False,False,False,False,False,False,False,EQUIVALENT,"Both questions ask about the domains where PoshC2 is typically found, with the same entity (PoshC2) and the same relationship (location or operation)."
What methods do Bumblebee threats utilize to remain undetected by intrusion detection systems and other types of security software?,How do Bumblebee attacks manage to evade detection by intrusion detection systems and other security software?,False,False,False,False,False,False,False,False,EQUIVALENT,"Both questions ask about the same entities (Bumblebee threats) and the same relationship (methods of evading detection), with only minor changes in wording and syntax."
What type of malware is believed to have been used by the entity identified as C0026?,The C0026 is thought to have employed which form of malware?,False,False,False,False,False,False,False,False,EQUIVALENT,"Both questions refer to the same entity (C0026) and ask about the same relationship (the type of malware used), with the paraphrased version rewording the question to make it more formal and explicit."
What platforms does QuasarRAT primarily operate on?,What is the target platform for QuasarRAT?,False,False,False,False,False,False,False,False,NOT_EQUIVALENT,"The paraphrased question changes the scope of the query from asking about a single target platform to asking about multiple platforms, potentially altering the expected answer."
"Where are Lslsass typically active, and which domains are often implicated in its activities?","Where does Lslsass usually operate, and what domains are involved?",False,False,False,False,False,False,False,False,EQUIVALENT,"Both questions ask about the typical location and domains associated with Lslsass, with the same entities and relationship."
What malware is primarily utilized by APT37 for the purpose of data theft?,What is the primary malware used by the APT37 for stealing data?,False,False,False,False,False,False,False,False,EQUIVALENT,"Both questions ask about the primary malware used by APT37 for the same purpose of stealing data, with the only difference being superficial rewording of the verb and preposition."
What malware is used by the notorious hacker group known as Sharpshooter to gain unauthorized access or extort victims?,What is the identity of the backdoor or ransomware used by the Sharpshooter?,False,False,False,False,False,False,False,False,NOT_EQUIVALENT,"The paraphrased question introduces an ambiguity by mentioning ""gain unauthorized access or extort victims"", which is not present in the original question, and also changes the focus from the specific type of malware (""backdoor or ransomware"") to a more general type (""malware"")."
What methods can be employed to identify the occurrence of OBAD within a system?,How do you detect the presence of OBAD in a system?,False,False,False,False,False,False,False,False,EQUIVALENT,"Both questions ask about the same method (detection/identification) and the same entity (OBAD) within the same context (a system), with the only difference being the verb choice."
What malware does the malicious actor known as SideCopy utilize?,What is the name of the rootkit or spyware used by the SideCopy?,False,False,False,False,False,False,False,False,EQUIVALENT,"Both questions ask about the same entity (malware) used by the same entity (SideCopy), with the only difference being superficial rewording of the term ""rootkit or spyware"" to ""malware""."
What malware variant is associated with the threat actor known as Honeybee?,What backdoor or ransomware variant is employed by the Honeybee?,False,False,False,False,False,False,False,False,NOT_EQUIVALENT,"The paraphrased question changes the relationship between ""Honeybee"" and the malware variant, implying it is a threat actor associated with the malware, whereas the original question asks about the malware variant employed by Honeybee."
What malware is associated with the notorious Stolen Pencil operation?,Which type of rootkit or spyware is linked to the Stolen Pencil?,False,False,False,False,False,False,False,False,NOT_EQUIVALENT,"The paraphrased question changes the type of malware (rootkit or spyware) and the tone (notorious operation), potentially altering the scope of the question."
What methods are employed to identify and detect SOUNDBITE?,Can you tell me about the techniques used to detect SOUNDBITE?,False,False,False,False,False,False,False,False,EQUIVALENT,"Both questions ask about the same techniques and relationship, with the paraphrased version using synonyms (""identify and detect"" vs. ""tell me about"") and slightly reworded verb phrases."
What malware is being utilized in the Operation CuckooBees?,What rootkit or spyware is being used in the Operation CuckooBees?,False,False,False,False,False,False,False,False,EQUIVALENT,"Both questions ask about the same type of malicious software used in Operation CuckooBees, with the only difference being the specific terms ""rootkit or spyware"" vs. ""malware"", which refer to the same general concept."
What malware is associated with the APT1 group's malicious operations?,What is the name of the backdoor or ransomware exploited by the APT1?,False,False,False,False,False,False,False,False,NOT_EQUIVALENT,"The paraphrased question changes the specific type of malware (backdoor or ransomware) and the term used (exploited vs. associated), altering the scope of the question."
What techniques are utilized to detect or identify HotCroissant?,What methods can be used to identify HotCroissant?,False,False,False,False,False,False,False,False,EQUIVALENT,"Both questions ask about the methods or techniques used to identify the same entity, HotCroissant, with no change in the relationship or scope."
What types of malware are utilized by UNC788 to compromise sensitive data?,What kind of malicious software is used by the UNC788 to steal sensitive information?,False,False,False,False,False,False,False,False,EQUIVALENT,"Both questions ask about the same type of malicious software used by UNC788, with the only difference being the wording of ""malicious software"" and ""malware"", and ""steal"" and ""compromise""."
What confidential data is primarily targeted by the malware used by Rocke for theft?,What is the primary malware used by the Rocke for stealing confidential data?,False,False,False,False,False,False,False,False,NOT_EQUIVALENT,"The paraphrased question changes the relationship between the malware and the data, asking about the data being targeted instead of the malware being used for stealing it."
What malware is utilized by the Cinnamon Tempest in its operations?,What backdoor or ransomware tool is employed by the Cinnamon Tempest?,False,False,False,False,False,False,False,False,EQUIVALENT,"Both questions ask about the same malware employed by the Cinnamon Tempest, with the only difference being superficial rewording of the term ""backdoor or ransomware tool"" as ""malware""."
What methods would you use to identify the presence of Gooligan within a system?,How do you detect the presence of Gooligan in a system?,False,False,False,False,False,False,False,False,EQUIVALENT,Both questions ask about the same method (detection/identification) and entity (Gooligan) in the same context (system).
What type of malicious software does Sidewinder utilize for stealing sensitive data?,What malware does Sidewinder employ for data theft?,False,False,False,False,False,False,False,False,EQUIVALENT,"Both questions ask about the same type of malware used by Sidewinder for the same purpose, with the only difference being superficial rewording of the software type and the action."
What malware is associated with the Sowbug and is utilized for illicit data access?,Which stealing software is linked to the Sowbug and used for unauthorized data access?,False,False,False,False,False,False,False,False,EQUIVALENT,"Both questions ask about the same entities (stealing software and Sowbug) and the same relationship (being linked to and used for unauthorized data access), with only superficial rewording of the terms ""stealing software"" and ""illicit data access""."
What tool or software does Operation Wocao leverage for data exfiltration purposes?,What malicious program does Operation Wocao use for data exfiltration?,False,False,False,False,False,False,False,False,EQUIVALENT,"Both questions ask about the same entity (the malicious program) and relationship (data exfiltration) used by Operation Wocao, with the only difference being superficial rewording of the question."
What malware tools are utilized by Operation Ghost to accomplish its goals?,What type of rootkit or spyware is employed by the Operation Ghost to achieve its objectives?,False,False,False,False,False,False,False,False,EQUIVALENT,"Both questions ask about the type of malware used by Operation Ghost, with the only difference being the wording of ""rootkit or spyware"" and ""malware tools""."
What indicators suggest the presence of Machete in a computer system?,What signs or symptoms indicate the presence of Machete in a computer?,False,False,False,False,False,False,False,False,EQUIVALENT,"Both questions ask about the same entity (Machete) and its presence in the same context (a computer), with the only difference being superficial rewording of the question."
What malware is utilized by the group known as the Mustard Tempest?,What is the identity of the backdoor or ransomware used by the Mustard Tempest?,False,False,False,False,False,False,False,False,EQUIVALENT,"Both questions ask about the same entity (malware) used by the same group (Mustard Tempest), with the only difference being superficial rewording of the term ""backdoor or ransomware"" and ""malware""."
What malware is most commonly linked to the malicious operations of Operation CuckooBees?,What ransomware or backdoor is typically associated with the malicious activities of the Operation CuckooBees?,False,False,False,False,False,False,False,False,EQUIVALENT,"Both questions ask about the same malware associated with the same Operation CuckooBees, with the only difference being the use of ""ransomware or backdoor"" vs. ""malware"", which is a broader term that still conveys the same meaning."
What techniques can be employed to detect the presence of CHOPSTICK?,What methods can be used to identify CHOPSTICK?,False,False,False,False,False,False,False,False,EQUIVALENT,"Both questions ask about identifying/detecting the same entity (CHOPSTICK) with the same intent, despite minor differences in wording."
What malware does the EXOTIC LILY primarily utilize for exfiltrating sensitive information?,What is the primary malware used by the EXOTIC LILY for stealing confidential data?,False,False,False,False,False,False,False,False,EQUIVALENT,"Both questions ask about the primary malware used by the EXOTIC LILY for stealing or exfiltrating confidential/sensitive information, with the same entity (EXOTIC LILY) and the same relationship being queried."
What techniques can one utilize to detect MoleNet?,What methods can be used to identify MoleNet?,False,False,False,False,False,False,False,False,EQUIVALENT,"Both questions ask about the same methods or techniques for the same entity, MoleNet, with the only difference being the verb used to describe the action."
What malware is attributed to the operations of the notorious threat actor known as the Aquatic Panda?,What is the name of the backdoor or ransomware exploited by the Aquatic Panda?,False,False,False,False,False,False,False,False,NOT_EQUIVALENT,"The paraphrased question changes the type of threat (""backdoor or ransomware"" vs ""malware"") and the description of the actor (""notorious threat actor"" vs ""Aquatic Panda""), altering the scope of the question."
What primary software tool is Dragonfly utilizing for the purposes of data theft and unauthorized system access?,What is the primary software tool used by Dragonfly for data theft and unauthorized access to user systems?,False,False,False,False,False,False,False,False,EQUIVALENT,"Both questions ask about the same entity (software tool) and relationship (used by Dragonfly for data theft and unauthorized access), with only minor changes in wording."
What methods would you use to identify the occurrence of yty within a system?,How do you detect the presence of yty in a system?,False,False,False,False,False,False,False,False,EQUIVALENT,"Both questions ask about the same method (detection/identification) and the same entity (yty) within the same context (a system), with the only difference being superficial rewording."
What are the noticeable indicators or manifestations of JHUHUGIT on a computer system?,What signs or symptoms indicate the presence of JHUHUGIT in a computer?,False,False,False,False,False,False,False,False,NOT_EQUIVALENT,"The paraphrased question introduces ""manifestations"" which could imply a broader scope than the original's ""signs or symptoms"", potentially altering the relationship between the question and its answer."
What kind of malware is associated with the threat group known as APT19?,Which type of rootkit or spyware is linked to the APT19?,False,False,False,False,False,False,False,False,EQUIVALENT,"Both questions ask about the type of malware associated with APT19, with the only difference being superficial rewording of the entities and relationship."
What methods are employed to identify and detect the presence of Winnti for Linux?,Can you tell me about the techniques used to detect Winnti for Linux?,False,False,False,False,False,False,False,False,EQUIVALENT,"Both questions ask about the detection methods of Winnti for Linux, with the paraphrased version using slightly different wording but maintaining the same meaning and scope."
What indicators or warning signals suggest the presence of JSS Loader on a computer system?,What signs or symptoms indicate the presence of JSS Loader in a computer?,False,False,False,False,False,False,False,False,EQUIVALENT,"Both questions ask about the same entities (JSS Loader) and relationship (indication of presence) with similar wording, indicating the same meaning."
What does the term Ransomware signify within the context of cybersecurity?,What is the meaning of Ransomware in cybersecurity?,False,False,False,False,False,False,False,False,EQUIVALENT,"Both questions ask about the meaning of the term ""Ransomware"" in the context of cybersecurity, with the paraphrased version using slightly different wording but preserving the same meaning and scope."
What type of malware is commonly associated with the term Mustang Panda?,Which type of rootkit or spyware is linked to the Mustang Panda?,False,False,False,False,False,False,False,False,EQUIVALENT,"Both questions ask about the type of malware associated with the term ""Mustang Panda"", preserving the original meaning and entities."
What malware variant is associated with the threat group FIN6?,Which malicious backdoor or ransomware is linked to the FIN6?,False,False,False,False,False,False,False,False,EQUIVALENT,"Both questions ask about the same relationship between a malware variant and the threat group FIN6, with the only difference being superficial rewording of the entities and the question's wording."
What techniques can help in detecting and identifying the DroidJack RAT?,What methods can be used to identify DroidJack RAT?,False,False,False,False,False,False,False,False,EQUIVALENT,"Both questions ask about the same entity (DroidJack RAT) and the same task (identifying or detecting it), with the paraphrased version using synonyms for ""methods"" and ""used"" and adding a minor detail (""help in"")."
What malware does the notorious threat group APT28 specifically utilize for its espionage objectives?,Which specific malware does the APT28 employ for stealing purposes?,False,False,False,False,False,False,False,False,EQUIVALENT,"Both questions ask about the same malware used by APT28 for the same purpose, with the only difference being superficial rewording of the group's notoriety and objectives."
What malware specifically was utilized as part of the SolarWinds Compromise?,Can you identify the specific backdoor or ransomware used by the SolarWinds Compromise?,False,False,False,False,False,False,False,False,EQUIVALENT,"Both questions ask about the specific malware used in the SolarWinds Compromise, with the only difference being in the wording of ""backdoor"" and ""malware""."
What malware is primarily utilized by Stealth Falcon for the purposes of unauthorized data theft and access?,What is the primary malware used by Stealth Falcon for data theft and unauthorized access?,False,False,False,False,False,False,False,False,EQUIVALENT,"Both questions ask about the primary malware used by Stealth Falcon for the same purpose, with the only difference being minor variations in wording."
What methods can be employed to detect and identify the malware known as Lizar?,What methods can be used to identify Lizar?,False,False,False,False,False,False,False,False,EQUIVALENT,"Both questions ask about the same methods for identifying the same entity, Lizar, with the only difference being the addition of a synonym (""detect and identify"" vs. ""detect"") and a descriptor (""malware known as"") in the paraphrased question."
What malware does APT1 utilize for the purpose of exfiltrating sensitive information?,What is the name of the malware used by the APT1 for stealing sensitive data?,False,False,False,False,False,False,False,False,EQUIVALENT,Both questions ask about the same malware used by APT1 for the same purpose of stealing or exfiltrating sensitive data/information.
What is the specific type of malware that is associated with the threat actor known as Mustang Panda?,Which malicious backdoor or ransomware is linked to the Mustang Panda?,False,False,False,False,False,False,False,False,NOT_EQUIVALENT,"The paraphrased question changes the focus from the malware to the threat actor, altering the relationship and scope of the question."
What kind of malware is commonly utilized by the APT17 group?,What type of rootkit or spyware is typically employed by the APT17?,False,False,False,False,False,False,False,False,EQUIVALENT,"Both questions ask about the type of malware used by the APT17, with the only difference being superficial rewording of the term ""rootkit or spyware"" to ""malware""."
What methods are utilized for identifying Egregor?,What methods can be used to identify Egregor?,False,False,False,False,False,False,False,False,EQUIVALENT,"Both questions ask about the same methods for identifying Egregor, with only minor changes in wording."
What tool does APT39 employ for the purpose of extracting data?,Which tool does APT39 use for exfiltrating data?,False,False,False,False,False,False,False,False,EQUIVALENT,"Both questions ask about the tool APT39 uses for the same purpose (exfiltrating/data extraction), with the same entities (APT39 and the tool) and relationship."
What type of malware is most commonly linked to Operation Ghost?,What backdoor or ransomware is typically associated with the Operation Ghost?,False,False,False,False,False,False,False,False,EQUIVALENT,"Both questions ask about the type of malware associated with Operation Ghost, preserving the same entities and relationship."
What methods would you use to identify and detect the presence of NKAbuse within a system?,How do you detect the presence of NKAbuse in a system?,False,False,False,False,False,False,False,False,EQUIVALENT,"Both questions ask about the same method (detecting NKAbuse) and the same entity (a system), with the paraphrased version rewording the question to make it more polite and descriptive."
What methods are employed to identify Mongall?,Can you tell me about the techniques used to detect Mongall?,False,False,False,False,False,False,False,False,EQUIVALENT,"Both questions ask about the methods used to identify the same entity, ""Mongall"", with the only difference being superficial rewording of the verb."
What malware or spyware is associated with the codename Operation Dust Storm?,Which rootkit or spyware is linked to Operation Dust Storm?,False,False,False,False,False,False,False,False,EQUIVALENT,"Both questions ask about the same relationship between a type of malware and a codename, with the only difference being superficial rewording of the entities and the term used."
What kind of malware does Moafee primarily utilize for data theft and unauthorized system access?,What is the primary malware used by Moafee for data theft and unauthorized access?,False,False,False,False,False,False,False,False,EQUIVALENT,"Both questions ask about the primary malware used by Moafee for the same purposes, with the only difference being the wording of ""data theft"" and ""unauthorized system access""."
What type of malware does RTM utilize for the purpose of data exfiltration?,What malware does RTM employ for data theft?,False,False,False,False,False,False,False,False,EQUIVALENT,"Both questions ask about the type of malware used by RTM for the purpose of stealing or removing data, with the only difference being in the wording of the process (theft/exfiltration)."
What methods are used to identify the occurrence of RARSTONE within a system?,How do you detect the presence of RARSTONE in a system?,False,False,False,False,False,False,False,False,EQUIVALENT,"Both questions ask about the same method (detection/identification) and the same entity (RARSTONE) within the same context (a system), with the only difference being the verb used."
What malware or software is utilized by Malteiro to facilitate data theft operations?,What software does Malteiro exploit to facilitate data theft?,False,False,False,False,False,False,False,False,EQUIVALENT,"Both questions ask about the same entity (software) and relationship (facilitating data theft) associated with Malteiro, with the paraphrased version using synonyms for ""software"" and ""exploit""."
What are the indicators or warning signs that suggest the FruitFly malware is present on a computer system?,What signs or symptoms indicate the presence of FruitFly in a computer?,False,False,False,False,False,False,False,False,NOT_EQUIVALENT,The paraphrased question changes the entity referred to (FruitFly malware instead of FruitFly) and introduces a system constraint (computer system) not present in the original question.
What malware or ransomware variant is associated with the DarkVishnya?,Which malicious backdoor or ransomware is linked to the DarkVishnya?,False,False,False,False,False,False,False,False,EQUIVALENT,"Both questions ask about the same relationship between the same entities, with the only difference being superficial rewording of the terms ""malicious backdoor or ransomware"" and ""malware or ransomware variant""."
What malware is typically associated with the identifier C0010?,What backdoor or ransomware is typically associated with the C0010?,False,False,False,False,False,False,False,False,EQUIVALENT,"Both questions ask about the same type of malware associated with the same identifier, C0010."
What methods are employed to identify and detect the presence of Rover?,Can you tell me about the techniques used to detect Rover?,False,False,False,False,False,False,False,False,EQUIVALENT,"Both questions ask about the detection methods of Rover, with the paraphrased version using more formal language and adding a slight emphasis on the presence of Rover."
What malware is the Chimera typically known to utilize for unauthorized acquisition?,What stealing software is commonly employed by the Chimera?,False,False,False,False,False,False,False,False,NOT_EQUIVALENT,"The paraphrased question changes the term ""stealing software"" to ""malware for unauthorized acquisition"", which implies a specific type of malware, whereas the original question asks about any software used for stealing."
What methods are typically employed to identify and thwart Babuk malware?,What are the common methods used to detect and prevent Babuk infections?,False,False,False,False,False,False,False,False,EQUIVALENT,"Both questions ask about the same methods used to detect and prevent Babuk infections, with the paraphrased version using synonyms for ""detect"" and ""prevent""."
What methods are employed to identify LIGHTWIRE?,Can you tell me about the techniques used to detect LIGHTWIRE?,False,False,False,False,False,False,False,False,EQUIVALENT,"Both questions ask about the same entity (LIGHTWIRE) and the same relationship (detection/identification methods), with only superficial rewording."
What is the malware specifically used by the FIN7 group?,What is the name of the rootkit or spyware used by the FIN7?,False,False,False,False,False,False,False,False,EQUIVALENT,"Both questions ask about the same entity (malware) used by the same group (FIN7), with the only difference being superficial rewording of the term ""rootkit or spyware"" to ""malware""."
What methods are used to detect Dok?,What methods can be used to identify Dok?,False,False,False,False,False,False,False,False,EQUIVALENT,"Both questions ask about the same methods for the same entity (""Dok"") with the same relationship (""identify"" and ""detect"" are synonyms)."
What type of malware is associated with the term IndigoZebra?,Which malicious backdoor or ransomware is linked to the IndigoZebra?,False,False,False,False,False,False,False,False,EQUIVALENT,"Both questions ask about the type of malware linked to the same entity, IndigoZebra, with the only difference being superficial rewording."
What kind of malware is linked to the concept of Inception?,What type of backdoor or ransomware is associated with the Inception?,False,False,False,False,False,False,False,False,EQUIVALENT,"Both questions ask about the type of malware associated with the same entity (""Inception""), with the only difference being superficial rewording of the term ""backdoor or ransomware"" and ""kind of malware""."
What malware is utilized by APT19 to illicitly extract sensitive information?,What is the name of the malware used by the APT19 for stealing sensitive data?,False,False,False,False,False,False,False,False,EQUIVALENT,"Both questions ask about the same malware used by APT19 for the same purpose, with the only difference being in the wording of ""stealing"" and ""illicitly extract""."
What software does the threat actor TEMP.Veles primarily employ for illicit data exfiltration and unauthorized access to target systems?,What is the primary software tool used by TEMP.Veles for data theft and unauthorized access to user systems?,False,False,False,False,False,False,False,False,EQUIVALENT,"Both questions ask about the primary software tool used by TEMP.Veles for the same malicious activities, with the same entities and relationship, just with slightly different wording."
What malware variant is associated with the Dragonfly 2.0 threat?,Which malicious backdoor or ransomware is linked to the Dragonfly 2.0?,False,False,False,False,False,False,False,False,EQUIVALENT,"Both questions ask about the same malware variant associated with the same threat, Dragonfly 2.0."
What malware tools is Stolen Pencil typically used to carry out its data theft activities with?,What kind of malware does Stolen Pencil utilize for its data theft operations?,False,False,False,False,False,False,False,False,EQUIVALENT,"Both questions ask about the same malware (Stolen Pencil) and its data theft operations, with the only difference being in the wording of the verb and the phrase ""tools"" vs ""malware""."
What malware is utilized by the FIN13 threat group to facilitate data theft and compromise user security?,What is the specific malware used by FIN13 to facilitate data theft and compromise user security?,False,False,False,False,False,False,False,False,EQUIVALENT,"Both questions ask about the same malware used by the same entity (FIN13) to facilitate the same actions (data theft and security compromise), with only minor changes in wording."
What is the underlying principle behind ransomware attacks?,Can you explain the concept of Ransomware?,False,False,False,False,False,False,False,False,NOT_EQUIVALENT,"The paraphrased question changes the focus from asking for an explanation of the concept to asking for the underlying principle behind attacks, which implies a shift in scope from the concept itself to its mechanism."
What methods can be used to identify whether a computer has been compromised by a BACKSPACE infection?,How can one determine if a computer has been infected with BACKSPACE?,False,False,False,False,False,False,False,False,NOT_EQUIVALENT,"The paraphrased question introduces the term ""compromised"" which implies a broader range of malicious activities, whereas the original question specifically asks about infection with the BACKSPACE virus."
What kind of malware does GALLIUM rely on to facilitate the theft of sensitive information?,Which type of malicious software does GALLIUM use to facilitate data theft?,False,False,False,False,False,False,False,False,EQUIVALENT,"Both questions ask about the same type of malicious software used by GALLIUM to facilitate data theft, with the only difference being superficial rewording of the question."
What type of malware does the Ajax Security Team typically utilize?,What backdoor or ransomware tool is employed by the Ajax Security Team?,False,False,False,False,False,False,False,False,NOT_EQUIVALENT,"The paraphrased question changes the specific type of malware (backdoor or ransomware) to a more general term (""type of malware""), altering the scope of the question."
What malware is primarily utilized by the threat group FIN7 to facilitate unauthorized access and data theft?,What is the primary malware used by FIN7 for data theft and unauthorized access?,False,False,False,False,False,False,False,False,EQUIVALENT,"Both questions ask about the primary malware used by FIN7 for the same purposes, with the same entities and relationship, but with slightly different wording."
What malware is associated with the cyber operation codenamed Operation Sharpshooter?,Which rootkit or spyware is linked to Operation Sharpshooter?,False,False,False,False,False,False,False,False,EQUIVALENT,"Both questions ask about the same relationship between a malware and Operation Sharpshooter, with the only difference being superficial rewording of the entities and the operation."
What type of malware is commonly associated with the operations of Metador?,What is the identity of the backdoor or ransomware used by the Metador?,False,False,False,False,False,False,False,False,NOT_EQUIVALENT,"The paraphrased question changes the specific type of malware (backdoor or ransomware) and the scope of the question, making it unclear if the answer would be the same."
What type of malware does the Honeybee utilize in order to facilitate data theft and undermine user security?,What is the specific malware used by Honeybee to facilitate data theft and compromise user security?,False,False,False,False,False,False,False,False,EQUIVALENT,"Both questions ask about the same type of malware used by Honeybee to facilitate data theft and compromise user security, with the only difference being minor rewording of the verbs ""utilize"" and ""facilitate""."
What methods are employed to identify or detect Judy?,Can you tell me about the techniques used to detect Judy?,False,False,False,False,False,False,False,False,EQUIVALENT,"Both questions ask about the methods used to detect Judy, with the paraphrased version using synonyms for ""techniques"" and ""tell me about""."
What methods are employed to identify PUNCHBUGGY?,Can you tell me about the techniques used to detect PUNCHBUGGY?,False,False,False,False,False,False,False,False,EQUIVALENT,"Both questions ask about the same techniques and entity (PUNCHBUGGY) with the same intent, despite minor differences in wording."
What kind of malware is primarily employed by Scattered Spider for unauthorized data extraction and system access?,What is the primary malware used by Scattered Spider for data theft and unauthorized access?,False,False,False,False,False,False,False,False,EQUIVALENT,"Both questions ask about the primary malware used by Scattered Spider, with the paraphrased version using synonyms for ""data theft"" and ""unauthorized access""."
What is the malware utilized by LazyScripter that is designed for exfiltrating sensitive information?,What is the name of the malware used by the LazyScripter for stealing sensitive data?,False,False,False,False,False,False,False,False,EQUIVALENT,"Both questions ask about the same malware used by LazyScripter for the same purpose, with the only difference being in the wording of the action (stealing vs. exfiltrating)."
What steps can be taken to identify whether a computer has been compromised by Cheerscrypt malware?,How can one determine if a computer has been infected with Cheerscrypt?,False,False,False,False,False,False,False,False,EQUIVALENT,"Both questions ask about identifying the presence of Cheerscrypt malware on a computer, with the paraphrased version using different wording to convey the same meaning."
What methods can be used to identify whether a computer has been compromised by the Vasport malware?,How can one determine if a computer has been infected with Vasport?,False,False,False,False,False,False,False,False,EQUIVALENT,"Both questions ask about the same relationship (determining/identifying infection/compromise) and refer to the same entity (a computer) and the same malware (Vasport), with the only difference being superficial rewording."
What kind of malware is primarily associated with TeamTNT's tactics for exfiltrating data and gaining unauthorized access?,What is the primary malware used by TeamTNT for data theft and unauthorized access?,False,False,False,False,False,False,False,False,EQUIVALENT,"Both questions ask about the primary malware used by TeamTNT, with the paraphrased version using synonyms (""exfiltrating"" and ""gaining unauthorized access"") to describe the same actions as the original (""data theft and unauthorized access"")."
What kind of malware does the Strider typically utilize for stealing purposes?,What type of stealing software does the Strider typically use?,False,False,False,False,False,False,False,False,EQUIVALENT,"Both questions ask about the type of software used by the Strider for stealing, with the only difference being a change in terminology from ""stealing software"" to ""malware for stealing purposes""."
