Question,OriginalQuestion,phi_dsl_nocot,phi_dsl_cot,phi_sparql_nocot,phi_sparql_cot,qwen_dsl_nocot,qwen_dsl_cot,qwen_sparql_nocot,qwen_sparql_cot,judge_verdict,judge_reason
What Ferocious behaviors are specifically linked to the hcdLoader?,What unique behaviors are associated with hcdLoader and Ferocious?,False,False,False,False,False,False,False,False,EQUIVALENT,"The paraphrased question still inquires about the unique behaviors associated with both hcdLoader and Ferocious, with only a superficial rewording of the original question."
What malicious activities are primarily associated with HUI Loader and Net Crawler?,What are the main targets of HUI Loader and Net Crawler in terms of their malicious activities?,False,False,False,False,False,False,False,False,EQUIVALENT,"The paraphrased question still inquires about the malicious activities of the same entities, HUI Loader and Net Crawler, without changing the scope or relationship being asked about."
What specific operational traits distinguish PHOREAL and Revenge RAT malware?,What distinct characteristics do PHOREAL and Revenge RAT exhibit in their operations?,False,True,False,False,False,False,False,False,EQUIVALENT,"The paraphrased question still asks about the distinct characteristics of PHOREAL and Revenge RAT, using synonymous terms like ""operational traits"" instead of ""characteristics""."
What impact do the characteristics of Avaddon and the functionality of INCONTROLLER have on their respective threat assessments?,How do the behaviors of Avaddon and INCONTROLLER contribute to their respective threat profiles?,False,False,False,False,False,False,False,False,EQUIVALENT,"The paraphrased question still inquires about the same entities (Avaddon and INCONTROLLER) and their respective threat profiles, using synonymous terms like ""behaviors"" and ""characteristics"", and ""threat profiles"" and ""threat assessments""."
What are the key distinctions in the system impact caused by Flame and Kinsing malware?,What are the primary differences in the impact of Flame and Kinsing on a system?,False,False,False,False,False,False,False,False,EQUIVALENT,"The paraphrased question preserves the original entities (Flame and Kinsing) and relationship (system impact), with only a superficial rewording of ""primary differences"" to ""key distinctions"" and ""impact of"" to ""system impact caused by""."
What malicious activities are primarily associated with the operations of FlyTrap and the ANDROMEDA malware?,What are the main targets of FlyTrap and ANDROMEDA in terms of their malicious activities?,False,False,False,False,False,False,False,False,EQUIVALENT,"The paraphrased question still inquires about the primary malicious activities associated with FlyTrap and ANDROMEDA, preserving the original entities and relationship."
What specific operational traits are common to both STEADYPULSE and Trojan.Karagany malware variants?,What distinct characteristics do STEADYPULSE and Trojan.Karagany exhibit in their operations?,False,False,False,False,False,False,False,False,NOT_EQUIVALENT,"The paraphrased question asks for common traits, whereas the original question asks for distinct characteristics."
What entities are primarily targeted by Cannon and LitePower during their malicious activities?,What are the primary targets of Cannon and LitePower in the context of their malicious operations?,False,False,False,False,False,False,False,False,EQUIVALENT,"The paraphrased question preserves the original meaning, entities, and relationship, with only a superficial rewording of the sentence structure."
What specifically differentiates the behavior profiles of ABK and Chameleon from one another?,What sets the behaviors of ABK and Chameleon apart from one another?,False,True,False,False,False,False,False,False,EQUIVALENT,"The paraphrased question preserves the original's meaning, entities, and relationship, with only a superficial rewording using synonyms like ""sets"" and ""differentiates"" and ""behaviors"" and ""behavior profiles""."
What behaviors are distinctively linked to Avaddon and the X-Agent malware?,What unique behaviors are associated with Avaddon and X-Agent?,False,False,False,False,False,False,False,False,EQUIVALENT,"The paraphrased question preserves the original entities (Avaddon and X-Agent) and relationship (associated behaviors), with only minor wording changes."
"What key features of Asacub are notable, and does it act as a covert entry point that leverages the functionality of Chat Messages?","What characteristics define the Asacub, and specifically, does it serve as a backdoor that uses the Chat Messages?",False,False,True,False,False,False,True,True,EQUIVALENT,"The paraphrased question preserves the original's meaning, entities, and relationship, using synonymous terms like ""characteristics"" and ""key features"", and ""backdoor"" and ""covert entry point""."
"What specific features distinguish the MarkiRAT, and does this malware function as a backdoor that leverages the Password Filter DLL?","What characteristics define the MarkiRAT, and specifically, does it serve as a backdoor that uses the Password Filter DLL?",False,False,True,False,True,False,True,True,EQUIVALENT,"The paraphrased question preserves the original's meaning, entities, and relationship, with only minor rewording and the addition of the term ""malware"" which is implied by the context of the original question."
Is the Volgmer backdoor malware reliant on the Spoof Security Alerting attack vector?,"Is the Volgmer a type of backdoor, and if yes, does it rely on the Spoof Security Alerting attack technique?",False,False,True,True,True,False,True,True,EQUIVALENT,"The paraphrased question still inquires about the Volgmer's relationship to the Spoof Security Alerting attack technique, with ""backdoor"" and ""malware"" being synonymous in this context."
"Is the PLAINTEE classified as a type of backdoor, and if so, does its functionality depend on the Gather Victim Org Information attack vector?","Is the PLAINTEE a type of backdoor, and if yes, does it rely on the Gather Victim Org Information attack technique?",False,True,True,True,True,False,True,True,EQUIVALENT,"The paraphrased question preserves the original meaning, entities, and relationship, using synonymous terms like ""classified as"" for ""type of"" and ""functionality depend on"" for ""rely on""."
"Does RedDrop function as a malicious program that sets up a backdoor, and if so, what technique, specifically Template Injection, does it leverage to do so?","Is the RedDrop a malicious program that establishes a backdoor, and if so, what is the Template Injection it exploits?",False,True,True,True,True,False,True,True,EQUIVALENT,"The paraphrased question preserves the original meaning, entities, and relationship, with only superficial rewording and no change in scope or constraints."
What extent can Remote Services Mitigation techniques effectively counter the effects of MechaFlounder?,How can Remote Services Mitigation minimize the impact of MechaFlounder?,False,False,False,False,False,False,False,False,EQUIVALENT,"The paraphrased question still inquires about the impact of MechaFlounder and the role of Remote Services Mitigation in minimizing it, with only a superficial rewording of the original question."
What measures can Resource Hijacking Mitigation take to safeguard itself against the destructive consequences of Dipsind?,How can Resource Hijacking Mitigation protect itself from the damage caused by Dipsind?,False,False,False,False,False,False,False,False,EQUIVALENT,"The paraphrased question preserves the original entities (Resource Hijacking Mitigation and Dipsind) and relationship (protection against damage), with only superficial rewording."
What methods can be utilized for removing POWERSOURCE from the context of Hidden Files and Directories Mitigation?,What methods can be employed to remove POWERSOURCE from Hidden Files and Directories Mitigation?,False,False,False,False,False,False,False,False,EQUIVALENT,"The paraphrased question still asks about removing POWERSOURCE from the same context of Hidden Files and Directories Mitigation, with only minor wording changes."
What are the names of the campaigns that Truvasys and CHEMISTGAMES have been involved in?,What campaigns have Truvasys and CHEMISTGAMES participated in?,False,False,False,False,False,False,False,False,EQUIVALENT,"The paraphrased question still asks about the same entities (Truvasys and CHEMISTGAMES) and their participation in campaigns, with only a minor rewording of the query."
"What information or resources typically attract the attention of groups such as Clop, KEYMARBLE, and the infamous Samurai?","What types of information or resources are commonly sought after by Clop, KEYMARBLE, and Samurai?",False,False,False,True,True,True,False,False,EQUIVALENT,"The paraphrased question still inquires about the same entities (Clop, KEYMARBLE, and Samurai) and the same relationship (the information or resources they seek), with only superficial rewording."
What measures can be taken to prevent the adverse effects of an AutoIt backdoor when implementing Install Root Certificate Mitigation?,How can Install Root Certificate Mitigation protect itself from the damage caused by AutoIt backdoor?,False,False,False,False,False,False,False,False,EQUIVALENT,"The paraphrased question still asks about protecting Install Root Certificate Mitigation from the damage caused by an AutoIt backdoor, preserving the original entities and relationship."
Which attack tactic is most commonly associated with a Pteranodon variant of PoisonIvy malware?,Which type of PoisonIvy is more likely to employ DDoS attacks in its attack strategy?,False,False,False,False,False,False,False,False,NOT_EQUIVALENT,"The original question asks about the type of PoisonIvy, while the paraphrased question asks about the attack tactic associated with a specific variant of PoisonIvy, introducing a different entity and relationship."
"What methods can be employed to counteract and minimize the effects of threats like NetTraveler, Black Basta, and the malware known as HOMEFRY?","What are the typical methods for preventing and mitigating the impact of NetTraveler, Black Basta, and HOMEFRY?",True,True,True,True,True,True,False,True,EQUIVALENT,"The paraphrased question still refers to the same entities (NetTraveler, Black Basta, and HOMEFRY) and the same relationship (preventing and mitigating their impact), with only superficial rewording."
What initiatives have Agent Smith and the malware strain INSOMNIA been involved in?,What campaigns have Agent Smith and INSOMNIA participated in?,False,False,False,False,False,False,False,False,EQUIVALENT,The paraphrased question still asks about the same entities (Agent Smith and INSOMNIA) and their involvement in the same type of activities (campaigns/initiatives).
What impact can be minimized by implementing File System Permissions Weakness Mitigation measures against the DanBot threat?,How can File System Permissions Weakness Mitigation minimize the impact of DanBot?,False,False,False,False,False,False,False,False,EQUIVALENT,"The paraphrased question still asks about minimizing the impact of DanBot through File System Permissions Weakness Mitigation, preserving the original entities and relationship."
What malware type has utilized HEXANE in the C0015 threat?,What kind of malware has HEXANE been using in C0015?,False,False,False,False,False,False,False,False,EQUIVALENT,"The paraphrased question still asks about the same entity (HEXANE) and its relationship to the same context (C0015), with only a superficial rewording of the question."
In what ways do FluBot and Sys10 diverge in their reliance on distributed denial-of-service (DDoS) attacks to compromise system functionality?,How do FluBot and Sys10 differ in their use of DDoS attacks as a means of disrupting systems?,False,True,True,True,False,False,False,False,EQUIVALENT,"The paraphrased question preserves the original entities (FluBot and Sys10) and relationship (use of DDoS attacks to disrupt systems), with only superficial rewording."
What campaigns feature the presence of SHIPSHAPE and MESSAGETAP?,In what campaigns can SHIPSHAPE and MESSAGETAP be found?,False,False,False,False,False,False,False,False,EQUIVALENT,The paraphrased question still asks about the same entities (SHIPSHAPE and MESSAGETAP) and their relationship (presence in campaigns) as the original question.
In which operations are PoetRAT and BoxCaon known to be active?,In what campaigns can PoetRAT and BoxCaon be found?,False,False,False,False,False,False,False,False,EQUIVALENT,"The terms ""campaigns"" and ""operations"" are synonymous in this context, preserving the original question's meaning and scope."
How do the tactics employed by NotCompatible and NetTraveler typically compare in relation to initiating DDoS attacks?,What is the typical behavior of NotCompatible versus NetTraveler when it comes to launching DDoS attacks?,False,True,False,True,False,False,False,True,EQUIVALENT,"The paraphrased question still asks about the comparison of NotCompatible and NetTraveler's behavior in launching DDoS attacks, preserving the original entities and relationship."
"What techniques are typically employed by malicious software such as PUNCHTRACK, DEATHRANSOM, and MAZE?","What are the common techniques used by malware, specifically PUNCHTRACK, DEATHRANSOM, and MAZE?",True,True,False,True,False,True,False,False,EQUIVALENT,"The paraphrased question preserves the original meaning, entities (PUNCHTRACK, DEATHRANSOM, and MAZE), and relationship (techniques used by malware), with only superficial rewording."
What measures can Regsvcs/Regasm Mitigation implement to safeguard against the detrimental effects of CORALDECK?,How can Regsvcs/Regasm Mitigation protect itself from the damage caused by CORALDECK?,False,False,False,False,False,False,False,False,EQUIVALENT,"The paraphrased question preserves the original meaning, entities (Regsvcs/Regasm Mitigation and CORALDECK), and relationship (protection against damage), with only superficial rewording."
"What techniques are involved in Compiled HTML File Mitigation that can be applied to minimize the effects of AndroRAT, specifically iKitten?",How can Compiled HTML File Mitigation be used to mitigate the impact of iKitten,False,False,False,False,False,False,False,False,NOT_EQUIVALENT,"The paraphrased question replaces the original entity ""iKitten"" with ""AndroRAT, specifically iKitten"", broadening the scope by introducing a new entity ""AndroRAT""."
What measures can be taken to safeguard against the potential harm to Restrict Registry Permissions resulting from the actions of Kessel?,How can Restrict Registry Permissions protect itself from the damage caused by Kessel?,False,False,False,False,False,False,False,False,EQUIVALENT,"The paraphrased question still asks about protecting Restrict Registry Permissions from the harm caused by Kessel, preserving the original entities and relationship."
"What characteristics of Email Hiding Rules can be attributed to NightClub, MacMa, and LightNeuron?","What are the key characteristics of NightClub, MacMa, and LightNeuron in terms of Email Hiding Rules?",False,False,False,False,False,False,False,False,EQUIVALENT,"The paraphrased question still inquires about the same entities (NightClub, MacMa, LightNeuron) and relationship (Email Hiding Rules characteristics) as the original question."
What initiatives have CARROTBAT and BBK been involved in?,What campaigns have CARROTBAT and BBK participated in?,False,False,False,False,False,False,False,False,EQUIVALENT,"The paraphrased question uses ""initiatives"" and ""been involved in"" instead of ""campaigns"" and ""participated in"", but preserves the same meaning and scope."
"What are the key countermeasures for countering the potential threats posed by Doki, WindTail, and specifically Exaramel for Linux?","What are the primary methods for preventing and mitigating the risks associated with Doki, WindTail, and Exaramel for Linux?",True,True,False,False,True,True,False,True,EQUIVALENT,"The paraphrased question still inquires about the same entities (Doki, WindTail, Exaramel for Linux) and the same relationship (preventing/mitigating risks or countering threats), with only a superficial rewording of the terms used."
What distinguishes INSOMNIA from MiniDuke in its use of Distributed Denial-of-Service (DDoS) attacks?,What sets INSOMNIA apart from MiniDuke in terms of its reliance on DDoS attacks?,False,True,True,False,False,False,False,True,EQUIVALENT,"The paraphrased question preserves the original meaning, entities, and relationship, with only a minor rewording of ""reliance on"" to ""use of"" and expansion of the DDoS acronym."
What campaigns have been associated with TrickBot and TinyTurla operations?,What are the known campaigns connected to TrickBot and TinyTurla?,False,False,False,False,False,False,False,False,EQUIVALENT,"The paraphrased question still inquires about the same entities (TrickBot and TinyTurla) and their associated campaigns, using synonymous language."
What methods does Custom Command and Control Protocol utilize to evade detection by security software and systems?,How does Custom Command and Control Protocol manage to evade the detection of security systems and software?,False,False,False,False,False,False,False,False,EQUIVALENT,"The paraphrased question preserves the original meaning, entities, and relationship, with only superficial rewording of the sentence structure and wording."
What methods do malicious actors use to successfully breach or penetrate security systems and defenses through Malicious Web Content?,How does Malicious Web Content manage to breach or penetrate security systems and defenses?,False,False,False,False,False,False,False,False,EQUIVALENT,"The paraphrased question still asks about the methods used to breach security systems and defenses, with Malicious Web Content being the means, thus preserving the original question's meaning and scope."
On which platform is Brute Force I/O most commonly linked?,What kind of platform is Brute Force I/O most commonly associated with?,False,True,True,True,False,True,True,True,EQUIVALENT,"The paraphrased question preserves the original meaning and entities, only changing the wording from ""associated with"" to ""linked"", which conveys the same relationship."
What type of platform is vulnerable to the significant threat of Reflective Code Loading?,For what type of platform is Reflective Code Loading considered a significant threat?,False,True,True,True,False,True,False,False,EQUIVALENT,The paraphrased question still asks about the same type of platform and its relationship to Reflective Code Loading as a significant threat.
What is typically sought to be undermined through Compromise Software Supply Chain?,What is the ultimate target of Compromise Software Supply Chain?,False,False,False,False,False,False,False,False,NOT_EQUIVALENT,"The paraphrased question implies a malicious action of undermining, which changes the relationship being asked about from a target to a victim of an attack."
What methods enable Modify cached executable code to avoid being detected and protected?,In what ways is Modify cached executable code able to evade detection and protection?,False,False,False,False,False,False,False,False,EQUIVALENT,"The paraphrased question preserves the original meaning, entities, and relationship, with only superficial rewording from ""evade detection and protection"" to ""avoid being detected and protected""."
"What security systems or defenses might be vulnerable to compromise, disablement, or bypass due to Loss of Productivity and Revenue?","What types of defenses or security systems can Loss of Productivity and Revenue compromise, disable, or bypass?",True,False,False,False,False,False,False,False,EQUIVALENT,"The paraphrased question still inquires about the same types of defenses or security systems being compromised, disabled, or bypassed due to Loss of Productivity and Revenue."
"What types of defenses can Loss of Availability successfully evade, bypass, or disable?","What are the defenses that Loss of Availability can successfully evade, bypass, or disable?",False,True,True,False,False,True,False,True,EQUIVALENT,"The paraphrased question still asks about the same entity ""Loss of Availability"" and its ability to evade, bypass, or disable defenses, with only a minor rewording of ""defenses"" to ""types of defenses""."
What is the primary target platform for the Data from Configuration Repository?,For which platform is Data from Configuration Repository primarily intended?,False,True,True,True,False,False,True,False,EQUIVALENT,"The paraphrased question still asks about the primary platform for the Data from Configuration Repository, preserving the original meaning and entities."
What security protocols or measures might be vulnerable to compromise or subversion by Spearphishing Link?,What security protocols or measures can Spearphishing Link compromise or undermine?,False,True,True,True,False,False,False,False,EQUIVALENT,"The paraphrased question still inquires about the same security protocols and measures in relation to Spearphishing Link, with only a minor rewording of the potential impact."
What security measures can Container and Resource Discovery potentially evade or bypass?,What defenses can Container and Resource Discovery evade or circumvent?,False,False,False,False,False,False,False,False,EQUIVALENT,"The paraphrased question still inquires about the same entities (Container and Resource Discovery) and the same relationship (evading or circumventing), with ""security measures"" being a synonym for ""defenses"" and ""bypass"" for ""evade or circumvent""."
What countermeasures fail to mitigate the vulnerability associated with Create Process with Token?,What countermeasures are ineffective against Create Process with Token?,False,False,False,False,False,False,False,False,EQUIVALENT,"The paraphrased question still inquires about the ineffectiveness of countermeasures against the same vulnerability, ""Create Process with Token""."
Which security measures are susceptible to the PubPrn vulnerability?,What security measures are vulnerable to PubPrn?,False,False,False,False,False,False,False,False,EQUIVALENT,"The paraphrased question preserves the original meaning, entities, and relationship, with only a superficial rewording of ""vulnerable"" to ""susceptible to the vulnerability""."
What security protocols can NTFS Extended Attributes bypass or evade?,Identify the security protocols that NTFS Extended Attributes can circumvent.,True,True,True,False,False,False,False,False,EQUIVALENT,"The paraphrased question preserves the original meaning, asking about the same security protocols and their relationship to NTFS Extended Attributes, with ""bypass or evade"" being synonymous with ""circumvent""."
What types of security controls does Indirect Command Execution successfully circumvent or compromise?,What security measures does Indirect Command Execution manage to bypass or undermine?,True,True,False,True,False,False,True,False,EQUIVALENT,"The paraphrased question preserves the original meaning, entities, and relationship, using synonyms for ""security measures"", ""bypass or undermine"", and maintaining the same scope and constraints."
What is the typical platform for the deployment or execution of External Remote Services?,On which platform is External Remote Services typically deployed or executed?,False,True,True,True,False,True,True,True,EQUIVALENT,"The paraphrased question still asks about the typical platform for deploying or executing External Remote Services, preserving the original meaning and entities."
What is the primary purpose of Re-opened Applications?,What is the main intention of a Re-opened Applications?,False,False,False,False,False,False,False,False,EQUIVALENT,"The paraphrased question uses synonymous terms ""primary purpose"" and ""main intention"" to refer to the same entity ""Re-opened Applications""."
What operating environment is the Havij framework specifically tailored to function on?,On which platform is Havij designed to run?,False,False,True,False,False,False,False,False,EQUIVALENT,"The paraphrased question still inquires about the platform or environment on which Havij is designed to operate, with ""operating environment"" being a synonym for ""platform""."
"What types of security measures can System Services successfully evade, bypass, or disable?","What are the defenses that System Services can successfully evade, bypass, or disable?",False,False,True,False,False,False,True,False,EQUIVALENT,"The paraphrased question still asks about the same entity (System Services) and its ability to evade, bypass, or disable the same type of thing (defenses or security measures), with no change in scope or relationship."
What is the intended primary platform for the meek protocol?,What is the primary platform that meek is intended for?,False,True,False,False,False,False,False,False,EQUIVALENT,"The paraphrased question still asks about the primary platform for ""meek"", with only a superficial rewording of the original question."
What security controls are ineffective against Reflective Code Loading attacks?,What security measures are unable to prevent Reflective Code Loading?,False,True,False,False,False,False,False,False,EQUIVALENT,"The paraphrased question still inquires about the same type of security mechanisms and their inability to prevent Reflective Code Loading, using synonymous terms."
What mechanisms can malware use to evade or bypass the Prevent Application Removal defenses?,What defenses can Prevent Application Removal evade or circumvent?,False,False,False,False,False,False,False,False,EQUIVALENT,"The paraphrased question still inquires about the same defenses and the same relationship of evasion or circumvention, just framing it from the perspective of the malware."
What is the primary objective behind the strategy of Generate Fraudulent Advertising Revenue?,What is the purpose of Generate Fraudulent Advertising Revenue?,True,True,False,False,False,True,False,True,EQUIVALENT,"The paraphrased question still inquires about the purpose or objective of the same entity, Generate Fraudulent Advertising Revenue, without altering its scope or constraints."
How do Masquerade Task or Service manage to evade the security measures that have been implemented?,In what ways does Masquerade Task or Service evade the defenses put in place?,False,False,False,False,False,False,True,True,EQUIVALENT,"The paraphrased question preserves the original meaning, entities, and relationship, with only a superficial rewording of ""defenses"" to ""security measures"" and ""put in place"" to ""implemented""."
What are the known aliases used by the Nomadic Octopus group?,What are the pseudonyms of the Nomadic Octopus group?,False,False,False,True,False,False,False,False,EQUIVALENT,"The paraphrased question still asks for alternative names used by the same entity, the Nomadic Octopus group."
What is the primary goal of a Proxy attack?,What is the objective of an Proxy attack?,False,False,False,False,False,True,False,False,EQUIVALENT,"The terms ""objective"" and ""primary goal"" are synonymous in this context, referring to the same entity and relationship."
What is the main target platform typically exploited by attackers using the Regsvr32 command?,Which platform serves as the primary focus for Regsvr32 attacks?,False,False,False,False,False,True,True,False,EQUIVALENT,"The paraphrased question still asks about the primary platform targeted by Regsvr32 attacks, preserving the original meaning and entities."
What techniques are employed by Active Scanning to avoid being detected by security systems and software?,How does Active Scanning manage to evade the detection of security systems and software?,False,False,False,False,False,False,False,False,EQUIVALENT,"The paraphrased question still asks about the methods used by Active Scanning to avoid detection, preserving the original question's meaning and scope."
What is the central platform for Video Capture attacks primarily targeted by threat actors?,Which platform serves as the primary focus for Video Capture attacks?,False,True,False,False,False,True,False,True,EQUIVALENT,"The paraphrased question still asks about the primary platform for Video Capture attacks, preserving the original meaning and entities."
What tactics do System Binary Proxy Execution techniques typically employ to circumvent the defenses of security systems?,Can you describe the methods by which System Binary Proxy Execution evades the defenses of security systems?,False,False,False,False,False,False,False,False,EQUIVALENT,"The paraphrased question still asks about the methods used by System Binary Proxy Execution to evade security system defenses, with only superficial wording changes."
What is the primary purpose of Application Deployment Software?,What is the intention behind Application Deployment Software?,False,False,False,False,False,False,False,False,EQUIVALENT,"The paraphrased question still inquires about the main objective of Application Deployment Software, using ""primary purpose"" as a synonym for ""intention""."
What types of security measures can be vulnerable to Unix Shell Configuration Modification?,What defensive techniques can be compromised by Unix Shell Configuration Modification?,False,False,False,False,False,True,False,False,EQUIVALENT,"The paraphrased question still inquires about the same entity (Unix Shell Configuration Modification) and its impact on the same relationship (compromising security measures), with only a superficial rewording of ""defensive techniques"" to ""security measures"" and ""compromised"" to ""vulnerable""."
For which particular platform is the Ingress Tool Transfer primarily designed?,What platform is Ingress Tool Transfer specifically tailored for?,False,False,True,True,False,True,True,True,EQUIVALENT,"The paraphrased question still asks about the specific platform for which Ingress Tool Transfer is designed, preserving the original meaning and entities."
What techniques does App Delivered via Email Attachment employ to successfully bypass detection by security defenses?,How does App Delivered via Email Attachment manage to evade detection by defenses?,False,False,False,False,False,True,False,False,EQUIVALENT,"The paraphrased question still asks about the same entity, ""App Delivered via Email Attachment"", and its relationship with defenses, using synonymous terms like ""evade detection"" and ""bypass detection""."
What security vulnerabilities does Hidden File System specifically target or take advantage of?,What are the security weaknesses or vulnerabilities that Hidden File System exploits or leverages?,True,False,False,False,False,False,False,False,EQUIVALENT,"The paraphrased question still inquires about the same security vulnerabilities that Hidden File System exploits, with only a minor rewording of the language used."
What type of platform is primarily targeted by Unix Shell Configuration Modification attacks?,Which platform serves as the primary focus for Unix Shell Configuration Modification attacks?,False,True,True,False,False,True,True,True,EQUIVALENT,"The paraphrased question still asks about the primary target of Unix Shell Configuration Modification attacks, preserving the original meaning and entities."
What are the known monikers used by the Patchwork group?,What are the known aliases of the Patchwork group?,True,False,False,True,False,False,False,False,EQUIVALENT,"The terms ""aliases"" and ""monikers"" are synonymous in this context, referring to alternative names used by the Patchwork group."
What security measures are vulnerable to being circumvented through Boot or Logon Autostart Execution?,Which defense strategies can be evaded by Boot or Logon Autostart Execution?,False,False,False,False,False,False,False,False,EQUIVALENT,"The paraphrased question still inquires about the same defense strategies and their vulnerability to Boot or Logon Autostart Execution, using synonymous terms."
What security controls or defenses that BITS Jobs has access to can it potentially compromise or disable?,What types of defenses or security controls can BITS Jobs compromise or disable?,False,False,True,False,False,False,False,False,EQUIVALENT,The paraphrased question still asks about the same entity (BITS Jobs) and its ability to compromise or disable the same type of security controls or defenses.
What security features are typically circumvented through the use of Network Device CLI?,What security features are bypassed by Network Device CLI?,True,True,True,False,False,True,True,True,EQUIVALENT,"The paraphrased question uses ""circumvented"" instead of ""bypassed"", but conveys the same meaning and relationship between the security features and Network Device CLI."
What primary target does Clear Mailbox Data attacks typically focus on?,Which platform serves as the primary focus for Clear Mailbox Data attacks?,False,False,False,False,False,False,False,False,EQUIVALENT,"The paraphrased question still asks about the primary focus or target of Clear Mailbox Data attacks, preserving the original meaning and entities."
What is the primary purpose of the Login Item?,What is the main objective of Login Item?,False,False,False,False,False,False,False,False,EQUIVALENT,"The paraphrased question uses synonymous terms ""primary purpose"" in place of ""main objective"", preserving the original question's meaning and scope."
What methods do adversaries use to evade detection by defenses within the Modify Controller Tasking framework?,How does Modify Controller Tasking manage to evade detection by defenses?,False,False,False,False,False,False,False,False,NOT_EQUIVALENT,"The paraphrased question shifts the focus from the mechanism of Modify Controller Tasking to the methods used by adversaries, altering the entity being asked about."
What strategies does Prevent Application Removal employ to avoid being detected by security systems and software?,How does Prevent Application Removal manage to evade the detection of security systems and software?,False,False,False,False,False,False,False,False,EQUIVALENT,"The paraphrased question preserves the original meaning, entities, and relationship, with only a superficial rewording of the query."
What tactics do security systems and software employ that Software Deployment Tools are able to successfully circumvent?,How does Software Deployment Tools manage to evade the detection of security systems and software?,False,False,False,False,False,False,False,True,NOT_EQUIVALENT,"The paraphrased question inverts the relationship, implying security systems are responsible for the evasion, rather than the original question's focus on Software Deployment Tools' actions."
What types of security protocols are incapable of blocking Block Command Message?,What security measures are unable to prevent Block Command Message?,False,False,True,False,False,False,True,False,EQUIVALENT,The paraphrased question still inquires about the same entity (Block Command Message) and the same relationship (inability to prevent/block it) as the original question.
What is the main objective behind an Engineering Workstation Compromise?,What is the primary goal of Engineering Workstation Compromise?,False,False,True,False,False,False,False,False,EQUIVALENT,"The paraphrased question preserves the original meaning and asks about the same entity and relationship, using synonymous terms ""primary goal"" and ""main objective""."
What types of security controls can be evaded or bypassed by Hooking?,What are the security controls or measures that Hooking can bypass or evade?,False,True,True,False,False,False,True,True,EQUIVALENT,"The paraphrased question still asks about the same entity (Hooking) and its relationship to security controls (bypassing or evading them), with only a superficial rewording of the syntax."
What is the primary purpose of Data from Removable Media?,What is the main objective of Data from Removable Media?,False,False,False,False,False,False,False,False,EQUIVALENT,"The paraphrased question uses ""primary purpose"" instead of ""main objective"", which conveys the same meaning and intent as the original question."
What is the main goal of the Install Digital Certificate process?,What is the purpose of Install Digital Certificate?,False,False,False,False,False,True,False,False,EQUIVALENT,"The paraphrased question still inquires about the primary objective of the same process, ""Install Digital Certificate"", without altering its scope or entities."
What is the central target of Sharepoint exploitation efforts?,Which platform serves as the primary focus for Sharepoint attacks?,False,False,False,False,False,False,False,False,EQUIVALENT,"The paraphrased question still asks about the primary target of attacks or exploitation efforts related to Sharepoint, preserving the original meaning and entities."
What security measures are vulnerable to Point & Tag Identification?,What defensive techniques can be compromised by Point & Tag Identification?,False,False,False,False,False,False,False,False,EQUIVALENT,"The paraphrased question still inquires about the same entity (Point & Tag Identification) and its relationship (compromising/vulnerability) to defensive techniques/security measures, with no change in scope or constraints."
What tactics does Local Email Collection employ to avoid being detected by security systems?,What strategies does Local Email Collection use to evade security defenses and remain undetected?,False,False,False,False,False,False,False,False,EQUIVALENT,"The paraphrased question preserves the original meaning, entities, and relationship, using synonymous terms ""strategies"" and ""tactics"" and ""evade security defenses"" and ""avoid being detected by security systems""."
What security measures or protective protocols might be vulnerable to compromise or disruption by Fake Developer Accounts?,What types of defenses or security controls can Fake Developer Accounts compromise or disable?,False,False,True,False,False,False,True,False,EQUIVALENT,"The paraphrased question still inquires about the types of security controls that can be compromised by Fake Developer Accounts, using synonymous terms."
How does Direct Network Flood successfully avoid being detected and protected by security measures?,In what ways is Direct Network Flood able to evade detection and protection?,False,False,False,False,False,True,True,False,EQUIVALENT,"The paraphrased question preserves the original meaning, entities, and relationship, with only superficial rewording."
What techniques does a Graphical User Interface utilize to avoid being detected by security defenses?,How does Graphical User Interface manage to evade detection by defenses?,False,False,False,False,False,True,False,False,EQUIVALENT,"The paraphrased question still asks about the methods used by a Graphical User Interface to avoid detection, preserving the original meaning and entities."
What security measures are ineffective against SIP and Trust Provider Hijacking?,What security measures are unable to prevent SIP and Trust Provider Hijacking?,False,False,False,False,False,False,False,False,EQUIVALENT,"The paraphrased question uses ""ineffective"" instead of ""unable to prevent"", which conveys the same meaning in this context."
What security measures can Multilayer Encryption potentially circumvent or avoid?,What are the security controls or measures that Multilayer Encryption can bypass or evade?,False,True,False,False,False,True,True,False,EQUIVALENT,"The paraphrased question preserves the original meaning, asking about the same security measures and relationship with Multilayer Encryption, using synonyms for ""bypass"" and ""evade""."
What are the various aliases used by the notorious group known as APT19?,What are the different names by which the APT19 group is known?,False,False,False,True,False,False,False,False,EQUIVALENT,"The paraphrased question still asks for the different names of the APT19 group, using the synonym ""aliases"" instead of ""names""."
What type of platform is most frequently linked to Exfiltration Over Web Service incidents?,What kind of platform is Exfiltration Over Web Service most commonly associated with?,True,True,True,False,False,False,False,True,EQUIVALENT,"The paraphrased question still inquires about the platform associated with Exfiltration Over Web Service, with only a minor rewording of the question."
"What types of security measures can Junk Data effectively evade, bypass, or disable?","What are the defenses that Junk Data can successfully evade, bypass, or disable?",False,False,False,False,False,False,False,True,EQUIVALENT,"The paraphrased question still asks about the defenses that Junk Data can evade, bypass, or disable, using ""security measures"" as a synonym for ""defenses""."
What types of security measures are susceptible to Clipboard Modification?,What security measures are vulnerable to Clipboard Modification?,True,False,False,False,False,True,False,False,EQUIVALENT,"The paraphrased question preserves the original meaning, entities, and relationship, with only a minor rewording from ""vulnerable"" to ""susceptible""."
What security measures are commonly evaded or circumvented by the technique of Code Signing?,What techniques does Code Signing use to bypass security measures?,False,False,False,False,False,False,False,True,NOT_EQUIVALENT,"The original question asks about techniques used by Code Signing, while the paraphrased question asks about security measures evaded by Code Signing."
What platform is typically linked to the operation of Rogue Master Device?,What kind of platform is Rogue Master Device most commonly associated with?,False,True,True,False,False,True,False,True,EQUIVALENT,"The paraphrased question still inquires about the platform associated with Rogue Master Device, using synonymous language."
Which security protocols are typically evaded or circumvented as a result of Remote System Information Discovery?,What security protocols are bypassed or compromised by Remote System Information Discovery?,False,False,False,False,False,True,True,True,EQUIVALENT,"The paraphrased question uses synonyms for ""bypassed"" and ""compromised"", such as ""evaded"" and ""circumvented"", without changing the entities or relationship being asked about."
What is the main purpose of a Rogue Master Device?,What is the primary objective of a Rogue Master Device?,False,False,False,False,False,True,False,False,EQUIVALENT,"The paraphrased question uses synonymous terms ""main purpose"" and ""primary objective"" to refer to the same entity and relationship as the original question."
What methods does Access Sensitive Data in Device Logs employ to remain active and avoid being detected?,What techniques does Access Sensitive Data in Device Logs use to evade detection and remain active?,False,False,False,False,False,False,False,False,EQUIVALENT,"The paraphrased question preserves the original meaning, entities, and relationship, with only superficial rewording of ""techniques"" to ""methods"", ""evade detection"" to ""avoid being detected"", and a reversal of the order of ""remain active"" and the detection phrase."
What is the purpose of XDG Autostart Entries?,What is the intention behind XDG Autostart Entries?,False,False,False,False,False,False,False,False,EQUIVALENT,"The paraphrased question uses the synonym ""purpose"" in place of ""intention"", preserving the original meaning and scope."
What is the purpose of Password Policy Discovery?,What is the intention behind Password Policy Discovery?,False,False,False,False,False,False,False,False,EQUIVALENT,"The paraphrased question uses ""purpose"" instead of ""intention"", which conveys the same meaning in this context."
What platforms are commonly targeted by Transport Agent malware for exploitation?,What type of platform is often compromised by Transport Agent malware?,False,False,False,True,False,False,False,True,EQUIVALENT,"The paraphrased question still asks about the type of platform affected by Transport Agent malware, preserving the original meaning and entities."
What is the purpose behind Malicious or Vulnerable Built-in Device Functionality?,What is the intention behind Malicious or Vulnerable Built-in Device Functionality?,False,False,False,False,False,False,False,False,EQUIVALENT,"The paraphrased question uses the word ""purpose"" instead of ""intention"", which conveys the same meaning in this context."
What is the primary goal of Uninstall Malicious Application?,What is the main intention of a Uninstall Malicious Application?,False,False,True,False,False,True,False,False,EQUIVALENT,"The paraphrased question preserves the original meaning, only replacing ""main intention"" with the synonymous phrase ""primary goal""."
What is the main objective of Alternate Network Mediums?,What is the primary goal of Alternate Network Mediums?,False,False,False,False,False,True,False,False,EQUIVALENT,"The paraphrased question uses synonymous terms ""main objective"" in place of ""primary goal"", preserving the original question's meaning and scope."
What tactics does the Modify Authentication Process use to circumvent the security measures in place?,Can you describe the methods by which Modify Authentication Process evades the defenses of security systems?,False,False,False,False,False,False,False,True,EQUIVALENT,"The paraphrased question still asks about the methods used by Modify Authentication Process to evade security defenses, with only a superficial rewording of terms like ""defenses"" to ""security measures"" and ""evades"" to ""circumvent""."
"What security systems and defenses can be compromised, disabled, or circumvented through RDP Hijacking?","What types of defenses or security systems can RDP Hijacking compromise, disable, or bypass?",True,True,True,False,False,True,False,True,EQUIVALENT,"The paraphrased question preserves the original meaning, entities, and relationship, with only superficial rewording and synonym replacement."
What is the primary objective behind a Dynamic-link Library Injection?,What is the main intention of a Dynamic-link Library Injection?,False,True,False,False,False,True,False,False,EQUIVALENT,"The paraphrased question uses synonymous terms ""primary objective"" and ""main intention"" to refer to the same entity and relationship as the original question."
What is the function of Additional Cloud Credentials?,What is the purpose of Additional Cloud Credentials?,False,False,False,False,False,False,False,False,EQUIVALENT,"The paraphrased question uses the term ""function"" instead of ""purpose"", which conveys the same meaning and inquiry about the Additional Cloud Credentials."
When did Operation Honeybee's most recent iteration occur?,When did the most recent instance of Operation Honeybee take place?,True,False,False,True,True,False,False,False,EQUIVALENT,"The paraphrased question preserves the original meaning, asking about the same event with synonymous terms ""instance"" and ""iteration""."
What security measures fail to prevent the operation of Change Operating Mode?,What security measures are unable to prevent Change Operating Mode?,False,True,True,True,False,False,True,False,EQUIVALENT,"The paraphrased question still inquires about the same security measures and their inability to prevent Change Operating Mode, with only a minor rewording of the phrase ""unable to prevent"" to ""fail to prevent""."
What types of security controls are vulnerable to exploitation via the InstallUtil utility?,Which security controls are susceptible to InstallUtil?,False,False,False,False,False,False,False,False,EQUIVALENT,"The paraphrased question still inquires about the same security controls and their vulnerability to InstallUtil, with only a change in wording."
"What security measures or defense systems can be compromised, disabled, or circumvented by Protected User Data?","What types of defenses or security systems can Protected User Data compromise, disable, or bypass?",False,True,False,False,False,True,True,False,NOT_EQUIVALENT,"The original question asks what defenses Protected User Data can compromise, while the paraphrased question asks what security measures can be compromised by Protected User Data, reversing the relationship between the entities."
Which security measures are susceptible to exploitation through Ptrace System Calls?,What security measures are vulnerable to Ptrace System Calls?,False,False,False,False,False,False,False,True,EQUIVALENT,"The paraphrased question preserves the original meaning, asking about the same security measures and their vulnerability to Ptrace System Calls, with only a superficial rewording from ""vulnerable"" to ""susceptible to exploitation""."
For what platform is Indicator Removal on Host primarily designed?,For which platform is Indicator Removal on Host primarily intended?,False,True,True,True,False,True,True,True,EQUIVALENT,"The paraphrased question uses ""designed"" instead of ""intended"", which conveys the same meaning in this context."
What platforms are the intended users of RemoteUtilities?,Which platform is the target audience for RemoteUtilities?,False,False,False,False,False,False,True,False,EQUIVALENT,"The paraphrased question still asks about the target audience of RemoteUtilities, using synonymous terms ""intended users"" and ""target audience""."
How does Regsvcs/Regasm manage to avoid being detected and protected by security systems?,In what ways is Regsvcs/Regasm able to evade detection and protection?,False,False,False,False,False,False,True,True,EQUIVALENT,"The paraphrased question preserves the original meaning, entities, and relationship, with only a superficial rewording of ""evade detection and protection"" to ""avoid being detected and protected""."
On which type of platform is Impersonation typically designed to operate?,What type of platform is Impersonation typically designed for?,True,True,True,True,False,True,True,True,EQUIVALENT,"The paraphrased question still inquires about the type of platform Impersonation is designed for, with only a superficial rewording of the original question."
"What types of security defenses can Modify Registry successfully evade, bypass, or disable?","What are the defenses that Modify Registry can successfully evade, bypass, or disable?",False,False,True,False,False,False,False,True,EQUIVALENT,"The paraphrased question still asks about the defenses that Modify Registry can evade, bypass, or disable, with only a minor rewording of ""defenses"" to ""types of security defenses""."
On which system is Event Triggered Execution typically deployed or carried out?,On which platform is Event Triggered Execution  typically deployed or executed?,False,False,False,False,False,False,False,False,EQUIVALENT,"The paraphrased question replaces ""platform"" with ""system"", which is a synonymous term in this context, preserving the original meaning and scope."
What is the primary objective of Cloud Groups?,What does Cloud Groups aim to achieve?,False,False,True,False,False,False,False,False,EQUIVALENT,"The paraphrased question still asks about the main goal of Cloud Groups, preserving the original question's meaning and entities."
What security controls and defenses might Domain Fronting potentially undermine or circumvent?,What types of defenses or security controls can Domain Fronting compromise or disable?,True,True,True,False,False,False,False,False,EQUIVALENT,"The paraphrased question preserves the original meaning, entities, and relationship, using synonyms like ""undermine or circumvent"" for ""compromise or disable""."
What security measures are typically circumvented by Default Accounts?,What security features are bypassed by Default Accounts?,True,True,True,False,False,True,True,True,EQUIVALENT,"The paraphrased question uses synonymous terms ""security measures"" and ""circumvented"" to convey the same meaning as the original question."
What methods does a Rogue Domain Controller employ to circumvent and compromise existing security systems and defenses?,How does Rogue Domain Controller manage to breach or penetrate security systems and defenses?,False,True,False,False,False,True,False,False,EQUIVALENT,"The paraphrased question preserves the original meaning, entities, and relationship, using synonyms like ""circumvent and compromise"" for ""breach or penetrate"" and ""employ"" for ""manage to""."
On what platforms is Disable Cloud Logs usually implemented or activated?,On which platform is Disable Cloud Logs typically deployed or executed?,False,True,True,True,False,True,True,True,EQUIVALENT,"The paraphrased question preserves the original meaning, entities, and relationship, with only minor wording changes."
What is the main goal of an Exfiltration Over Command and Control Channel cyber-attack?,What is the objective of an Exfiltration Over Command and Control Channel attack?,False,False,False,False,False,True,False,True,EQUIVALENT,"The paraphrased question preserves the original meaning, entities, and relationship, with only a minor addition of the word ""cyber-"" for clarification."
What is the primary purpose of Execution Guardrails?,What is the main intention of a Execution Guardrails?,False,False,False,False,False,False,False,False,EQUIVALENT,"The paraphrased question uses synonymous terms ""primary purpose"" and ""main intention"" to refer to the same entity ""Execution Guardrails"" and relationship of inquiry."
What is the primary objective of an attacker when performing Domain Trust Discovery?,What does an attacker seek to accomplish with Domain Trust Discovery?,True,False,False,False,False,False,False,False,EQUIVALENT,"The paraphrased question still asks about the primary goal of an attacker in the context of Domain Trust Discovery, preserving the original meaning and entities."
How does the Cloud Service Dashboard successfully circumvent existing security measures?,In what ways does Cloud Service Dashboard evade the defenses put in place?,False,True,False,False,False,False,True,False,EQUIVALENT,"The paraphrased question preserves the original meaning, asking about the same entity (Cloud Service Dashboard) and relationship (evading defenses), with only a superficial rewording of ""evade"" to ""circumvent"" and ""defenses"" to ""security measures""."
What is the primary objective of a Drive-by Compromise?,What does an attacker seek to accomplish with Drive-by Compromise?,True,False,False,False,False,False,False,False,EQUIVALENT,"The paraphrased question still asks about the main goal of a Drive-by Compromise, preserving the original question's meaning and entities."
What is the intended function of Insecure Third-Party Libraries?,What is the purpose of Insecure Third-Party Libraries?,False,False,False,False,False,False,False,False,EQUIVALENT,"The paraphrased question still inquires about the purpose or function of the same entity, Insecure Third-Party Libraries, with no change in scope or relationship."
What is the purpose of the Trusted Developer Utilities?,What is the intention behind Trusted Developer Utilities?,False,False,False,False,False,False,False,False,EQUIVALENT,"The paraphrased question uses ""purpose"" instead of ""intention"", but both words convey the same meaning in this context."
What methods do System Services employ to avoid detection and continue operating?,What techniques does System Services use to evade detection and remain active?,False,True,False,False,False,False,False,False,EQUIVALENT,"The paraphrased question preserves the original meaning, entities, and relationship, with only superficial rewording of ""techniques"" to ""methods"", ""evade"" to ""avoid"", and ""remain active"" to ""continue operating""."
What methods does Data Encrypted for Impact utilize to avoid detection and persist on a system?,What techniques does Data Encrypted for Impact use to evade detection and remain active?,False,False,False,False,False,False,False,False,EQUIVALENT,"The paraphrased question preserves the original meaning, entities, and relationship, with only superficial rewording of ""techniques"" to ""methods"", ""evade detection"" to ""avoid detection"", and ""remain active"" to ""persist on a system""."
What is the destination endpoint of Network Address Translation Traversal?,What is the ultimate target of Network Address Translation Traversal?,False,False,False,False,False,False,False,True,EQUIVALENT,"The terms ""ultimate target"" and ""destination endpoint"" convey the same meaning in the context of Network Address Translation Traversal."
What is the primary objective of conducting Network Connection Enumeration?,What is the purpose of Network Connection Enumeration?,True,False,False,False,False,False,False,True,EQUIVALENT,"The paraphrased question still asks about the main goal of Network Connection Enumeration, preserving the original meaning and entities."
On which platforms does ListPlanting typically target or function?,Which platform does ListPlanting target or operate on?,True,True,True,False,False,True,False,True,EQUIVALENT,"The paraphrased question preserves the original meaning, entities, and relationship, with only minor rewording changes."
What security vulnerabilities or weaknesses does Network Information Discovery specifically target or utilize?,What are the security weaknesses or vulnerabilities that Network Information Discovery exploits or leverages?,True,True,False,False,False,False,False,False,EQUIVALENT,"The paraphrased question preserves the original meaning, asking about the same entity (Network Information Discovery) and relationship (exploiting or leveraging security weaknesses or vulnerabilities), with only superficial rewording."
What techniques does Compromise Software Supply Chain utilize to bypass security defenses?,What methods does Compromise Software Supply Chain employ to evade security defenses?,False,False,False,False,False,False,False,False,EQUIVALENT,"The paraphrased question uses synonymous terms ""techniques"" and ""utilize"" and ""bypass"" to convey the same meaning as the original question."
What is the primary platform targeted by Elevated Execution with Prompt type attacks?,Which platform serves as the primary focus for Elevated Execution with Prompt attacks?,False,True,True,True,False,True,False,True,EQUIVALENT,"The paraphrased question still asks about the primary platform related to Elevated Execution with Prompt attacks, preserving the original meaning and entities."
What methods does Exfiltration Over Webhook utilize to bypass detection and maintain persistence?,What techniques does Exfiltration Over Webhook use to evade detection and remain active?,False,False,False,False,False,False,False,False,EQUIVALENT,"The paraphrased question preserves the original meaning, entities, and relationship, with only superficial rewording of ""techniques"" to ""methods"", ""evade detection"" to ""bypass detection"", and ""remain active"" to ""maintain persistence""."
What is the purpose behind the concept of Fileless Storage?,What is the intention behind Fileless Storage?,False,False,False,False,False,False,False,False,EQUIVALENT,"The paraphrased question preserves the original meaning and entities, with ""intention"" and ""purpose"" being synonymous in this context."
What methods do attackers utilize to successfully penetrate security systems using Dynamic-link Library Injection?,How does Dynamic-link Library Injection manage to breach or penetrate security systems and defenses?,False,False,False,False,False,False,False,False,EQUIVALENT,"The paraphrased question still inquires about the methods used to penetrate security systems using Dynamic-link Library Injection, preserving the original question's meaning and entities."
What measures does the Component Object Model employ to avoid being detected by security systems?,Can you explain how Component Object Model evades detection by security systems?,False,False,False,False,False,True,False,False,EQUIVALENT,"The paraphrased question still asks about the same entity (Component Object Model) and its relationship (evading detection) with security systems, using synonymous terms."
What Confluence features or functionalities might be vulnerable to exploitation by attackers?,What defensive techniques can be compromised by Confluence?,False,False,False,False,False,False,False,False,EQUIVALENT,"The paraphrased question still inquires about the vulnerabilities of Confluence, just framing it from the perspective of exploitation by attackers rather than defensive techniques."
Which security defenses are susceptible to being targeted by Client Configurations?,What defense mechanisms are vulnerable to exploitation by Client Configurations?,True,False,False,False,False,False,False,False,EQUIVALENT,"The paraphrased question preserves the original meaning, asking about the same entities (defense mechanisms/security defenses and Client Configurations) and relationship (vulnerability to exploitation/targeting)."
Which security protocols are vulnerable to exploitation through the mechanism known as Pass the Ticket?,What security protocols are bypassed or compromised by Pass the Ticket?,False,False,True,True,False,True,True,True,EQUIVALENT,"The paraphrased question still inquires about the same security protocols and their relationship to Pass the Ticket, using synonymous language."
On which system or platform does the Activate Firmware Update Mode function operate?,Which platform does Activate Firmware Update Mode target or operate on?,False,False,True,True,False,False,True,False,EQUIVALENT,"The paraphrased question still inquires about the platform targeted or operated on by Activate Firmware Update Mode, with only superficial rewording."
What is the primary goal of an attack involving Impair Command History Logging?,What is the objective of an Impair Command History Logging attack?,False,False,False,False,False,True,False,True,EQUIVALENT,"The paraphrased question still asks about the main purpose of the same type of attack, ""Impair Command History Logging"", without changing the entity or relationship being inquired about."
What security protocols or measures might Stored Application Data potentially compromise or erode?,What security protocols or measures can Stored Application Data compromise or undermine?,False,False,False,False,False,False,False,False,EQUIVALENT,"The paraphrased question preserves the original meaning, entities, and relationship, with only minor wording changes that do not alter the scope or constraints of the query."
What is the primary objective behind the malicious operation known as Project File Infection?,What is the purpose of Project File Infection?,False,False,False,False,False,False,False,True,EQUIVALENT,"The paraphrased question still refers to the same entity, ""Project File Infection"", and asks about its purpose or objective, preserving the original meaning and relationship."
What methods enable SID-History Injection to avoid detection and protection?,In what ways is SID-History Injection able to evade detection and protection?,False,False,False,False,False,False,True,False,EQUIVALENT,"The paraphrased question preserves the original meaning, entities, and relationship, with only a superficial rewording of ""evade"" to ""avoid"" and ""ways"" to ""methods""."
What security controls are most vulnerable to issues stemming from Network Trust Dependencies?,Which security controls are susceptible to Network Trust Dependencies?,False,True,False,False,False,False,False,True,EQUIVALENT,"The paraphrased question still inquires about the same security controls and their relationship to Network Trust Dependencies, with only a minor rewording of ""susceptible"" to ""vulnerable to issues stemming from""."
What security measures are evaded or compromised through the Escape to Host tactic?,What security protocols are bypassed or compromised by Escape to Host?,False,True,False,False,False,True,False,False,EQUIVALENT,"The paraphrased question preserves the original meaning, entities, and relationship, with only a superficial rewording of ""protocols"" to ""measures"" and ""bypassed"" to ""evaded""."
What is the purpose behind Deobfuscate/Decode Files or Information?,What is the intention behind Deobfuscate/Decode Files or Information?,False,False,False,False,False,False,False,False,EQUIVALENT,"The paraphrased question uses the synonym ""purpose"" in place of ""intention"", preserving the original meaning and scope."
What security defenses does At (Linux) typically circumvent through its evasion techniques?,What methods does At (Linux) employ to evade security defenses?,False,True,False,False,False,True,False,False,EQUIVALENT,"The paraphrased question still asks about the methods or techniques At (Linux) uses to evade security defenses, with only a superficial rewording of the original question."
What security controls or measures can Proxy potentially circumvent or sidestep?,What are the security controls or measures that Proxy can bypass or evade?,False,False,True,False,False,True,False,False,EQUIVALENT,"The paraphrased question preserves the original meaning, entities, and relationship, using synonyms for ""bypass"" and ""evade"" such as ""circumvent"" and ""sidestep""."
What security measures are circumvented or compromised by Data from Information Repositories?,What security measures does Data from Information Repositories manage to bypass or undermine?,True,True,False,False,False,True,True,True,EQUIVALENT,"The paraphrased question preserves the original meaning, entities, and relationship, using synonyms ""circumvented or compromised"" for ""bypass or undermine"" without changing the scope or constraints."
What countermeasures are ineffectual against the AppDomainManager?,What countermeasures are ineffective against AppDomainManager?,False,False,False,False,False,False,False,False,EQUIVALENT,"The paraphrased question uses the synonym ""ineffectual"" instead of ""ineffective"", but retains the same meaning and entities."
What security measures can Startup Items potentially evade or bypass?,What defenses can Startup Items evade or circumvent?,False,True,True,False,False,True,False,False,EQUIVALENT,"The paraphrased question still asks about the same entity (Startup Items) and its ability to evade or circumvent something, with ""security measures"" being a synonym for ""defenses""."
What security measures are vulnerable to compromise through Lockscreen Bypass?,What defensive techniques can be compromised by Lockscreen Bypass?,False,False,True,False,False,False,False,False,EQUIVALENT,The paraphrased question still inquires about the same type of techniques (defensive/security measures) being compromised by the same entity (Lockscreen Bypass).
What security protocols are circumvented by Valid Accounts?,What security protocols are bypassed or compromised by Valid Accounts?,True,True,False,False,False,True,True,True,EQUIVALENT,"The paraphrased question uses ""circumvented"" instead of ""bypassed or compromised"", which conveys the same meaning in the context of security protocols."
What methods do malicious actors employ to remain hidden using Data from Information Repositories?,What strategies does Data from Information Repositories use to evade security defenses and remain undetected?,False,False,False,False,False,False,False,False,NOT_EQUIVALENT,"The paraphrased question shifts the focus from the data itself to malicious actors, changing the entity being asked about."
What is the primary goal of Token Impersonation/Theft?,What is the main objective of Token Impersonation/Theft?,False,False,True,True,False,True,False,False,EQUIVALENT,"The paraphrased question uses the synonym ""primary goal"" in place of ""main objective"", preserving the original meaning and entities."
What methods does the WHOIS protocol employ to bypass security systems and avoid detection?,What strategies does WHOIS use to evade security defenses and remain undetected?,False,False,False,False,False,False,False,False,EQUIVALENT,"The paraphrased question preserves the original meaning, entities, and relationship, using synonymous terms like ""strategies"" and ""methods"", and ""evade"" and ""bypass"", without altering the scope or constraints."
What platforms are particularly vulnerable to the risks associated with a Code Signing Policy Modification?,For what type of platform is Code Signing Policy Modification considered a significant threat?,True,True,True,True,False,True,True,True,EQUIVALENT,"Both questions ask about the type or platform vulnerable to Code Signing Policy Modification, with only a superficial rewording of the query."
On which platform do Unix Shell attacks primarily take place?,Which platform serves as the primary focus for Unix Shell attacks?,False,True,True,True,False,True,True,True,EQUIVALENT,"The paraphrased question still asks about the primary platform for Unix Shell attacks, preserving the original meaning and entities."
What security defenses do Malicious Media Content methods typically evade?,What methods does Malicious Media Content employ to evade security defenses?,False,True,False,False,False,True,False,False,NOT_EQUIVALENT,"The original question asks about methods employed by Malicious Media Content, while the paraphrased question asks about security defenses evaded by those methods, effectively reversing the relationship being asked about."
What security defenses are typically evaded by Component Object Model Hijacking tactics?,What methods does Component Object Model Hijacking employ to evade security defenses?,False,True,False,False,False,True,False,True,NOT_EQUIVALENT,"The original question asks about the methods used by Component Object Model Hijacking, while the paraphrased question asks about the security defenses it evades, effectively reversing the relationship being asked about."
What security measures can Modify Controller Tasking potentially evade or bypass?,What defenses can Modify Controller Tasking evade or circumvent?,False,False,True,False,False,False,True,False,EQUIVALENT,"The paraphrased question still asks about the same entity ""Modify Controller Tasking"" and its ability to evade or circumvent defenses, using synonyms for ""defenses"" and ""evade/circumvent""."
What types of security measures can Fallback Channels bypass or evade?,What defenses can Fallback Channels evade or circumvent?,True,True,True,False,False,True,True,False,EQUIVALENT,"The paraphrased question still asks about the same entity, Fallback Channels, and the same relationship, evading or circumventing, with ""security measures"" being a synonym for ""defenses""."
What is the primary goal of an operation designed to Generate Traffic from Victim?,What is the objective of an Generate Traffic from Victim attack?,False,False,True,False,False,True,False,False,EQUIVALENT,"The paraphrased question still refers to the same attack type and inquires about its main objective, using synonymous terms."
What is the primary objective of the Query Registry?,What does Query Registry aim to achieve?,False,False,True,False,False,False,False,False,EQUIVALENT,"The paraphrased question still asks about the main goal of the same entity, Query Registry."
How do security systems fail to detect Exfiltration to Code Repository tactics?,Can you explain how Exfiltration to Code Repository evades detection by security systems?,False,False,False,False,False,False,False,False,EQUIVALENT,"The paraphrased question still inquires about the same entity (Exfiltration to Code Repository) and its relationship with security systems (evading detection), with only a superficial rewording of the syntax."
"What methods does the ""Use Alternate Authentication Material"" technique employ to avoid detection and sustain its operational presence?",What techniques does Use Alternate Authentication Material use to evade detection and remain active?,False,False,False,False,False,False,False,False,EQUIVALENT,"The paraphrased question preserves the original meaning, entities, and relationship, with only superficial rewording of terms like ""techniques"" to ""methods"" and ""evade detection and remain active"" to ""avoid detection and sustain its operational presence""."
What security features are susceptible to exploitation through Bypass User Access Control?,What defense mechanisms are vulnerable to exploitation by Bypass User Access Control?,False,False,False,True,False,False,False,False,EQUIVALENT,"The paraphrased question still refers to the same vulnerability and exploitation method, with ""defense mechanisms"" and ""security features"" being semantically equivalent in this context."
What techniques does Keychain employ to avoid being detected by security systems and software?,How does Keychain manage to evade the detection of security systems and software?,False,False,False,False,False,False,False,False,EQUIVALENT,"The paraphrased question still asks about the methods Keychain uses to avoid detection by security systems and software, preserving the original meaning and entities."
What security controls does the presence of Windows Admin Shares potentially evade or compromise?,What security measures does Windows Admin Shares manage to bypass or undermine?,True,True,True,False,False,False,False,False,EQUIVALENT,"The paraphrased question still inquires about the security impact of Windows Admin Shares, using synonyms for ""measures"", ""bypass"", and ""undermine"" that preserve the original meaning."
What is the primary objective behind the exploitation of Compromise Software Dependencies and Development Tools?,What is the intention behind Compromise Software Dependencies and Development Tools?,False,False,False,False,False,False,True,True,NOT_EQUIVALENT,"The paraphrased question introduces the concept of ""exploitation"", which changes the scope and implies a malicious intent not present in the original question."
How do threat actors utilize the tactic of Generate Traffic from Victim to evade detection by security systems?,Can you explain how Generate Traffic from Victim evades detection by security systems?,False,False,False,False,False,False,False,False,EQUIVALENT,"The paraphrased question still asks about the same tactic, ""Generate Traffic from Victim"", and its ability to evade detection by security systems, with only a superficial rewording of the original question."
What security controls or defenses can be compromised or disabled by Exfiltration Over Unencrypted/Obfuscated Non-C2 Protocol?,What types of defenses or security controls can Exfiltration Over Unencrypted/Obfuscated Non-C2 Protocol compromise or disable?,True,False,False,False,False,True,False,False,EQUIVALENT,"The paraphrased question preserves the original meaning, entities, and relationship, with only a superficial rewording of the sentence structure."
What security measures are exposed to potential threats from Shared Webroot?,What security measures are vulnerable to Shared Webroot?,False,False,True,True,False,False,False,False,EQUIVALENT,"The paraphrased question still inquires about the same security measures and their vulnerability to Shared Webroot, using ""exposed to potential threats"" as a synonym for ""vulnerable""."
What techniques does Remote File Copy employ to avoid being detected by security systems?,Can you explain how Remote File Copy evades detection by security systems?,False,False,False,False,False,False,False,False,EQUIVALENT,"The paraphrased question still asks about the methods used by Remote File Copy to evade detection, referring to the same entity and relationship as the original question."
What security vulnerabilities does PowerShell exploit or utilize?,What are the security weaknesses or vulnerabilities that PowerShell exploits or leverages?,False,False,True,True,False,False,False,False,EQUIVALENT,"The paraphrased question preserves the original meaning, entities, and relationship, with only minor wording changes that do not alter the scope or constraints of the query."
For which platform is I/O Module Discovery primarily designed?,What platform is I/O Module Discovery specifically tailored for?,False,True,True,True,False,True,True,True,EQUIVALENT,"The paraphrased question still asks about the primary platform for I/O Module Discovery, preserving the original meaning and entities."
What methods do threat actors employ to remain undetected by antivirus software when engaging in SIP and Trust Provider Hijacking?,How does SIP and Trust Provider Hijacking successfully evade detection by antivirus software?,False,False,False,False,False,False,False,False,EQUIVALENT,The paraphrased question still inquires about the methods used to evade detection by antivirus software in the context of SIP and Trust Provider Hijacking.
What techniques do threat actors employ to successfully bypass the defenses of security systems while executing Gather Victim Host Information?,Can you describe the methods by which Gather Victim Host Information evades the defenses of security systems?,False,False,False,False,False,False,True,False,EQUIVALENT,"The paraphrased question still asks about the methods used to evade security system defenses during the Gather Victim Host Information phase, with only superficial rewording."
What techniques does Trust Modification utilize to avoid detection by security defenses?,How does Trust Modification manage to evade detection by defenses?,False,False,False,True,False,False,False,False,EQUIVALENT,"The paraphrased question still asks about the methods Trust Modification uses to avoid detection, with no change in entities or relationship."
What is the primary goal of a Server assault?,What is the objective of an Server attack?,False,False,False,False,False,True,False,False,EQUIVALENT,"The paraphrased question uses synonymous terms ""assault"" and ""attack"", and ""primary goal"" and ""objective"", to refer to the same entity and relationship."
What security controls or measures can IP Addresses potentially circumvent or evade?,What are the security controls or measures that IP Addresses can bypass or evade?,False,False,False,False,False,True,False,True,EQUIVALENT,"The paraphrased question preserves the original meaning, entities, and relationship, with only minor wording changes that do not alter the scope or constraints of the query."
What types of defenses can be evaded or bypassed by Proc Memory?,What defenses can Proc Memory evade or circumvent?,True,False,False,False,False,False,True,False,EQUIVALENT,"The paraphrased question still asks about the defenses that Proc Memory can evade or circumvent, with only a superficial rewording of the original question."
On what platforms is a Malicious Third Party Keyboard App typically intended to operate?,On which platform is Malicious Third Party Keyboard App designed to function effectively?,True,True,True,False,False,True,True,True,EQUIVALENT,"The paraphrased question still asks about the platform for a Malicious Third Party Keyboard App, with only minor wording changes."
What types of security measures can Password Spraying effectively bypass or evade?,What defenses can Password Spraying evade or circumvent?,True,True,True,False,False,True,False,False,EQUIVALENT,"The paraphrased question still inquires about the defenses or security measures that Password Spraying can evade or circumvent, preserving the original meaning and scope."
What is the objective of an attacker's use of Local Network Connections Discovery?,What does an attacker seek to accomplish with Local Network Connections Discovery?,False,False,False,False,False,False,False,False,EQUIVALENT,"The paraphrased question still asks about the goal of an attacker using Local Network Connections Discovery, preserving the original meaning and entities."
What is the main purpose of One-Way Communication?,What is the primary objective of a One-Way Communication?,False,False,False,False,False,False,False,False,EQUIVALENT,"The paraphrased question preserves the original meaning and asks about the same entity and relationship, with only a superficial rewording of ""primary objective"" to ""main purpose""."
On which system does Call Log  primarily operate?,On which platform is Call Log  typically deployed or executed?,False,False,True,True,False,False,True,False,EQUIVALENT,"The paraphrased question still asks about the platform or system where Call Log is typically deployed or executed, with ""system"" being a synonym for ""platform"" in this context."
What techniques do External Proxy use to avoid being detected by security software and systems?,How does External Proxy manage to evade the detection of security systems and software?,False,False,False,False,False,False,False,False,EQUIVALENT,"The paraphrased question still asks about the methods External Proxy uses to avoid detection by security systems and software, preserving the original meaning and entities."
What security protocols or measures might Data Obfuscation potentially compromise or render ineffective?,What security protocols or measures can Data Obfuscation compromise or undermine?,False,False,False,False,False,True,False,False,EQUIVALENT,"The paraphrased question preserves the original meaning and entities, with ""undermine"" and ""render ineffective"" being semantically equivalent to ""compromise""."
What is the purpose of At?,What is the intention behind At?,False,False,False,False,False,False,False,False,EQUIVALENT,"The paraphrased question uses a synonym for ""intention"" (purpose) without changing the entity (At) or the relationship being asked about."
What is the primary purpose or intended use of a Virtual Private Server?,For which platform is Virtual Private Server primarily intended?,False,False,False,False,False,False,False,False,NOT_EQUIVALENT,The paraphrased question changes the scope from the intended platform to the general purpose of a Virtual Private Server.
What types of security controls can be compromised through Software Discovery?,Which security controls are susceptible to Software Discovery?,False,False,False,False,False,False,True,True,EQUIVALENT,"The paraphrased question still inquires about the same relationship between security controls and Software Discovery, using synonymous terms ""susceptible"" and ""can be compromised""."
What security measures could potentially be compromised or weakened by File and Directory Permissions Modification?,What security protocols or measures can File and Directory Permissions Modification compromise or undermine?,False,False,False,True,False,True,False,False,EQUIVALENT,The paraphrased question still inquires about the same security measures being compromised by File and Directory Permissions Modification.
What is the purpose behind the DCShadow malware?,What is the intention behind DCShadow?,False,False,False,False,False,False,False,False,NOT_EQUIVALENT,"The paraphrased question adds the term ""malware"", which may not be an inherent characteristic of DCShadow, potentially altering the scope of the inquiry."
What techniques does the LSASS Driver employ to avoid detection by security systems?,What strategies does LSASS Driver use to evade security defenses and remain undetected?,False,False,False,False,False,False,False,False,EQUIVALENT,"The paraphrased question preserves the original meaning, entities (LSASS Driver and security defenses/systems), and relationship (evading/avoiding detection), with only superficial rewording."
What is Source typically intended for use on?,What type of platform is Source typically designed for?,False,False,True,False,False,True,True,False,EQUIVALENT,"The paraphrased question still inquires about the intended use of Source, with ""platform"" and ""use on"" conveying the same relationship."
What is the purpose of exploiting a File System Permissions Weakness?,What is the objective of an File System Permissions Weakness attack?,False,False,False,False,False,False,False,False,EQUIVALENT,"The paraphrased question still inquires about the objective or purpose of exploiting the same specific entity, a File System Permissions Weakness."
What are the various names or monikers known to refer to the CURIUM group?,What are the known aliases of the CURIUM group?,False,False,False,True,False,False,False,False,EQUIVALENT,The paraphrased question still asks for the different names referring to the same CURIUM group entity.
"What types of defenses can App Delivered via Email Attachment effectively evade, bypass, or disable?","What are the defenses that App Delivered via Email Attachment can successfully evade, bypass, or disable?",False,False,False,False,False,False,False,True,EQUIVALENT,"The paraphrased question preserves the original meaning, entities, and relationship, with only a minor rewording of ""What are the defenses"" to ""What types of defenses"" and ""successfully"" to ""effectively""."
Which security protocols can be evaded by Search Open Websites/Domains.,Identify the security protocols that Search Open Websites/Domains can circumvent.,False,False,True,True,False,False,True,True,EQUIVALENT,"The paraphrased question preserves the original meaning, entities, and relationship, using synonymous terms ""circumvent"" and ""evaded"" to convey the same idea."
How does the AppDomainManager manage to evade the defensive measures that have been implemented?,In what ways does AppDomainManager evade the defenses put in place?,False,False,False,False,False,False,False,True,EQUIVALENT,"The paraphrased question preserves the original meaning, entities, and relationship, with only superficial rewording of ""defenses"" to ""defensive measures"" and ""put in place"" to ""implemented""."
What security controls or defenses does SIM Card Swap manage to circumvent or compromise?,What security measures does SIM Card Swap manage to bypass or undermine?,False,True,False,False,False,True,True,True,EQUIVALENT,"The paraphrased question preserves the original meaning, entities, and relationship, using synonyms for ""security measures"", ""bypass/undermine"", to convey the same inquiry."
What security features are vulnerable to being circumvented by SID-History Injection?,What security features are bypassed by SID-History Injection?,False,False,False,True,False,False,False,True,EQUIVALENT,"The paraphrased question still asks about the same security features and their relationship to SID-History Injection, using synonymous language."
What is the most recent instance of the Oldsmar Treatment Plant Intrusion?,When was Oldsmar Treatment Plant Intrusion last seen in action?,False,False,False,False,True,False,False,False,EQUIVALENT,"The paraphrased question still inquires about the most recent occurrence of the Oldsmar Treatment Plant Intrusion, preserving the original question's meaning and scope."
On what operating systems is Wi-Fi Discovery intended to operate smoothly?,On which platform is Wi-Fi Discovery designed to function effectively?,False,False,True,True,False,True,True,True,EQUIVALENT,"The paraphrased question still asks about the platform or system on which Wi-Fi Discovery is designed to function, with ""operating systems"" being a synonym for ""platform"" in this context."
What type of platform typically falls victim to malware that involves Patch System Image exploits?,What type of platform is often compromised by Patch System Image malware?,False,True,False,False,False,False,False,False,EQUIVALENT,"The paraphrased question still refers to the same type of platform and malware, with only a minor rewording of the description."
What security vulnerabilities does Device Unlock Code Guessing or Brute Force exploit or take advantage of?,What are the security weaknesses or vulnerabilities that Device Unlock Code Guessing or Brute Force exploits or leverages?,True,False,True,False,False,False,True,False,EQUIVALENT,"The paraphrased question preserves the original meaning, entities, and relationship, with only minor rewording of ""leverages"" to ""take advantage of"" and ""weaknesses or vulnerabilities"" to ""security vulnerabilities""."
What security measures can be circumvented through the use of Kerberoasting?,Which defense strategies can be evaded by Kerberoasting?,True,True,True,True,False,False,True,False,EQUIVALENT,"The paraphrased question still inquires about the same entity (Kerberoasting) and its relationship to the same type of concept (defense strategies or security measures), with only a superficial rewording of terms."
What security controls are circumvented by File Deletion?,What security features are bypassed by File Deletion?,True,True,True,True,False,False,True,True,EQUIVALENT,"The terms ""security features"" and ""security controls"" are synonymous in this context, preserving the original question's meaning and scope."
How does the concept of Loss of Availability manage to remain undetected by antivirus software?,How does Loss of Availability successfully evade detection by antivirus software?,False,False,False,False,False,False,False,False,EQUIVALENT,"The paraphrased question still asks how Loss of Availability evades detection by antivirus software, preserving the original meaning and entities."
Which defensive measures are susceptible to disruption by Call Control?,What defensive techniques can be compromised by Call Control?,False,False,False,False,False,True,False,False,EQUIVALENT,"The paraphrased question preserves the original meaning, entities, and relationship, using synonyms ""defensive measures"" and ""susceptible to disruption"" that convey the same scope as ""defensive techniques"" and ""compromised by""."
What security measures are unable to mitigate the risks associated with Template Injection?,What countermeasures are ineffective against Template Injection?,False,False,False,False,False,False,True,False,EQUIVALENT,"The paraphrased question still inquires about measures that fail to counter Template Injection, using ""ineffective"" and ""unable to mitigate"" interchangeably."
What techniques do Kernel Modules and Extensions employ to avoid detection by security defenses?,What strategies does Kernel Modules and Extensions use to evade security defenses and remain undetected?,True,False,False,False,False,True,False,False,EQUIVALENT,"The paraphrased question preserves the original meaning, entities, and relationship, with only a minor rewording from ""evade security defenses and remain undetected"" to ""avoid detection by security defenses""."
What names are also linked to the threat group known as DarkHydrus?,What other names are associated with the group DarkHydrus?,False,False,False,True,False,False,True,False,EQUIVALENT,"The paraphrased question still inquires about the same entity, DarkHydrus, and the same relationship, associated names, without any changes."
What is the purpose of the function known as Screen Capture?,What is the intention behind Screen Capture?,False,False,False,False,False,False,False,False,EQUIVALENT,"The paraphrased question still inquires about the intention or purpose of the same entity, ""Screen Capture"", without altering its scope or constraints."
What platforms are vulnerable to the significant threat of Log Enumeration?,For what type of platform is Log Enumeration considered a significant threat?,False,True,True,True,False,False,True,True,EQUIVALENT,"The paraphrased question still asks about the type of platform vulnerable to Log Enumeration, preserving the original meaning and entities."
What security measures are ineffective against Data Compressed?,What security measures are unable to prevent Data Compressed?,False,False,False,False,False,False,False,False,EQUIVALENT,"The terms ""unable to prevent"" and ""ineffective against"" convey the same meaning in this context, referring to the same relationship between security measures and Data Compressed."
What is the primary purpose of Data from Information Repositories?,What is the main intention of a Data from Information Repositories?,False,False,False,False,False,False,False,False,EQUIVALENT,"The paraphrased question uses synonymous terms ""primary purpose"" and ""main intention"" to refer to the same entity and relationship as the original question."
What security protocols are potentially circumvented when Clear Windows Event Logs is executed?,What security protocols are bypassed or compromised by Clear Windows Event Logs?,True,True,True,False,False,True,True,False,EQUIVALENT,"The paraphrased question preserves the original meaning, entities, and relationship, with only a minor rewording from ""bypassed or compromised"" to ""potentially circumvented""."
What security controls are circumvented by the App Auto-Start at Device Boot mechanism?,What security features are bypassed by App Auto-Start at Device Boot?,True,True,False,False,False,True,False,True,EQUIVALENT,"The paraphrased question uses synonymous terms ""security controls"" and ""circumvented"" to convey the same meaning as the original question."
What platform is typically linked to the task of Gather Victim Org Information?,What kind of platform is Gather Victim Org Information most commonly associated with?,False,True,False,True,False,True,False,True,EQUIVALENT,"The paraphrased question still inquires about the platform associated with Gather Victim Org Information, preserving the original meaning and entities."
What is the primary goal of an attack that employs Debugger Evasion techniques?,What is the objective of an Debugger Evasion attack?,False,False,False,False,False,True,False,False,EQUIVALENT,"The paraphrased question still asks about the objective of a Debugger Evasion attack, with only a minor rewording of the phrase."
What platform is typically linked with the Modify Cloud Compute Infrastructure?,What kind of platform is Modify Cloud Compute Infrastructure most commonly associated with?,False,True,True,True,False,True,True,True,EQUIVALENT,"The paraphrased question preserves the original meaning and entities, only changing the wording from ""most commonly associated with"" to ""typically linked with""."
What security measures or protocols could potentially be compromised or undermined by Domain Trust Discovery?,What security protocols or measures can Domain Trust Discovery compromise or undermine?,True,False,False,True,False,True,False,False,EQUIVALENT,"The paraphrased question preserves the original meaning, entities, and relationship, with only a superficial rewording of the sentence structure."
What platform is typically associated with the process of Install Digital Certificate?,What kind of platform is Install Digital Certificate most commonly associated with?,False,True,True,True,False,True,True,True,EQUIVALENT,"The paraphrased question still inquires about the platform associated with Install Digital Certificate, preserving the original meaning and entities."
What security measures does Linux and Mac File and Directory Permissions Modification aim to circumvent or compromise?,What security measures does Linux and Mac File and Directory Permissions Modification manage to bypass or undermine?,False,True,False,False,False,False,False,False,EQUIVALENT,"The paraphrased question uses synonyms ""circumvent or compromise"" for ""bypass or undermine"", preserving the original meaning and scope."
What security measures or protocols can be compromised or undermined by Patch System Image?,What security protocols or measures can Patch System Image compromise or undermine?,False,False,False,True,False,True,True,False,EQUIVALENT,"The paraphrased question still inquires about the same entity, Patch System Image, and its potential impact on the same relationship, compromising or undermining security protocols or measures."
How do security systems and software fail to detect Credentials from Password Stores.,How does Credentials from Password Stores manage to evade the detection of security systems and software?,False,False,False,False,False,False,True,False,NOT_EQUIVALENT,"The paraphrased question shifts the focus from how Credentials from Password Stores evade detection to why security systems fail to detect them, implying a different relationship and scope."
What is the primary goal of an exploitation of Native API vulnerabilities?,What is the objective of an Native API attack?,False,False,False,False,False,False,False,False,EQUIVALENT,"The paraphrased question still asks about the main purpose of exploiting Native API vulnerabilities, which is equivalent to the objective of a Native API attack."
What is the main purpose of Loss of Protection?,What is the primary objective of a Loss of Protection?,False,False,False,False,False,False,False,False,EQUIVALENT,"The paraphrased question preserves the original meaning and entities, with ""primary objective"" and ""main purpose"" being synonymous in this context."
What types of countermeasures fail to protect Domain Account?,What countermeasures are ineffective against Domain Account?,False,False,False,False,False,True,False,False,EQUIVALENT,"The paraphrased question still inquires about the ineffectiveness of countermeasures against Domain Account, using ""fail to protect"" as a synonym for ""ineffective against""."
What are Domain Generation Algorithms primarily intended for use on?,What type of platform is Domain Generation Algorithms typically designed for?,False,False,False,False,False,False,True,False,EQUIVALENT,"The paraphrased question still asks about the intended use or design target of Domain Generation Algorithms, preserving the original meaning and scope."
Which security measures can Commonly Used Port bypass or avoid?,What defenses can Commonly Used Port evade or circumvent?,False,False,True,False,False,True,False,False,EQUIVALENT,"The paraphrased question still inquires about the same entity, Commonly Used Port, and its ability to evade security measures, using synonyms for ""defenses"" and ""evade or circumvent""."
What Windows security measures are vulnerable to exploitation by Winlogon Helper DLL?,What defensive techniques can be compromised by Winlogon Helper DLL?,False,True,False,False,False,True,True,True,EQUIVALENT,"The paraphrased question still inquires about the vulnerability of Windows security aspects to Winlogon Helper DLL, preserving the original meaning and entities."
What vulnerabilities or weaknesses in system security does Process Injection specifically target or utilize?,What are the security weaknesses or vulnerabilities that Process Injection exploits or leverages?,False,False,False,False,False,False,False,False,EQUIVALENT,"The paraphrased question still inquires about the security weaknesses that Process Injection exploits, with only superficial rewording."
On which platforms is Dylib Hijacking considered a notable security risk?,For what type of platform is Dylib Hijacking considered a significant threat?,False,True,True,False,False,True,True,True,EQUIVALENT,The paraphrased question still refers to the same entity (Dylib Hijacking) and relationship (being a significant threat or security risk) as the original question.
What security controls are vulnerable to Emond?,Which security controls are susceptible to Emond?,True,False,False,True,False,False,True,False,EQUIVALENT,"The terms ""susceptible"" and ""vulnerable"" convey the same meaning in this context, referring to the security controls' potential to be affected by Emond."
What security protocols can a Uninstall Malicious Application bypass.,Identify the security protocols that Uninstall Malicious Application can circumvent.,True,False,True,False,False,False,True,False,EQUIVALENT,The paraphrased question still asks about the same entity (Uninstall Malicious Application) and its relationship (circumventing/bypassing) to the same concept (security protocols).
What security controls or measures can an Email Forwarding Rule potentially circumvent or sidestep?,What are the security controls or measures that Email Forwarding Rule can bypass or evade?,False,True,False,False,False,False,True,False,EQUIVALENT,"The paraphrased question preserves the original meaning, entities, and relationship, using synonyms for ""bypass"" and ""evade"" such as ""circumvent"" and ""sidestep""."
What mechanisms does Event Triggered Execution utilize to evade detection and maintain persistence?,What techniques does Event Triggered Execution  use to evade detection and remain active?,False,False,False,False,False,False,False,False,EQUIVALENT,"The paraphrased question preserves the original meaning, entities, and relationship, with ""mechanisms"" and ""utilize"" being synonymous with ""techniques"" and ""use"", and ""maintain persistence"" being equivalent to ""remain active""."
What system does gsecdump provide support for?,What system does gsecdump cater to?,False,True,True,False,False,True,False,False,EQUIVALENT,"The paraphrased question still asks about the system that gsecdump is related to, with ""provide support for"" being a synonymous expression for ""cater to""."
What are the other names for the Sowbug group?,Can you list the alternative names for the Sowbug group?,False,False,False,True,False,False,False,False,EQUIVALENT,"The paraphrased question still asks for alternative names for the Sowbug group, preserving the original meaning and scope."
What security protocols are susceptible to being bypassed by using a Non-Standard Port?,Identify the security protocols that Non-Standard Port can circumvent.,True,False,False,True,False,False,True,True,EQUIVALENT,"The paraphrased question still asks about the same security protocols and their relationship to Non-Standard Port, with only a change in wording."
What techniques enable System Service Discovery to avoid detection by defensive measures?,How does System Service Discovery manage to evade detection by defenses?,True,False,False,False,False,True,True,False,EQUIVALENT,"The paraphrased question preserves the original meaning, entities, and relationship, using synonymous terms like ""evade detection"" and ""avoid detection"" and ""defenses"" and ""defensive measures""."
What techniques do security systems struggle to detect when faced with File System Logical Offsets?,Can you describe the methods by which File System Logical Offsets evades the defenses of security systems?,False,False,False,False,False,False,False,False,NOT_EQUIVALENT,"The paraphrased question focuses on the limitations of security systems, whereas the original question focuses on the methods used by File System Logical Offsets to evade defenses."
What is the main objective of launching a Run Virtual Instance?,What is the primary goal of Run Virtual Instance?,False,False,False,False,False,True,False,False,EQUIVALENT,"The paraphrased question still asks about the primary goal of the same entity, ""Run Virtual Instance"", with only a minor rewording of ""primary goal"" to ""main objective"" and ""of Run Virtual Instance"" to ""of launching a Run Virtual Instance""."
What is the main goal behind Steal or Forge Kerberos Tickets?,What is the primary objective of a Steal or Forge Kerberos Tickets?,False,False,False,False,False,True,False,False,EQUIVALENT,"The paraphrased question preserves the original meaning, entities, and relationship, with only a superficial rewording of ""primary objective"" to ""main goal""."
What are the various aliases or names used to refer to the Cobalt Group?,What are the different names by which the Cobalt Group group is known?,False,False,False,True,False,False,False,False,EQUIVALENT,"The paraphrased question still asks for the different names of the Cobalt Group, using synonyms like ""aliases"" and ""various names"" to refer to the same entity and relationship."
What protocol is being targeted by Exfiltration Over Unencrypted/Obfuscated Non-C2 Protocol in its ultimate goal?,What is the ultimate target of Exfiltration Over Unencrypted/Obfuscated Non-C2 Protocol?,False,False,False,False,False,False,False,False,EQUIVALENT,"The paraphrased question still asks about the same entity (Exfiltration Over Unencrypted/Obfuscated Non-C2 Protocol) and the same relationship (its ultimate target), with only a superficial rewording of the syntax."
What security features are found to be circumvented by the process of Security Software Discovery?,What security features are bypassed by Security Software Discovery?,False,False,True,False,False,False,False,True,EQUIVALENT,"The paraphrased question uses ""found to be circumvented"" instead of ""bypassed"", which conveys the same meaning in this context."
What security protocols or measures are vulnerable to being compromised or undermined by Hidden Users?,What security protocols or measures can Hidden Users compromise or undermine?,True,False,True,True,False,True,False,False,EQUIVALENT,The paraphrased question still asks about the same security protocols and the same relationship of being compromised or undermined by Hidden Users.
What security measures fail to prevent the presence of Invalid Code Signature?,What security measures are unable to prevent Invalid Code Signature?,False,False,False,True,False,False,True,False,EQUIVALENT,"The paraphrased question still inquires about security measures that cannot prevent Invalid Code Signature, with only a minor rewording of the phrase ""unable to prevent"" to ""fail to prevent""."
What does Disable or Modify Linux Audit System ultimately aim to affect?,What is the ultimate target of Disable or Modify Linux Audit System?,False,False,False,False,False,False,True,False,EQUIVALENT,"The paraphrased question still inquires about the ultimate target of the same action, ""Disable or Modify Linux Audit System"", without changing the entity or relationship being asked about."
What is Content Injection generally intended for use on?,What type of platform is Content Injection typically designed for?,False,True,False,True,False,False,True,False,EQUIVALENT,"The paraphrased question still inquires about the intended use of Content Injection, with ""generally intended for use on"" being a rewording of ""designed for""."
What is the main purpose behind executing a Downgrade System Image?,What is the primary objective of a Downgrade System Image?,False,False,False,True,False,False,False,False,EQUIVALENT,"The paraphrased question preserves the original meaning, asking about the primary objective or main purpose of a Downgrade System Image with no change in entities or relationship."
In what ways does Block Reporting Message successfully avoid detection and protection?,In what ways is Block Reporting Message able to evade detection and protection?,False,False,False,False,False,False,True,False,EQUIVALENT,"The paraphrased question uses synonymous language, replacing ""evade"" with ""avoid"", without altering the original meaning or scope."
What tactics does an adversary utilize for Password Policy Discovery to avoid being detected by security measures?,How does Password Policy Discovery manage to evade detection by defenses?,False,False,False,False,False,False,False,False,EQUIVALENT,"The paraphrased question still asks about the methods used to evade detection, referring to the same entity (Password Policy Discovery) and relationship (evading detection by defenses/security measures)."
What security protocols are potentially vulnerable to the methods employed by Access Sensitive Data in Device Logs.,Identify the security protocols that Access Sensitive Data in Device Logs can circumvent.,False,False,False,False,False,True,True,False,EQUIVALENT,"The paraphrased question still asks about the security protocols that can be circumvented by Access Sensitive Data in Device Logs, preserving the original meaning and entities."
How do malicious actors utilize System Network Connections Discovery to circumvent the security measures of defense systems?,Can you describe the methods by which System Network Connections Discovery evades the defenses of security systems?,False,False,False,False,False,False,False,False,NOT_EQUIVALENT,"The paraphrased question shifts the focus from the methods used by System Network Connections Discovery to evade defenses to how malicious actors utilize it, changing the entity being asked about."
What security measures can be circumvented through the use of Abuse Accessibility Features?,Which defense strategies can be evaded by Abuse Accessibility Features?,True,True,True,True,False,True,False,True,EQUIVALENT,"The paraphrased question preserves the original meaning, entities, and relationship, with ""defense strategies"" and ""security measures"" being semantically equivalent in this context."
What type of platform is frequently targeted by malware that utilizes the Ignore Process Interrupts tactic?,What type of platform is often compromised by Ignore Process Interrupts malware?,False,True,False,False,False,False,False,False,EQUIVALENT,"The paraphrased question still refers to the same type of malware tactic and its target platform, with only a minor rewording of the description."
What types of defenses can potentially be circumvented by Systemd Timers?,What defensive techniques can be compromised by Systemd Timers?,True,False,False,False,False,True,False,False,EQUIVALENT,"The paraphrased question preserves the original meaning, entities, and relationship, using synonyms ""compromised"" and ""circumvented"" to convey the same idea."
What type of platform does the Lock User Out of Device function primarily affect?,Which platform does Lock User Out of Device target or operate on?,False,True,True,False,False,False,False,True,EQUIVALENT,"The paraphrased question still inquires about the platform targeted by the Lock User Out of Device function, with only a superficial rewording of the original question."
What is the primary target platform for the Verclsid software?,For which platform is Verclsid primarily intended?,False,False,True,False,False,False,False,False,EQUIVALENT,"The paraphrased question still asks about the primary platform intended for Verclsid, with no change in entity or relationship."
What security protocols are vulnerable to being circumvented through Path Interception by Search Order Hijacking?,What security protocols are bypassed or compromised by Path Interception by Search Order Hijacking?,True,False,True,True,False,False,False,False,EQUIVALENT,"The paraphrased question preserves the original meaning, entities, and relationship, using synonymous terms like ""vulnerable to being circumvented"" instead of ""bypassed or compromised""."
What Serverless Execution methods can be circumvented by attackers?,Which defense strategies can be evaded by Serverless Execution?,False,False,False,False,False,True,True,False,NOT_EQUIVALENT,"The original question asks about defense strategies that can be evaded, while the paraphrased question asks about Serverless Execution methods that can be circumvented by attackers, effectively swapping the subject and object of the inquiry."
What security protocols are potentially vulnerable to being circumvented by Event Triggered Execution?,Identify the security protocols that Event Triggered Execution can circumvent.,False,True,False,True,False,True,True,False,EQUIVALENT,The paraphrased question still asks about the same security protocols and their relationship to being circumvented by Event Triggered Execution.
What type of system or environment typically implements or facilitates Domain Trust Modification?,On which platform is Domain Trust Modification typically deployed or executed?,False,False,True,True,False,False,False,False,EQUIVALENT,"The paraphrased question still inquires about the context in which Domain Trust Modification is typically applied, with ""platform"" being essentially synonymous with ""system or environment"" in this context."
What platform is intended to support the functionality of Download New Code at Runtime?,On which platform is Download New Code at Runtime designed to function effectively?,False,True,True,False,False,True,True,True,EQUIVALENT,"The paraphrased question still inquires about the platform that supports the functionality of Download New Code at Runtime, preserving the original meaning and entities."
What is the primary objective of Office Test?,What is the purpose of Office Test?,False,False,False,False,False,False,False,False,EQUIVALENT,"The paraphrased question still asks about the main goal of the same entity, ""Office Test"", with no change in scope or relationship."
What is the primary objective of Time Based Evasion techniques?,What does Time Based Evasion aim to achieve?,False,True,False,False,False,True,False,False,EQUIVALENT,"The paraphrased question still asks about the main goal of Time Based Evasion, preserving the original entity and relationship."
How does the malware utilize the Contact List to bypass security measures?,In what ways does Contact List evade the defenses put in place?,False,False,False,False,False,False,False,False,NOT_EQUIVALENT,"The original question asks how ""Contact List"" evades defenses, implying it is the entity doing the evading, while the paraphrased question asks how malware uses ""Contact List"" to bypass security, changing the entity responsible for the action."
What tactics does Rundll32 employ to avoid detection and bypass security measures?,What strategies does Rundll32 use to evade security defenses and remain undetected?,False,False,False,False,False,True,False,False,EQUIVALENT,"The paraphrased question preserves the original's meaning, asking about the same entity (Rundll32) and relationship (evading security defenses), with only superficial rewording."
What measures do Default Accounts employ to successfully penetrate or breach security systems and defenses?,How does Default Accounts manage to breach or penetrate security systems and defenses?,False,False,False,False,False,False,False,False,EQUIVALENT,"The paraphrased question still inquires about the methods used by Default Accounts to breach security systems, preserving the original meaning and entities."
What is the primary objective behind the Exploitation of Vulnerability?,What is the primary goal of Exploitation of Vulnerability?,True,False,False,False,False,False,False,False,EQUIVALENT,"The paraphrased question uses synonymous terms ""objective"" and ""goal"", preserving the original meaning and scope."
On which platform is the Capture Camera most typically found?,What kind of platform is Capture Camera most commonly associated with?,False,True,True,True,False,True,True,False,EQUIVALENT,"The paraphrased question still inquires about the platform most commonly associated with the Capture Camera, using synonymous wording."
What security protocols are potentially circumvented or compromised when Rundll32 is utilized?,What security protocols are bypassed or compromised by Rundll32?,False,True,True,False,False,True,True,False,EQUIVALENT,"The paraphrased question preserves the original meaning, entities, and relationship, with only a superficial rewording of ""bypassed"" to ""circumvented"" and addition of ""potentially"" which does not change the scope."
What are the alternate designations used for the Group5 entity?,What are the various names used to refer to the Group5 group?,False,False,False,False,False,False,False,False,EQUIVALENT,"The paraphrased question still asks for different names or terms used to refer to the same ""Group5"" entity."
What is the primary purpose or objective of Visual Basic?,What is the main intention of a Visual Basic?,False,False,True,True,False,False,False,False,EQUIVALENT,"The paraphrased question preserves the original meaning and asks about the same entity, Visual Basic, and its main intention or purpose."
What security protocols can Hidden File System bypass or evade detection through?,Identify the security protocols that Hidden File System can circumvent.,False,True,True,False,False,False,True,False,EQUIVALENT,"The paraphrased question still asks about the same security protocols and the same relationship of circumvention, using synonyms for ""circumvent"" such as ""bypass"" and ""evade detection through""."
What mechanisms allow Process Hollowing to avoid being detected by security defenses?,How does Process Hollowing manage to evade detection by defenses?,True,False,False,False,False,False,True,False,EQUIVALENT,"The paraphrased question still asks about the same entity (Process Hollowing) and its relationship (evading detection) with defenses, using synonymous terms."
What is Stripped Payloads generally intended for deployment on?,What type of platform is Stripped Payloads typically designed for?,False,False,True,False,False,False,True,False,EQUIVALENT,"The paraphrased question still inquires about the intended deployment platform of Stripped Payloads, preserving the original meaning and entities."
What techniques do Rootkits use to circumvent the defenses of security systems?,Can you describe the methods by which Rootkit evades the defenses of security systems?,False,False,False,False,False,False,False,False,EQUIVALENT,"The paraphrased question still asks about the methods Rootkits use to evade security system defenses, with only a superficial rewording of ""evasdes"" to ""circumvent"" and ""methods"" to ""techniques""."
What platform is Device Driver Discovery optimized to operate on?,On which platform is Device Driver Discovery designed to function effectively?,False,True,True,True,False,True,True,True,EQUIVALENT,"The paraphrased question still asks about the platform on which Device Driver Discovery is designed to function, with only a minor rewording of ""designed to function effectively"" to ""optimized to operate""."
What is the primary objective of Exploitation for Initial Access?,What is the ultimate target of Exploitation for Initial Access?,True,False,False,False,False,False,False,False,EQUIVALENT,"The terms ""ultimate target"" and ""primary objective"" convey the same meaning in this context, referring to the main goal of Exploitation for Initial Access."
What is the primary goal or intention behind VDSO Hijacking?,What is the main objective of VDSO Hijacking?,False,False,True,False,False,False,False,False,EQUIVALENT,"The paraphrased question still asks about the central purpose of VDSO Hijacking, preserving the original entity and relationship."
What security protocols can be bypassed by Data Encoding.,Identify the security protocols that Data Encoding can circumvent.,False,False,True,False,True,False,True,False,EQUIVALENT,The paraphrased question still asks about the same entity (Data Encoding) and its relationship (circumventing/bypassing) to the same entity type (security protocols).
What security defenses does Data Staged utilize evasion techniques against?,What methods does Data Staged employ to evade security defenses?,False,True,False,True,False,True,False,False,NOT_EQUIVALENT,"The original question asks about methods used by Data Staged, while the paraphrased question asks about the target of those methods, reversing the relationship."
What security measures are insufficient to safeguard a Trusted Relationship?,What security measures are unable to prevent Trusted Relationship?,False,False,False,False,False,False,True,False,EQUIVALENT,"The paraphrased question preserves the original meaning, asking about security measures that fail to protect a Trusted Relationship, using synonymous terms ""unable to prevent"" and ""insufficient to safeguard""."
"What security controls can DLL Search Order Hijacking effectively circumvent, evade, or disable?","What are the defenses that DLL Search Order Hijacking can successfully evade, bypass, or disable?",False,False,False,False,False,False,False,True,EQUIVALENT,"The paraphrased question still inquires about the defenses that DLL Search Order Hijacking can evade, using synonymous terms like ""security controls"" and ""circumvent"" to convey the same meaning."
What is the primary goal of Multi-Factor Authentication Request Generation?,What is the main objective of Multi-Factor Authentication Request Generation?,False,False,False,False,False,True,False,False,EQUIVALENT,"The paraphrased question uses the synonym ""primary goal"" in place of ""main objective"", preserving the original meaning and scope."
What is the platform most frequently linked with Network Address Translation Traversal?,What kind of platform is Network Address Translation Traversal most commonly associated with?,False,True,True,True,False,True,True,True,EQUIVALENT,"The paraphrased question still asks about the platform most commonly associated with Network Address Translation Traversal, using synonymous wording."
What type of platform is particularly vulnerable to the threats posed by Network Logon Script?,For what type of platform is Network Logon Script considered a significant threat?,False,True,True,True,False,True,True,False,EQUIVALENT,"The paraphrased question still asks about the platform type that is significantly threatened by Network Logon Script, preserving the original meaning and entities."
How do attackers utilize HTML Smuggling to successfully evade security measures and compromise system defenses?,How does HTML Smuggling manage to breach or penetrate security systems and defenses?,False,False,False,False,False,False,False,False,EQUIVALENT,"The paraphrased question still inquires about the method of breaching security systems using HTML Smuggling, with only a superficial rewording of the original question."
What methods do malicious actors use to bypass or compromise security systems when Disable Cloud Logs is enabled?,How does Disable Cloud Logs manage to breach or penetrate security systems and defenses?,False,False,False,False,False,False,True,False,NOT_EQUIVALENT,"The paraphrased question introduces a new entity ""malicious actors"" and changes the focus from the capabilities of ""Disable Cloud Logs"" to the methods used by these actors."
What platforms are targeted or operated on by Domain Accounts?,Which platform does Domain Accounts target or operate on?,False,True,True,True,False,True,True,True,EQUIVALENT,"The paraphrased question still inquires about the platforms targeted or operated on by Domain Accounts, with only a superficial change in wording."
What tactics do security systems and software typically fail to detect when it comes to Automated Exfiltration?,How does Automated Exfiltration manage to evade the detection of security systems and software?,False,False,False,False,False,False,True,False,EQUIVALENT,"The paraphrased question still inquires about the methods Automated Exfiltration uses to evade detection, just framing it from the perspective of the security systems' failure."
In what context is Utilize/Change Operating Mode primarily used?,For which platform is Utilize/Change Operating Mode primarily intended?,False,False,False,False,False,False,False,False,EQUIVALENT,"The paraphrased question still asks about the primary intention or use of Utilize/Change Operating Mode, with ""context"" being a synonym for ""platform"" in this case."
What is the primary purpose of Port Monitors?,What is the main intention of a Port Monitors?,False,False,False,False,False,False,False,False,EQUIVALENT,"The paraphrased question uses synonymous terms ""primary purpose"" in place of ""main intention"", without altering the entity or relationship being asked about."
What was the final date of the conclusion of Operation Dream Job's operations?,When did Operation Dream Job conclude its activities?,False,False,False,False,True,False,True,True,EQUIVALENT,"The paraphrased question still asks for the same information, the conclusion date of Operation Dream Job's activities, with only a superficial rewording."
How does Trusted Developer Utilities circumvent the existing security measures?,In what ways does Trusted Developer Utilities evade the defenses put in place?,False,True,False,False,False,True,True,True,EQUIVALENT,"The paraphrased question preserves the original meaning, asking about the same entity's (Trusted Developer Utilities) methods of evading security measures, with ""circumvent"" being a synonym for ""evade""."
What methods do Insecure Third-Party Libraries employ to stay undetected and continue operating?,What techniques does Insecure Third-Party Libraries use to evade detection and remain active?,False,False,False,False,False,False,False,False,EQUIVALENT,"The paraphrased question preserves the original meaning, entities, and relationship, using synonymous terms like ""techniques"" and ""methods"", and ""evade detection"" and ""stay undetected""."
What security protocols or measures can be compromised or undermined if Modify OS Kernel or Boot Partition is attempted?,What security protocols or measures can Modify OS Kernel or Boot Partition compromise or undermine?,True,True,True,False,False,True,True,False,NOT_EQUIVALENT,"The original question asks what security protocols can compromise or undermine the kernel or boot partition, while the paraphrased question asks what security protocols can be compromised if the kernel or boot partition is modified."
What methods do attackers use to avoid being detected by security systems through ARP Cache Poisoning attacks?,Can you explain how ARP Cache Poisoning evades detection by security systems?,False,False,False,False,False,False,False,False,EQUIVALENT,The paraphrased question still asks about the methods used to evade detection by security systems in the context of ARP Cache Poisoning attacks.
What is the ultimate goal of an attacker when they obtain Credentials from Web Browsers?,What does an attacker seek to accomplish with Credentials from Web Browsers?,False,False,False,False,False,True,False,True,EQUIVALENT,The paraphrased question still asks about the same entity (attacker) and relationship (seeking to accomplish/ultimate goal) with the same scope (credentials from web browsers).
What is the primary target platform for Network Share Connection Removal exploits?,Which platform serves as the primary focus for Network Share Connection Removal attacks?,False,True,False,True,False,True,True,True,EQUIVALENT,"The paraphrased question still asks about the primary platform targeted by Network Share Connection Removal attacks, preserving the original meaning and entities."
What mechanisms allow Thread Local Storage to avoid being detected by security software and systems?,How does Thread Local Storage manage to evade the detection of security systems and software?,False,False,False,False,False,False,True,False,EQUIVALENT,"The paraphrased question preserves the original meaning, entities, and relationship, with only a superficial rewording of the sentence structure and wording."
What security measures can Mshta potentially circumvent or render inoperable?,What types of defenses or security controls can Mshta compromise or disable?,False,True,False,False,False,True,True,True,EQUIVALENT,"The paraphrased question still inquires about the types of security controls that Mshta can compromise, using synonymous terms like ""circumvent"" and ""render inoperable"" instead of ""compromise"" and ""disable""."
What is the primary objective of an attacker's manipulation of the Server Software Component?,What does an attacker seek to accomplish with Server Software Component?,False,False,False,False,False,True,False,False,EQUIVALENT,"The paraphrased question still asks about the primary goal of an attacker in relation to the Server Software Component, preserving the original meaning and entities."
What kind of system is frequently targeted by malware that targets Domain Controller Authentication?,What type of platform is often compromised by Domain Controller Authentication malware?,False,False,False,False,False,False,False,False,EQUIVALENT,The paraphrased question still refers to the same type of entity (platform/system) and relationship (being compromised/targeted) with Domain Controller Authentication malware.
What mechanisms does Compromise Application Executable employ to successfully breach or penetrate various security systems and defenses?,How does Compromise Application Executable manage to breach or penetrate security systems and defenses?,False,True,False,False,False,False,False,True,EQUIVALENT,"The paraphrased question preserves the original meaning, entities, and relationship, with only minor rewording of the query about Compromise Application Executable's methods."
What methods do Print Processors employ in order to avoid detection and sustain their operational presence?,What techniques does Print Processors use to evade detection and remain active?,False,False,False,False,False,False,False,False,EQUIVALENT,"The paraphrased question preserves the original meaning, entities, and relationship, with only superficial rewording of terms like ""techniques"" to ""methods"" and ""remain active"" to ""sustain their operational presence""."
What security features do adversaries exploit in Serverless environments?,What security features are bypassed by Serverless?,False,False,False,False,False,False,False,False,NOT_EQUIVALENT,"The original question asks about security features bypassed by Serverless, while the paraphrased question asks about security features exploited by adversaries in Serverless environments, implying a different relationship."
What techniques does Additional Cloud Roles employ to avoid detection by security systems and software?,How does Additional Cloud Roles manage to evade the detection of security systems and software?,False,False,False,False,False,False,False,False,EQUIVALENT,"The paraphrased question preserves the original meaning, entities, and relationship, with only a superficial rewording of ""evade"" to ""avoid"" and ""manage to"" to ""employ techniques""."
"Which security systems or defenses can be compromised, disabled, or bypassed by Install Insecure or Malicious Configuration?","What types of defenses or security systems can Install Insecure or Malicious Configuration compromise, disable, or bypass?",True,True,False,True,False,False,True,True,EQUIVALENT,"The paraphrased question still asks about the same entities (Install Insecure or Malicious Configuration and security systems/defenses) and the same relationship (compromising, disabling, or bypassing), with only a superficial rewording of the sentence structure."
What platform is the LC_MAIN Hijacking technique typically intended for?,What type of platform is LC_MAIN Hijacking typically designed for?,False,False,False,False,False,True,False,True,EQUIVALENT,"The paraphrased question preserves the original meaning, entities, and relationship, with only minor wording changes."
On what platform are Unsecured Credentials typically deployed or executed?,On which platform is Unsecured Credentials typically deployed or executed?,True,True,True,True,False,False,True,True,EQUIVALENT,"The paraphrased question only changes the wording from ""On which"" to ""On what"" without altering the meaning or scope of the original question."
What methods does the Safe Mode Boot employ to evade detection and continue its operation?,What techniques does Safe Mode Boot use to evade detection and remain active?,False,False,False,False,False,False,False,False,EQUIVALENT,"The paraphrased question preserves the original meaning, entities, and relationship, with only superficial rewording of ""techniques"" to ""methods"" and ""remain active"" to ""continue its operation""."
What security protocols does Active Setup have the capability to bypass or evade?,Identify the security protocols that Active Setup can circumvent.,False,True,True,True,False,True,True,True,EQUIVALENT,"The paraphrased question still asks about the same entity (Active Setup) and its relationship (circumventing) to the same type of entities (security protocols), using synonymous terms."
What does the SNMP (MIB Dump) operation ultimately aim to reveal?,What is the ultimate target of SNMP (MIB Dump)?,False,False,False,False,False,False,False,False,EQUIVALENT,"The paraphrased question still asks about the ultimate goal of the SNMP (MIB Dump) operation, preserving the original meaning and entities."
How do adversaries utilize Search Open Technical Databases to circumvent existing security measures?,In what ways does Search Open Technical Databases evade the defenses put in place?,False,False,False,False,False,False,False,False,NOT_EQUIVALENT,"The paraphrased question introduces a new entity ""adversaries"" and shifts the focus from the system's behavior to the actions of external agents."
What techniques does Modify System Partition use to circumvent the defenses of security systems?,Can you describe the methods by which Modify System Partition evades the defenses of security systems?,False,False,False,True,False,False,True,False,EQUIVALENT,"The paraphrased question preserves the original meaning, entities, and relationship, using synonymous terms like ""evides"" and ""circumvent"" to describe the same action."
"What security systems or defenses can potentially be compromised, disabled, or circumvented by Gather Victim Network Information?","What types of defenses or security systems can Gather Victim Network Information compromise, disable, or bypass?",True,True,False,False,False,True,False,False,EQUIVALENT,"The paraphrased question still inquires about the same types of defenses or security systems that can be compromised, disabled, or bypassed by Gather Victim Network Information."
How do adversaries utilize Network Trust Dependencies to bypass established security measures?,In what ways does Network Trust Dependencies evade the defenses put in place?,False,True,False,False,False,False,False,False,NOT_EQUIVALENT,"The paraphrased question shifts the focus from the mechanism of evasion to the actor utilizing it, changing the relationship being asked about."
What mechanisms enable Sudo Caching to avoid detection by antivirus software?,How does Sudo Caching successfully evade detection by antivirus software?,False,False,False,False,False,True,True,False,EQUIVALENT,"The paraphrased question preserves the original meaning, entities, and relationship, using synonymous terms like ""evade"" and ""avoid"" and ""mechanisms"" and ""successfully""."
What techniques or strategies do malicious actors use to breach or penetrate security systems and defenses via Drive-by Target attacks?,How does Drive-by Target manage to breach or penetrate security systems and defenses?,False,False,False,False,False,False,False,False,EQUIVALENT,"The paraphrased question still asks about the methods used to breach security systems and defenses, with Drive-by Target being the specific type of attack."
How does Autorun Image employ various tactics to stay undetected and maintain its active status?,What techniques does Autorun Image use to evade detection and remain active?,False,False,False,False,False,False,False,False,EQUIVALENT,"The paraphrased question preserves the original meaning, entities, and relationship, with only superficial rewording of ""techniques"" to ""tactics"" and ""evade detection and remain active"" to ""stay undetected and maintain its active status""."
What security protocols are potentially circumvented by the Plist Modification?,What security measures does Plist Modification manage to bypass or undermine?,True,True,False,False,False,True,True,False,EQUIVALENT,"The paraphrased question still inquires about the security measures affected by Plist Modification, using synonymous terms like ""circumvented"" for ""bypass or undermine""."
What security measures does Timestomp utilize evasion techniques to circumvent?,What techniques does Timestomp use to bypass security measures?,False,True,False,True,False,True,False,False,EQUIVALENT,"The paraphrased question still asks about the techniques Timestomp uses to bypass security measures, with only a superficial rewording of the sentence structure."
What is Multi-hop Proxy primarily designed for?,What platform is Multi-hop Proxy specifically tailored for?,False,False,False,False,False,False,False,False,EQUIVALENT,"The paraphrased question preserves the original meaning, asking about the primary platform or purpose of Multi-hop Proxy with only a minor rewording."
What security vulnerabilities or weaknesses are being exploited or utilized by the Application Access Token?,What are the security weaknesses or vulnerabilities that Application Access Token exploits or leverages?,False,False,True,False,False,False,False,False,EQUIVALENT,"The paraphrased question preserves the original meaning, entities, and relationship, with only a superficial rewording of the sentence structure."
How do security systems fail to detect SSH Authorized Keys?,Can you explain how SSH Authorized Keys evades detection by security systems?,False,False,False,False,False,False,False,False,NOT_EQUIVALENT,"The paraphrased question shifts the focus from how SSH Authorized Keys evade detection to why security systems fail to detect them, implying a different relationship between the entities."
What techniques does an attacker utilize to evade detection by antivirus software through Process Injection?,How does Process Injection successfully evade detection by antivirus software?,False,False,False,False,False,False,False,False,EQUIVALENT,"The paraphrased question still asks about the methods used to evade antivirus software detection through Process Injection, preserving the original entities and relationship."
What security measures does Silver Ticket employ to evade or circumvent?,What techniques does Silver Ticket use to bypass security measures?,False,True,False,False,False,False,False,True,NOT_EQUIVALENT,"The original question asks about techniques used to bypass security measures, while the paraphrased question asks about the security measures themselves that are being evaded."
What is the main purpose behind implementing Redundant Access?,What is the primary goal of Redundant Access?,False,False,False,False,False,False,False,False,EQUIVALENT,"The paraphrased question preserves the original meaning and asks about the same entity and relationship, with only a superficial rewording of ""primary goal"" to ""main purpose""."
What are the different monikers or designations associated with the Wizard Spider group?,What are the various names used to refer to the Wizard Spider group?,False,False,False,True,False,False,False,False,EQUIVALENT,The paraphrased question uses synonymous terms to refer to the same entity and relationship as the original question.
What security measures are vulnerable to being bypassed or undermined by the Disable or Modify Cloud Firewall functionality?,What security measures does Disable or Modify Cloud Firewall manage to bypass or undermine?,False,False,False,False,False,False,False,False,EQUIVALENT,"The paraphrased question still inquires about the same security measures and their relationship to the Disable or Modify Cloud Firewall functionality, with only a superficial rewording of the syntax."
What platform does the function of Change Operating Mode execute or affect?,Which platform does Change Operating Mode target or operate on?,False,True,True,True,False,True,True,False,EQUIVALENT,"The paraphrased question still inquires about the platform that the ""Change Operating Mode"" function targets or affects, preserving the original meaning and entities."
What security weaknesses or vulnerabilities does Modify Trusted Execution Environment take advantage of or rely on?,What are the security weaknesses or vulnerabilities that Modify Trusted Execution Environment exploits or leverages?,False,False,True,False,False,False,True,False,EQUIVALENT,"The paraphrased question preserves the original meaning, entities, and relationship, using synonyms ""take advantage of or rely on"" for ""exploits or leverages"" without changing the scope or constraints."
What is the primary purpose of the KernelCallbackTable?,What is the main intention of a KernelCallbackTable?,False,False,False,False,False,False,False,False,EQUIVALENT,"The paraphrased question uses synonymous terms ""primary purpose"" and ""main intention"" to refer to the same entity and relationship as the original question."
What techniques do IIS Components employ to avoid detection and bypass security measures?,What strategies does IIS Components use to evade security defenses and remain undetected?,False,False,False,False,False,False,False,False,EQUIVALENT,"The paraphrased question preserves the original meaning, entities, and relationship, using synonymous terms like ""strategies"" and ""techniques"", and ""evade"" and ""bypass"", to convey the same idea."
What is the primary objective of the Serverless paradigm?,What is the ultimate target of Serverless?,False,False,False,False,False,True,False,False,EQUIVALENT,"The paraphrased question uses synonymous terms, with ""ultimate target"" and ""primary objective"" conveying the same meaning in the context of the Serverless paradigm."
What methods do malicious actors employ for Network Share Connection Removal to successfully circumvent security protocols and defenses?,How does Network Share Connection Removal manage to breach or penetrate security systems and defenses?,False,False,False,False,False,False,True,False,EQUIVALENT,"The paraphrased question still inquires about the methods used to breach security systems and defenses in the context of Network Share Connection Removal, preserving the original entities and relationship."
What security measures does Exploit Baseband Vulnerability employ techniques to circumvent?,What techniques does Exploit Baseband Vulnerability use to bypass security measures?,False,False,False,False,False,True,False,False,NOT_EQUIVALENT,"The paraphrased question asks about the security measures being circumvented, whereas the original question asks about the techniques used to bypass them."
What platform is Clear Network Connection History and Configurations intended to operate efficiently on?,On which platform is Clear Network Connection History and Configurations designed to function effectively?,True,True,True,True,False,True,True,True,EQUIVALENT,"The paraphrased question preserves the original meaning, entities, and relationship, with only superficial rewording changes."
What is COR_PROFILER primarily intended for use on?,What type of platform is COR_PROFILER typically designed for?,False,False,True,True,False,True,True,False,EQUIVALENT,"The paraphrased question still inquires about the intended use of COR_PROFILER, with ""primarily intended for use on"" being a rewording of ""typically designed for""."
What is the intended target platform for the Expand software to operate on?,On which platform is Expand designed to run?,False,False,True,False,False,False,False,False,EQUIVALENT,"The paraphrased question still asks about the platform where Expand is designed to run, with only a change in wording."
What security measures fail to block or mitigate Trusted Developer Utilities Proxy Execution?,What security measures are unable to prevent Trusted Developer Utilities Proxy Execution?,False,False,False,False,False,False,True,False,EQUIVALENT,"The paraphrased question preserves the original meaning, entities, and relationship, with ""unable to prevent"" being semantically equivalent to ""fail to block or mitigate""."
On which systems or platforms is the feature Use Alternate Authentication Material generally implemented or activated?,On which platform is Use Alternate Authentication Material typically deployed or executed?,False,True,False,True,False,True,True,True,EQUIVALENT,"The paraphrased question still asks about the deployment or execution platform of the same feature, ""Use Alternate Authentication Material"", with only minor wording changes."
What types of security vulnerabilities can be exploited to Gather Victim Identity Information?,What security measures are vulnerable to Gather Victim Identity Information?,False,False,False,False,False,False,True,False,EQUIVALENT,"The paraphrased question still inquires about security weaknesses related to gathering victim identity information, with only a superficial rewording of ""measures"" to ""vulnerabilities""."
What vulnerabilities can be exploited by unauthorized access to Device Administrator Permissions?,What defense mechanisms are vulnerable to exploitation by Device Administrator Permissions?,False,False,True,False,False,False,False,False,NOT_EQUIVALENT,"The paraphrased question asks about vulnerabilities that can be exploited, whereas the original question asks about defense mechanisms that are vulnerable."
What security defenses does Local Job Scheduling typically try to evade through its methods?,What methods does Local Job Scheduling employ to evade security defenses?,True,True,True,False,False,False,False,False,EQUIVALENT,"The paraphrased question still asks about the methods used by Local Job Scheduling to evade security defenses, with only a superficial rewording of the sentence structure."
What is the purpose of PubPrn?,What is the intention behind PubPrn?,False,False,False,False,False,False,False,False,EQUIVALENT,"The paraphrased question uses the synonym ""purpose"" in place of ""intention"", preserving the original meaning and scope."
What security protocols can be bypassed or circumvented by the Windows Credential Manager?,Identify the security protocols that Windows Credential Manager can circumvent.,False,True,False,True,False,False,True,False,EQUIVALENT,The paraphrased question still asks about the same security protocols and their relationship with Windows Credential Manager's ability to circumvent them.
How do adversaries leverage Denial of View to bypass or evade established security defenses?,In what ways does Denial of View evade the defenses put in place?,False,True,False,False,False,False,False,False,EQUIVALENT,"The paraphrased question still inquires about the methods of evading defenses using Denial of View, with only a superficial rewording of the original question."
What security features are compromised by Theft of Operational Information?,What security features are bypassed by Theft of Operational Information?,False,False,False,False,False,False,True,True,EQUIVALENT,"The terms ""bypassed"" and ""compromised"" convey the same relationship of evasion or breach of security features in this context."
What types of defenses are susceptible to exploitation through Scheduled Task/Job?,What defense mechanisms are vulnerable to exploitation by Scheduled Task/Job?,False,False,False,False,False,False,False,True,EQUIVALENT,"The paraphrased question preserves the original meaning, asking about the same type of vulnerability to exploitation by Scheduled Task/Job, with only a minor rewording of ""defense mechanisms"" to ""types of defenses""."
What is the primary target of Hooking's intended use?,For which platform is Hooking primarily intended?,False,False,False,False,False,False,False,False,EQUIVALENT,"The paraphrased question still asks about the primary intended use of Hooking, referring to the same entity and relationship as the original question."
What platform is primarily targeted by the security feature known as Signed Binary Proxy Execution?,For which platform is Signed Binary Proxy Execution primarily intended?,False,True,False,False,False,False,False,True,EQUIVALENT,"The paraphrased question still asks about the primary platform for Signed Binary Proxy Execution, preserving the original entity and relationship."
What vulnerability is the Executable Installer File Permissions Weakness ultimately aimed at?,What is the ultimate target of Executable Installer File Permissions Weakness?,False,False,False,False,False,False,False,False,EQUIVALENT,"The paraphrased question still inquires about the ultimate target of the Executable Installer File Permissions Weakness, using synonymous language."
What vulnerabilities or security weaknesses are exploited or utilized by Local Email Collection?,What are the security weaknesses or vulnerabilities that Local Email Collection exploits or leverages?,False,False,True,False,False,False,False,False,EQUIVALENT,"The paraphrased question preserves the original meaning, entities, and relationship, with only superficial rewording of the sentence structure."
What is the ultimate goal an attacker aims to achieve with the Golden Ticket?,What does an attacker seek to accomplish with Golden Ticket?,False,False,False,False,False,True,False,True,EQUIVALENT,"The paraphrased question still asks about the same entity (Golden Ticket) and the same relationship (the attacker's goal), with only a superficial rewording of the question."
What platforms are typically vulnerable to significant threats from Code Injection?,For what type of platform is Code Injection considered a significant threat?,False,True,True,True,False,False,True,True,EQUIVALENT,"The paraphrased question still asks about the type of platform vulnerable to Code Injection, preserving the original meaning and entities."
What type of platform is typically linked to Runtime Data Manipulation?,What kind of platform is Runtime Data Manipulation most commonly associated with?,False,True,True,True,False,True,True,True,EQUIVALENT,"The paraphrased question preserves the original meaning and entities, only changing the wording from ""most commonly associated with"" to ""typically linked to""."
What platform is Email Account intended to operate optimally on?,On which platform is Email Account designed to function effectively?,True,True,True,True,False,True,True,True,EQUIVALENT,"The paraphrased question preserves the original meaning, asking about the same entity (Email Account) and relationship (platform for effective functioning), with only superficial rewording."
What security controls are vulnerable to modification during the Modify Authentication Process?,Which security controls are susceptible to Modify Authentication Process?,True,True,True,False,False,True,False,False,EQUIVALENT,"The paraphrased question still inquires about the same security controls and their susceptibility to the Modify Authentication Process, with only a minor rewording of ""susceptible"" to ""vulnerable to modification""."
What security protocols or measures could be vulnerable to compromise or undermining due to Web Session Cookie?,What security protocols or measures can Web Session Cookie compromise or undermine?,True,False,True,True,False,True,False,False,EQUIVALENT,"The paraphrased question still inquires about the same relationship between Web Session Cookie and security protocols or measures, with only a superficial rewording of the syntax."
On what platforms are Shared Modules usually run or deployed?,On which platform is Shared Modules typically deployed or executed?,True,True,True,False,False,True,True,True,EQUIVALENT,"The paraphrased question still asks about the deployment or execution platform of Shared Modules, with only minor wording changes."
What platforms is Capture SMS Messages regarded as a considerable threat to?,For what type of platform is Capture SMS Messages considered a significant threat?,False,True,True,True,False,True,True,True,EQUIVALENT,"The paraphrased question still asks about the platform type for which Capture SMS Messages is a significant threat, with only minor wording changes."
What security measures are potentially evaded by the utilization of Data from Network Shared Drive?,What security features are bypassed by Data from Network Shared Drive?,False,True,True,True,False,True,False,True,EQUIVALENT,"The paraphrased question preserves the original meaning, entities, and relationship, with only superficial rewording of ""bypassed"" to ""evasion"" and ""features"" to ""measures""."
What methods are employed by Network Service Scanning to avoid detection by antivirus software?,How does Network Service Scanning successfully evade detection by antivirus software?,False,False,False,False,False,True,False,False,EQUIVALENT,"The paraphrased question preserves the original meaning, entities, and relationship, with only a superficial rewording of ""successfully evade detection"" to ""avoid detection"" and ""How does"" to ""What methods are employed by""."
What methods does Msiexec employ to avoid detection by security defenses?,How does Msiexec manage to evade detection by defenses?,False,False,False,False,False,True,False,False,EQUIVALENT,"The paraphrased question still asks about the methods Msiexec uses to avoid detection, referring to the same entity and relationship as the original question."
Which security measures are often circumvented or undermined in Sharepoint?,What security protocols are bypassed or compromised by Sharepoint?,False,True,False,True,False,False,True,False,EQUIVALENT,"The paraphrased question preserves the original meaning, asking about the same entity (Sharepoint) and relationship (security protocols being bypassed or compromised), with only a superficial rewording of terms."
What is Launchd primarily intended for use on?,What type of platform is Launchd typically designed for?,False,True,True,False,False,False,True,False,EQUIVALENT,"The paraphrased question still inquires about the primary intended use of Launchd, preserving the original question's meaning and scope."
What is the objective of a malicious actor when targeting the LSASS Driver?,What does an attacker seek to accomplish with LSASS Driver?,False,False,False,False,False,True,False,False,EQUIVALENT,The paraphrased question still asks about the goal of an entity (attacker/malicious actor) targeting the same specific component (LSASS Driver).
What platform is commonly used for the deployment or execution of URI Hijacking?,On which platform is URI Hijacking typically deployed or executed?,False,True,True,False,False,True,True,True,EQUIVALENT,"The paraphrased question still asks about the platform used for URI Hijacking, preserving the original meaning and entities."
What is the primary target environment for development using Electron Applications?,What type of platform is Electron Applications typically designed for?,True,False,True,False,False,False,True,False,EQUIVALENT,Both questions ask about the typical or primary environment for which Electron Applications are designed or used.
What security systems or defenses can a malicious actor attempt to Modify Parameter to disable or bypass?,"What types of defenses or security systems can Modify Parameter compromise, disable, or bypass?",False,False,False,False,False,False,False,True,EQUIVALENT,"The paraphrased question still asks about the same types of defenses or security systems and the same relationship of being compromised, disabled, or bypassed, with ""Modify Parameter"" being the actor in both cases."
What methods does Inter-Process Communication employ to successfully evade detection by defensive systems?,How does Inter-Process Communication manage to evade detection by defenses?,False,False,False,False,False,True,True,False,EQUIVALENT,"The paraphrased question preserves the original meaning, entities, and relationship, with only a superficial rewording of the sentence structure and wording."
"What security systems or defenses can be compromised, disabled, or circumvented by accessing /etc/passwd and /etc/shadow?","What types of defenses or security systems can /etc/passwd and /etc/shadow compromise, disable, or bypass?",False,False,False,False,False,True,True,False,EQUIVALENT,"The paraphrased question still inquires about the same entities (/etc/passwd and /etc/shadow) and their potential impact on the same relationship (compromising, disabling, or bypassing security systems or defenses)."
What methods do malicious actors use to avoid being detected by security systems when Weaken Encryption is employed?,Can you explain how Weaken Encryption evades detection by security systems?,False,False,False,False,False,False,False,False,EQUIVALENT,"The paraphrased question still asks about the methods used to evade detection by security systems when Weaken Encryption is employed, preserving the original question's meaning and entities."
What platforms does Masquerading typically target or operate within?,Which platform does Masquerading target or operate on?,False,True,False,True,False,True,True,True,EQUIVALENT,"The paraphrased question still asks about the platforms Masquerading targets or operates on, with only a minor rewording."
What security measures can be vulnerable to exploitation via PowerShell?,What defensive techniques can be compromised by PowerShell?,False,False,False,False,False,False,False,False,EQUIVALENT,"The paraphrased question preserves the original meaning, asking about the same relationship between defensive techniques/security measures and their vulnerability to PowerShell."
What techniques does Regsvcs/Regasm employ to avoid being detected by security defenses?,How does Regsvcs/Regasm manage to evade detection by defenses?,False,False,False,False,False,True,False,False,EQUIVALENT,"The paraphrased question still asks about the same entity, Regsvcs/Regasm, and its relationship with defenses, using synonymous terms for ""evade detection"" and ""avoid being detected""."
What security measures can Active Setup potentially compromise or weaken?,What security protocols or measures can Active Setup compromise or undermine?,False,True,True,True,False,False,False,False,EQUIVALENT,"The paraphrased question preserves the original meaning, entities, and relationship, with only minor wording changes that do not alter the scope or constraints of the query."
What platforms are Clipboard Modification intended to operate on efficiently?,On which platform is Clipboard Modification designed to function effectively?,True,True,True,True,False,True,True,True,NOT_EQUIVALENT,"The paraphrased question asks for multiple platforms, whereas the original question asks for a single platform."
What platforms are commonly targeted by attacks utilizing Defacement malware?,What type of platform is often compromised by Defacement malware?,False,False,False,False,False,False,False,False,EQUIVALENT,"The paraphrased question still asks about the type of platform affected by Defacement malware, with only a superficial rewording of the original question."
What security measures or controls can Spearphishing Voice potentially circumvent or evade?,What are the security controls or measures that Spearphishing Voice can bypass or evade?,False,False,True,False,False,True,False,False,EQUIVALENT,"The paraphrased question preserves the original meaning, entities, and relationship, using synonyms like ""circumvent"" for ""bypass"" and ""potentially"" for emphasis without changing the scope."
How do Control Device Identification tactics manage to bypass or circumvent existing defensive measures?,In what ways does Control Device Identification evade the defenses put in place?,False,False,False,False,False,True,True,False,EQUIVALENT,"The paraphrased question preserves the original meaning, asking about the same entity (Control Device Identification) and its relationship (evading defenses) with only superficial rewording."
What platforms are frequently targeted by the malware known as Indicator Removal from Tools?,What type of platform is often compromised by Indicator Removal from Tools malware?,False,False,True,False,False,False,False,False,EQUIVALENT,"The paraphrased question still asks about the same type of entity (platforms) and its relationship to the same malware (Indicator Removal from Tools), with only a superficial rewording of the question."
What platforms does Network Boundary Bridging target or operate on?,Which platform does Network Boundary Bridging target or operate on?,False,True,False,True,False,False,True,True,NOT_EQUIVALENT,"The paraphrased question asks for multiple platforms, whereas the original question asks for a single platform."
For what purpose is Scripting generally intended to be utilized?,What type of platform is Scripting typically designed for?,False,False,False,False,False,False,False,False,EQUIVALENT,"The paraphrased question still inquires about the intended use or design of Scripting, with only a superficial rewording of the original question."
What security measures are susceptible to being circumvented by Spoof Security Alerting?,Which defense strategies can be evaded by Spoof Security Alerting?,True,True,True,True,False,False,False,False,EQUIVALENT,"The paraphrased question preserves the original meaning, asking about the same entity ""Spoof Security Alerting"" and its relationship to defense strategies or security measures, with only a superficial rewording."
How do attackers utilize Capture SMS Messages to circumvent security measures in place?,In what ways does Capture SMS Messages evade the defenses put in place?,False,False,False,False,False,False,True,False,NOT_EQUIVALENT,The paraphrased question shifts the focus from the capabilities of Capture SMS Messages to the actions of attackers using it.
"What security measures can Input Capture successfully evade, bypass, or disable?","What are the defenses that Input Capture can successfully evade, bypass, or disable?",False,True,False,True,False,False,False,False,EQUIVALENT,"The paraphrased question still asks about the same relationship of evasion, bypassing, or disabling, but uses the more general term ""security measures"" instead of ""defenses""."
What techniques do Installer Packages employ to avoid being detected by security systems and software?,How does Installer Packages manage to evade the detection of security systems and software?,False,False,False,False,False,True,False,False,EQUIVALENT,"The paraphrased question preserves the original meaning, entities, and relationship, with only a superficial rewording of ""evade"" to ""avoid"" and ""manage to"" to ""employ techniques""."
What types of security measures are incapable of protecting against Firmware Corruption?,What security measures are unable to prevent Firmware Corruption?,False,False,False,True,False,False,True,False,EQUIVALENT,"The paraphrased question still inquires about the same type of security measures and their inability to prevent Firmware Corruption, with only a minor rewording of the sentence structure."
What methods do attackers utilizing SMB/Windows Admin Shares employ to avoid being detected and sustain their presence?,What techniques does SMB/Windows Admin Shares use to evade detection and remain active?,False,False,False,False,False,False,False,False,EQUIVALENT,"The paraphrased question preserves the original meaning, entities, and relationship, with only superficial rewording of ""techniques"" to ""methods"", ""evade detection"" to ""avoid being detected"", and ""remain active"" to ""sustain their presence""."
How do malicious actors exploit the existing Accessibility Features to bypass or evade security measures?,In what ways does Accessibility Features evade the defenses put in place?,False,False,False,False,False,False,False,False,NOT_EQUIVALENT,"The paraphrased question introduces a new entity, ""malicious actors"", which changes the scope of the query from the capabilities of Accessibility Features themselves to the actions of external entities."
What security measures or protective controls could Clear Mailbox Data potentially compromise or disable?,What types of defenses or security controls can Clear Mailbox Data compromise or disable?,False,True,True,False,False,False,False,False,EQUIVALENT,"The paraphrased question preserves the original meaning, entities, and relationship, with only superficial rewording of ""defenses"" to ""security measures"" and ""controls"" to ""protective controls""."
What platforms are typically targeted by malware that utilizes Impair Command History Logging?,What type of platform is often compromised by Impair Command History Logging malware?,False,True,True,False,False,False,True,True,EQUIVALENT,The paraphrased question still asks about the same type of entity (platforms) and relationship (being compromised/targeted) with the same specific malware (Impair Command History Logging).
What platforms typically deploy or execute the System Network Configuration Discovery?,On which platform is System Network Configuration Discovery typically deployed or executed?,False,True,True,True,False,True,True,True,EQUIVALENT,"The paraphrased question still asks about the platform where System Network Configuration Discovery is typically deployed or executed, with only a superficial rewording of the sentence structure."
What methods does Hide Infrastructure employ to bypass security defenses and remain concealed?,What strategies does Hide Infrastructure use to evade security defenses and remain undetected?,False,False,False,False,False,True,False,False,EQUIVALENT,"The paraphrased question preserves the original meaning, entities, and relationship, using synonymous terms like ""strategies"" and ""methods"", ""evade"" and ""bypass"", and ""undetected"" and ""concealed""."
Which defensive techniques are vulnerable to Identify Roles?,What defensive techniques can be compromised by Identify Roles?,False,False,False,False,False,True,False,False,EQUIVALENT,"The paraphrased question uses the synonym ""vulnerable"" in place of ""compromised"", but retains the same meaning and scope as the original question."
What is the primary objective behind RDP Hijacking?,What is the purpose of RDP Hijacking?,False,False,False,False,False,True,False,False,EQUIVALENT,"The paraphrased question still inquires about the main goal of RDP Hijacking, using ""primary objective"" as a synonym for ""purpose""."
What mechanisms does Gatekeeper Bypass employ to circumvent the detection of security software and systems?,How does Gatekeeper Bypass manage to evade the detection of security systems and software?,False,False,False,False,False,False,False,False,EQUIVALENT,"The paraphrased question preserves the original meaning, entities, and relationship, using synonymous terms like ""evade"" and ""circumvent"" and maintaining the same scope and constraints."
What platforms are System Script Proxy Execution primarily intended for?,What type of platform is System Script Proxy Execution typically designed for?,False,True,True,True,False,False,True,True,EQUIVALENT,"The paraphrased question still asks about the intended platform type for System Script Proxy Execution, with only minor wording changes."
What types of security measures can Bidirectional Communication bypass or sidestep?,What defenses can Bidirectional Communication evade or circumvent?,True,False,False,False,False,False,True,False,EQUIVALENT,"The paraphrased question still inquires about the same entity, Bidirectional Communication, and its ability to evade or circumvent a type of obstacle, with ""defenses"" and ""security measures"" being semantically equivalent in this context."
What types of defenses are susceptible to exploitation through Conceal Multimedia Files?,What defense mechanisms are vulnerable to exploitation by Conceal Multimedia Files?,False,False,False,False,False,True,False,True,EQUIVALENT,"The paraphrased question preserves the original meaning, entities, and relationship, with only a superficial rewording of ""defense mechanisms"" to ""types of defenses"" and ""vulnerable to exploitation by"" to ""susceptible to exploitation through""."
Which defense mechanisms are susceptible to being compromised through the exploitation of Manipulate App Store Rankings or Ratings?,What defense mechanisms are vulnerable to exploitation by Manipulate App Store Rankings or Ratings?,False,False,False,False,False,False,False,False,EQUIVALENT,"The paraphrased question preserves the original meaning, entities, and relationship, using synonymous terms ""vulnerable"" and ""susceptible"" and ""exploitation"" and ""compromised through the exploitation""."
What techniques does Junk Data utilize to bypass security measures?,What methods does Junk Data employ to evade security defenses?,False,False,False,False,False,False,False,False,EQUIVALENT,"The paraphrased question preserves the original meaning, entities, and relationship, with only a superficial rewording of ""methods"" to ""techniques"" and ""evade security defenses"" to ""bypass security measures""."
On which platforms does Application or System Exploitation occur or function?,Which platform does Application or System Exploitation target or operate on?,True,True,True,False,False,True,True,True,EQUIVALENT,"The paraphrased question preserves the original meaning, entities, and relationship, with only a superficial rewording of ""target or operate on"" to ""occur or function""."
What security protocols are typically vulnerable to being circumvented by Phishing tactics?,Identify the security protocols that Phishing can circumvent.,False,True,False,True,False,True,False,False,EQUIVALENT,"The paraphrased question still asks about the same security protocols and their vulnerability to phishing, with only a superficial rewording of the syntax."
"What security measures can Direct Volume Access evade, bypass, or disable effectively?","What are the defenses that Direct Volume Access can successfully evade, bypass, or disable?",False,True,True,False,False,False,False,False,EQUIVALENT,"The paraphrased question still asks about the same entity (Direct Volume Access) and its ability to evade, bypass, or disable the same type of thing (defenses or security measures), with no change in scope or relationship."
What tactics do Broadcast Receivers use to circumvent the defenses of security systems?,Can you describe the methods by which Broadcast Receivers evades the defenses of security systems?,False,False,False,False,False,False,False,True,EQUIVALENT,"The paraphrased question preserves the original meaning, entities, and relationship, using synonymous terms ""evades"" and ""circumvent"" to describe the same action."
What methods does the Abuse Elevation Control Mechanism utilize to avoid being detected by defense systems?,How does Abuse Elevation Control Mechanism manage to evade detection by defenses?,False,False,False,False,False,True,False,False,EQUIVALENT,"The paraphrased question preserves the original meaning, entities, and relationship, with only superficial rewording changes."
What are the other names by which the TeamTNT group is also known?,What are the alternate designations of the TeamTNT group?,False,False,False,True,False,False,False,False,EQUIVALENT,"The paraphrased question still asks for the same information about the same entity, TeamTNT, using synonymous terms."
What security controls are vulnerable to the technique of OS Credential Dumping?,Which security controls are susceptible to OS Credential Dumping?,False,False,False,True,False,False,False,True,EQUIVALENT,"The paraphrased question preserves the original meaning, entities, and relationship, with only a superficial rewording from ""susceptible"" to ""vulnerable""."
What security protocols or measures are vulnerable to being compromised or undermined by Wordlist Scanning?,What security protocols or measures can Wordlist Scanning compromise or undermine?,True,False,True,True,False,True,False,False,EQUIVALENT,The paraphrased question still inquires about the same security protocols or measures and their relationship to being compromised or undermined by Wordlist Scanning.
What security protocols are vulnerable to being circumvented or compromised by an Adversary-in-the-Middle?,What security protocols are bypassed or compromised by Adversary-in-the-Middle?,False,False,True,False,False,False,False,False,EQUIVALENT,"The paraphrased question preserves the original meaning, entities, and relationship, using synonyms like ""vulnerable to being circumvented"" instead of ""bypassed"" and ""compromised"" remains consistent."
What does DNS/Passive DNS ultimately aim to identify or track?,What is the ultimate target of DNS/Passive DNS?,False,False,False,False,False,False,False,False,EQUIVALENT,"The paraphrased question still asks about the ultimate goal of DNS/Passive DNS, preserving the original meaning and entities."
What techniques do Third-party Software employ to bypass the defenses of security systems?,Can you describe the methods by which Third-party Software evades the defenses of security systems?,False,False,False,False,False,True,False,False,EQUIVALENT,"The paraphrased question preserves the original meaning, entities, and relationship, using synonymous terms ""evides"" and ""bypass"" to describe the same action."
What are the known aliases of the notorious group known as the Aquatic Panda?,What are the pseudonyms of the Aquatic Panda group?,False,False,False,True,False,False,False,False,EQUIVALENT,"The paraphrased question still asks for alternative names of the same group, ""Aquatic Panda"", without changing the entity or relationship."
What techniques does Asynchronous Procedure Call utilize to circumvent security systems?,What methods does Asynchronous Procedure Call employ to evade security defenses?,False,False,False,False,False,False,False,False,EQUIVALENT,"The paraphrased question preserves the original meaning, entities, and relationship, with only a superficial rewording of ""methods"" to ""techniques"" and ""evade"" to ""circumvent""."
How does Modify Parameter manage to bypass the existing security measures?,In what ways does Modify Parameter evade the defenses put in place?,True,False,False,False,False,True,True,False,EQUIVALENT,"The paraphrased question still asks how Modify Parameter circumvents the existing defenses or security measures, preserving the original meaning and entities."
What defense mechanisms can be bypassed by an Attack PC via USB Connection?,Which defense strategies can be evaded by Attack PC via USB Connection?,True,False,True,True,False,True,True,False,EQUIVALENT,"The paraphrased question preserves the original meaning, entities, and relationship, with ""defense strategies"" and ""defense mechanisms"" being semantically equivalent, and ""evaded"" and ""bypassed"" conveying the same idea."
Which defense mechanisms can be compromised by JavaScript exploits?,What defense mechanisms are vulnerable to exploitation by JavaScript?,False,False,False,False,False,False,False,False,EQUIVALENT,"The paraphrased question preserves the original meaning, asking about the same defense mechanisms and their vulnerability to JavaScript exploitation."
What is the primary target platform for Subvert Trust Controls attacks?,Which platform serves as the primary focus for Subvert Trust Controls attacks?,False,True,True,True,False,True,True,True,EQUIVALENT,"The paraphrased question still asks about the primary platform targeted by Subvert Trust Controls attacks, preserving the original meaning and entities."
What is the purpose of a Domain Account?,What is the intention behind Domain Account?,False,False,False,False,False,False,False,False,EQUIVALENT,"The paraphrased question still inquires about the intention or purpose behind a Domain Account, preserving the original meaning and entities."
On what operating systems or platforms is Modify System Image typically executed or deployed?,On which platform is Modify System Image typically deployed or executed?,True,True,True,True,False,True,True,True,EQUIVALENT,"The paraphrased question still asks about the platform where Modify System Image is typically deployed or executed, with only a minor rewording of the question."
What methods do attackers employing Premium SMS Toll Fraud use to bypass or evade existing security measures?,What defenses can Premium SMS Toll Fraud evade or circumvent?,False,False,False,True,False,True,False,False,EQUIVALENT,"The paraphrased question still inquires about the methods used to evade security measures in the context of Premium SMS Toll Fraud, preserving the original question's meaning and scope."
On which systems does DLL Search Order Hijacking typically occur?,Which platform does DLL Search Order Hijacking target or operate on?,True,False,True,True,False,False,True,False,EQUIVALENT,"The paraphrased question still inquires about the platform or system on which DLL Search Order Hijacking occurs, preserving the original meaning and entities."
What security defense evasion techniques are used by an Internet Accessible Device?,What methods does Internet Accessible Device employ to evade security defenses?,False,False,False,False,False,False,False,False,EQUIVALENT,"The paraphrased question still asks about the methods used by an Internet Accessible Device to evade security defenses, with only a superficial rewording of the original question."
What is Firmware primarily intended for use on?,What type of platform is Firmware typically designed for?,False,True,True,False,False,True,True,False,EQUIVALENT,"The paraphrased question still inquires about the primary intended use of Firmware, preserving the original question's meaning and scope."
What is the last reported time frame for the operation known as Operation Wocao?,What was the last known activity time for Operation Wocao?,False,False,False,False,True,False,False,False,EQUIVALENT,"The paraphrased question still asks for the last known activity time of Operation Wocao, using synonymous terms."
Which security features are vulnerable to the exploits of a Malicious File?,What security features are bypassed by Malicious File?,False,False,False,True,False,True,False,False,EQUIVALENT,"The paraphrased question still inquires about the same security features and their relationship to a Malicious File, using synonymous language."
What platforms are frequently targeted by malware that leverages the Cloud Instance Metadata API?,What type of platform is often compromised by Cloud Instance Metadata API malware?,False,False,False,False,False,False,False,False,EQUIVALENT,The paraphrased question still asks about the same type of entity (platforms) and relationship (being compromised/targeted by Cloud Instance Metadata API malware) as the original question.
What is the fundamental purpose of Automated Collection?,What is the primary objective of a Automated Collection?,True,False,False,False,False,False,False,False,EQUIVALENT,"The paraphrased question uses synonymous terms ""fundamental purpose"" in place of ""primary objective"", preserving the original question's meaning and scope."
What is the primary focus area of Peirates concentrated on?,What platform does Peirates have its core focus on?,False,False,False,False,False,False,False,False,EQUIVALENT,"The paraphrased question still asks about the primary focus area of Peirates, preserving the original entity and relationship."
What platforms do Regsvcs/Regasm typically run on?,On which platform is Regsvcs/Regasm typically deployed or executed?,False,True,True,True,False,True,True,True,EQUIVALENT,"The paraphrased question still inquires about the platforms where Regsvcs/Regasm is typically executed, with only a minor rewording of the original question."
What is the primary purpose of Data Staged?,What is the main objective of Data Staged?,False,False,False,False,False,False,False,False,EQUIVALENT,"The paraphrased question uses synonymous terms ""primary purpose"" in place of ""main objective"", preserving the original question's meaning and scope."
What security controls or defenses may be compromised or disabled by Re-opened Applications?,What types of defenses or security controls can Re-opened Applications compromise or disable?,True,False,False,False,False,False,False,True,EQUIVALENT,"The paraphrased question preserves the original meaning, entities, and relationship, with only a superficial rewording of the sentence structure."
What types of security controls are ineffective against Sudo?,What security measures are unable to prevent Sudo?,False,False,False,False,False,False,True,False,EQUIVALENT,"The paraphrased question still inquires about the same entity (Sudo) and the same relationship (ineffectiveness of security measures), with only a superficial rewording of ""security measures"" to ""types of security controls"" and ""unable to prevent"" to ""ineffective against""."
What platform is typically targeted by malware that utilizes the Exploit TEE Vulnerability?,What type of platform is often compromised by Exploit TEE Vulnerability malware?,False,True,True,False,False,False,False,True,EQUIVALENT,The paraphrased question still asks about the same type of platform compromised by the same Exploit TEE Vulnerability malware.
What primary purpose do Code Signing Certificates serve on a given platform?,For which platform is Code Signing Certificates primarily intended?,False,True,True,True,False,False,False,True,NOT_EQUIVALENT,"The original question asks about the intended platform, while the paraphrased question asks about the purpose of Code Signing Certificates on a platform."
When did the 2016 Ukraine Electric Power Attack take place?,At what point in time did 2016 Ukraine Electric Power Attack last occur?,False,False,False,False,False,False,False,False,EQUIVALENT,"The paraphrased question still inquires about the same event, the 2016 Ukraine Electric Power Attack, and asks for the same information, the point in time it occurred."
What security measures can Rename System Utilities potentially evade or bypass?,What are the security controls or measures that Rename System Utilities can bypass or evade?,False,True,True,False,False,True,True,True,EQUIVALENT,"The paraphrased question preserves the original meaning, entities, and relationship, with only minor rewording of the sentence structure."
What system does the Mythic software support?,What system does Mythic cater to?,False,False,True,False,False,False,False,False,EQUIVALENT,"The paraphrased question still asks about the system that Mythic is related to, with ""cater to"" and ""support"" being synonymous in this context."
What is the primary objective associated with Uncommonly Used Port?,What is the primary goal of Uncommonly Used Port?,False,False,True,False,False,False,False,False,EQUIVALENT,"The paraphrased question uses synonymous terms ""objective"" and ""associated with"" that preserve the original question's meaning and scope."
What types of security measures are vulnerable to exploitation by a Botnet?,What defensive techniques can be compromised by Botnet?,False,True,False,True,False,True,False,False,EQUIVALENT,"The paraphrased question still inquires about the same relationship between Botnet and defensive techniques or security measures, with no change in entities or scope."
What defensive techniques are vulnerable to a Data Historian Compromise?,What defensive techniques can be compromised by Data Historian Compromise?,False,False,False,False,False,False,False,False,EQUIVALENT,"The paraphrased question preserves the original meaning, entities, and relationship, with ""compromised"" and ""vulnerable"" conveying the same idea of being affected by a Data Historian Compromise."
What security measures can Malware evade or bypass through?,What are the security controls or measures that Malware can bypass or evade?,False,False,False,False,False,False,False,False,EQUIVALENT,"The paraphrased question preserves the original meaning, entities, and relationship, with only a superficial rewording of the sentence structure."
What methods enable SSH Hijacking to successfully breach or penetrate security systems and defenses?,How does SSH Hijacking manage to breach or penetrate security systems and defenses?,False,False,False,False,False,False,True,False,EQUIVALENT,"The paraphrased question preserves the original meaning, entities, and relationship, with only a superficial rewording of ""How does"" to ""What methods enable""."
What is the purpose of an External Remote Services attack?,What is the objective of an External Remote Services attack?,False,False,False,False,False,False,False,False,EQUIVALENT,"The terms ""objective"" and ""purpose"" are synonymous in this context, preserving the original question's meaning and scope."
What security measures do Threat Intel Vendors typically employ evasion techniques against?,What techniques does Threat Intel Vendors use to bypass security measures?,False,False,False,False,False,False,False,True,NOT_EQUIVALENT,"The original question asks about techniques used by Threat Intel Vendors, while the paraphrased question asks about the target of those techniques, effectively reversing the relationship."
On what typical platform does Component Object Model Hijacking occur?,On which platform is Component Object Model Hijacking typically deployed or executed?,True,True,True,True,False,True,True,True,EQUIVALENT,"The paraphrased question still asks about the typical platform where Component Object Model Hijacking occurs, preserving the original meaning and entities."
What security vulnerabilities or weaknesses does Subvert Trust Controls target or take advantage of?,What are the security weaknesses or vulnerabilities that Subvert Trust Controls exploits or leverages?,False,True,False,False,False,False,False,False,EQUIVALENT,"The paraphrased question preserves the original meaning, entities, and relationship, with only superficial rewording of ""exploits or leverages"" to ""target or take advantage of""."
What platform is Confluence specifically intended to operate on?,On which platform is Confluence designed to function effectively?,False,True,True,True,False,True,True,True,EQUIVALENT,"The paraphrased question still asks about the platform Confluence is designed to function on, with only superficial wording changes."
What is Rogue Wi-Fi Access Points primarily designed for use on?,What platform is Rogue Wi-Fi Access Points specifically tailored for?,False,True,True,False,False,False,True,False,EQUIVALENT,"The paraphrased question still asks about the primary platform or use case for Rogue Wi-Fi Access Points, preserving the original meaning and entities."
What platform is primarily linked to the SILENTTRINITY malware?,What is the main platform associated with SILENTTRINITY?,False,True,False,False,False,False,False,False,EQUIVALENT,"The paraphrased question still asks about the primary platform associated with SILENTTRINITY, using ""primarily linked"" and ""malware"" as synonyms for the original wording."
What type of platform is targeted or exploited by the Denial of View attack?,Which platform does Denial of View target or operate on?,False,False,True,True,False,True,False,True,EQUIVALENT,"The paraphrased question still inquires about the platform targeted by the Denial of View attack, with only a superficial rewording of the original question."
What vulnerabilities or weaknesses does External Defacement typically target or take advantage of?,What are the security weaknesses or vulnerabilities that External Defacement exploits or leverages?,True,False,False,False,False,False,True,False,EQUIVALENT,"The paraphrased question still inquires about the same vulnerabilities or weaknesses that External Defacement exploits, with only a superficial rewording of the syntax."
What defense mechanisms are vulnerable to Malicious Shell Modification?,Which defense strategies can be evaded by Malicious Shell Modification?,False,False,False,False,False,False,False,False,EQUIVALENT,"The paraphrased question still inquires about the defense strategies or mechanisms that are susceptible to Malicious Shell Modification, preserving the original meaning and entities."
"What security systems or defenses can Permission Groups Discovery potentially compromise, disable, or circumvent?","What types of defenses or security systems can Permission Groups Discovery compromise, disable, or bypass?",True,False,True,False,False,False,False,False,EQUIVALENT,"The paraphrased question preserves the original meaning, entities, and relationship, with only minor wording changes that do not alter the scope or constraints of the query."
What platforms does the Standard Cryptographic Protocol specifically target or operate on?,Which platform does Standard Cryptographic Protocol target or operate on?,False,True,False,True,False,True,True,True,EQUIVALENT,The paraphrased question still asks about the same relationship between the Standard Cryptographic Protocol and the platforms it targets or operates on.
Which countermeasures fail to be effective against the Authentication Package?,What countermeasures are ineffective against Authentication Package?,False,False,False,False,False,False,False,False,EQUIVALENT,"The paraphrased question preserves the original meaning, entities, and relationship, with only a superficial rewording of ""ineffective"" to ""fail to be effective""."
What security measures can potentially be compromised or disabled by assigning the Add Office 365 Global Administrator Role?,What types of defenses or security controls can Add Office 365 Global Administrator Role compromise or disable?,False,True,False,False,False,False,False,False,EQUIVALENT,The paraphrased question still inquires about the same security risks associated with the Add Office 365 Global Administrator Role.
What security features can be circumvented by Taint Shared Content?,What security features are bypassed by Taint Shared Content?,True,True,True,False,False,False,True,False,EQUIVALENT,"The paraphrased question uses ""circumvented"" instead of ""bypassed"", which conveys the same meaning in this context."
What security controls are vulnerable to the Masquerade Task or Service?,Which security controls are susceptible to Masquerade Task or Service?,False,False,False,True,False,False,True,False,EQUIVALENT,"The paraphrased question uses ""vulnerable"" instead of ""susceptible"", which conveys the same meaning in this context."
What security controls are vulnerable to exploitation through the Windows Command Shell?,Which security controls are susceptible to Windows Command Shell?,False,False,True,True,False,False,False,False,EQUIVALENT,"The paraphrased question preserves the original meaning, asking about security controls affected by the Windows Command Shell, with ""susceptible"" and ""vulnerable to exploitation"" conveying similar vulnerability."
Which security measures are susceptible to exploitation by Credentials from Password Stores?,What defense mechanisms are vulnerable to exploitation by Credentials from Password Stores?,True,False,False,True,False,False,False,False,EQUIVALENT,"The paraphrased question uses ""security measures"" instead of ""defense mechanisms"", but refers to the same concept and relationship with Credentials from Password Stores."
What methods does Environmental Keying utilize to avoid being detected and sustain its malicious presence?,What techniques does Environmental Keying use to evade detection and remain active?,False,False,False,False,False,False,False,False,EQUIVALENT,"The paraphrased question preserves the original meaning, entities, and relationship, with only superficial rewording of terms like ""techniques"" to ""methods"" and ""evade detection"" to ""avoid being detected""."
What other names are associated with the TA2541 group?,What are the alternate designations of the TA2541 group?,False,False,False,True,False,False,False,False,EQUIVALENT,"The paraphrased question still asks for additional names associated with the same entity, the TA2541 group."
How do attackers typically employ Downgrade to Insecure Protocols to bypass the defenses of security systems?,Can you describe the methods by which Downgrade to Insecure Protocols evades the defenses of security systems?,False,False,False,False,False,False,True,False,EQUIVALENT,"The paraphrased question still asks about the methods used by Downgrade to Insecure Protocols to evade security system defenses, with ""attackers"" being an implicit agent in the original question."
What is the primary goal of exploiting Access Calendar Entries?,What is the objective of an Access Calendar Entries attack?,False,False,False,False,False,True,False,True,EQUIVALENT,"The paraphrased question still asks about the main purpose of an Access Calendar Entries attack, using synonymous terms."
What is the core objective of Symmetric Cryptography?,What is the primary goal of Symmetric Cryptography?,False,False,False,False,False,False,False,False,EQUIVALENT,"The paraphrased question uses synonymous terms ""core objective"" in place of ""primary goal"", preserving the original meaning and scope."
What security features does Timestomp typically evade or circumvent?,What security features are bypassed by Timestomp?,False,True,True,False,False,True,False,False,EQUIVALENT,"The paraphrased question uses synonyms for ""bypassed"" such as ""evade"" and ""circumvent"", preserving the original meaning and scope."
"What PowerShell scripts are a hallmark of, and what asset is the focal point of, the Triada attack pattern?","What asset is at the center of the attack pattern that utilizes PowerShell scripts, a distinguishing feature of the Triada?",False,False,False,False,True,False,True,False,EQUIVALENT,"The paraphrased question still asks about the same asset and its relationship to the Triada attack pattern, with only a reordering of the query components."
What countermeasure is most likely to effectively mitigate the risks posed by PlugX?,What defensive strategy is most effective in mitigating the risks associated with PlugX?,False,True,True,True,True,False,True,True,EQUIVALENT,"The paraphrased question preserves the original's meaning, entities, and relationship, with ""defensive strategy"" and ""countermeasure"" being synonymous in this context."
"What kind of target asset is typically compromised by the Sykipot, often using PowerShell scripts as part of its attack strategy?","What type of asset is the Sykipot typically designed to compromise, often employing PowerShell scripts in its attack?",False,True,False,False,False,False,True,False,EQUIVALENT,"The paraphrased question still refers to the Sykipot compromising the same type of asset, using the same method of PowerShell scripts, with only a superficial rewording of the sentence structure."
What attack pattern is utilized by the Ginp?,What type of attack pattern does the Ginp employ?,False,False,False,False,False,False,False,False,EQUIVALENT,The paraphrased question still asks about the same entity (Ginp) and the same relationship (type of attack pattern it employs/utilizes).
How might operating on Windows Registers contribute to preventing the dissemination of the Cerberus attack pattern?,In what way can the course of action that involves operating on Windows Registers help to prevent the spread of Cerberus and its associated attack pattern?,False,False,False,False,False,False,False,False,EQUIVALENT,"The paraphrased question still inquires about the role of operating on Windows Registers in preventing the spread of Cerberus and its attack pattern, with only minor wording changes."
What malware tools such as AuTo Stealer are typically associated with which type of attack pattern?,What kind of attack pattern is characteristic of malware tools like AuTo Stealer?,False,False,False,False,False,True,True,False,EQUIVALENT,"The paraphrased question still inquires about the same type of attack pattern associated with the same malware tool, AuTo Stealer."
"What asset is primarily targeted by the attack pattern that utilizes PowerShell scripts, as seen in the BOOTRASH?","What asset is the main focus of the attack pattern that incorporates PowerShell scripts, used by the BOOTRASH?",False,False,False,False,True,False,True,False,EQUIVALENT,"The paraphrased question preserves the original meaning, entities, and relationship, with only superficial rewording changes."
How does the malware associated with the American campaigns attributed to Ajax Security Team execute its malicious operations?,In what way does the malware used in American campaigns attributed to Ajax Security Team conduct its attack?,False,False,False,False,False,False,False,False,EQUIVALENT,"The paraphrased question preserves the original meaning, entities, and relationship, with only superficial rewording of ""conduct its attack"" to ""execute its malicious operations""."
What asset is being targeted by the attack pattern that utilizes PowerShell scripts operated by the gh0st?,Which asset is the target of the attack pattern that employs PowerShell scripts used by the gh0st?,False,False,False,False,True,False,False,False,EQUIVALENT,"The paraphrased question preserves the original meaning, entities, and relationship, with only superficial rewording changes."
What asset typically becomes the focus of an attack that leverages PowerShell scripts as part of the POSHSPY tactic?,What asset is usually targeted by the attack pattern that utilizes PowerShell scripts as a tool of the POSHSPY?,False,False,False,False,True,True,True,False,EQUIVALENT,"The paraphrased question preserves the original meaning, entities, and relationship, with only superficial rewording changes."
What impact do modular backdoor behaviors have on the progression of a MuddyWater operation?,How do the behaviors of a modular backdoor influence the progression of a MuddyWater campaign?,False,False,False,False,False,False,True,False,EQUIVALENT,"The paraphrased question preserves the original entities (modular backdoor, MuddyWater campaign/operation) and relationship (influence/impact on progression), with only superficial rewording."
What tactics can be employed to identify the malicious operations associated with the malware operated by the group behind Operation CuckooBees?,How can we detect the malicious activities of the malware used by the group responsible for Operation CuckooBees?,True,True,True,False,True,True,True,True,EQUIVALENT,"The paraphrased question still asks about detecting malicious activities of the same malware and group, with only superficial rewording."
What course of action targets Windows Registers and mitigates an attack pattern associated with the presence of DCSrv?,"What attack pattern is mitigated by the course of action that targets Windows Registers, and is associated with the presence of DCSrv?",False,False,False,False,False,False,False,False,EQUIVALENT,"The paraphrased question still asks about the same attack pattern, course of action, and entities (Windows Registers and DCSrv), with only a superficial rewording of the sentence structure."
To what extent does the implementation of Connection Proxy Mitigation reduce the consequences of a worm attack?,To what extent does Connection Proxy Mitigation mitigate the impact of worm?,True,True,True,True,True,True,True,True,EQUIVALENT,"The paraphrased question preserves the original meaning, entities (Connection Proxy Mitigation and worm), and relationship (mitigating impact), with only superficial rewording."
What action taken on Windows Registers could potentially prevent the OSX/Shlayer attack pattern from unfolding?,How can the course of action that involves operating on Windows Registers help to prevent the attack pattern associated with OSX/Shlayer?,False,False,False,False,False,False,False,False,EQUIVALENT,The paraphrased question still inquires about the same action on Windows Registers and its potential to prevent the OSX/Shlayer attack pattern.
"What is the primary target of the attack pattern that leverages PowerShell scripts, as employed by the Zen?","What asset is the main focus of the attack pattern that incorporates PowerShell scripts, used by the Zen?",False,False,False,False,True,False,False,False,EQUIVALENT,"The paraphrased question preserves the original meaning, entities, and relationship, with only a superficial rewording from ""main focus"" to ""primary target""."
What types of attack patterns are typically utilized by Dendroid to disperse and compromise systems?,What kind of attack pattern is commonly used by Dendroid to spread and infect systems?,False,False,False,False,False,False,False,False,EQUIVALENT,"The paraphrased question preserves the original meaning, entities, and relationship, with only superficial rewording of ""spread and infect"" to ""disperse and compromise""."
Can Resource Hijacking Mitigation techniques effectively stop the spread of a worm?,Can Resource Hijacking Mitigation prevent the propagation of worm?,True,True,True,False,True,True,True,True,EQUIVALENT,"The paraphrased question preserves the original meaning, entities, and relationship, with only minor rewording changes."
What methods are typically used by malicious software to obtain unauthorized access to users' bank account information?,How do malware programs steal bank account details?,False,False,False,False,False,False,False,False,EQUIVALENT,"The paraphrased question still asks about the methods used by malicious programs to steal bank account details, preserving the original entities and relationship."
What is the main target of the attack pattern that utilizes PowerShell scripts as a key component of Kwampirs?,"What asset is the primary target of the attack pattern that employs PowerShell scripts, a key component of the Kwampirs?",False,False,False,False,True,False,False,False,EQUIVALENT,"The paraphrased question preserves the original meaning, entities, and relationship, with only minor wording changes."
What attack pattern is typically linked to the exploitation of DEATHRANSOM malware?,What is the attack pattern associated with DEATHRANSOM tools?,False,False,False,False,False,False,False,False,EQUIVALENT,"The paraphrased question still inquires about the attack pattern associated with DEATHRANSOM, with ""tools"" and ""malware"" being interchangeable in this context."
What attack pattern is employed by the tool known as USBStealer?,What is the attack pattern utilized by the tool associated with the USBStealer?,True,False,True,True,True,True,True,False,EQUIVALENT,"The paraphrased question still refers to the same entity (USBStealer) and relationship (attack pattern utilized by the tool), with only a minor rewording of the sentence structure."
What measures can be implemented to avoid the installation of TangleBot on a system?,What crucial step can be taken to prevent the installation of TangleBot on a system?,False,False,True,False,True,True,True,False,EQUIVALENT,"The paraphrased question still asks about preventing the installation of TangleBot on a system, using synonymous terms ""measures"" and ""implemented"" instead of ""step"" and ""taken""."
What asset is typically targeted by an attack employing PowerShell scripts as a component of the 4H RAT?,What asset is usually targeted by the attack pattern that utilizes PowerShell scripts as a tool of the 4H RAT?,False,True,False,False,True,False,True,False,EQUIVALENT,"The paraphrased question preserves the original meaning, entities, and relationship, with only minor wording changes."
What type of attack pattern is typically employed by DRATzarus?,Which attack pattern does DRATzarus usually utilize?,False,False,False,False,False,False,False,False,EQUIVALENT,"The paraphrased question still asks about the same entity, DRATzarus, and the same relationship, the type of attack pattern it utilizes."
What malicious tactics does the WastedLocker employ to execute its operations?,What kind of attack pattern does the WastedLocker use to carry out its malicious activities?,False,False,False,False,False,False,False,False,EQUIVALENT,"The paraphrased question still asks about the methods or tactics used by the WastedLocker for its malicious activities, preserving the original question's meaning and entities."
What malware technique is utilized by the malware in American campaigns associated with the Chimera threat actor?,What attack technique does the malware employed in American campaigns attributed to Chimera utilize?,False,False,False,False,False,False,False,False,EQUIVALENT,The paraphrased question still asks about the same entity (malware) and relationship (attack technique) as the original question.
What steps can a network administrator take to mitigate the impact of Mori on a computer network?,What countermeasure can be taken to minimize the effects of Mori on a computer network?,False,True,True,True,False,False,True,False,EQUIVALENT,"The paraphrased question still asks about minimizing the effects of Mori on a computer network, with only a superficial rewording of ""countermeasure"" to ""steps"" and ""minimize"" to ""mitigate""."
What impact do modular backdoors have within the scope of a Ke3chang operation?,What effects do the actions of a modular backdoor have in the context of a Ke3chang campaign?,False,False,True,False,False,False,False,False,EQUIVALENT,"The paraphrased question preserves the original entities (modular backdoor, Ke3chang campaign/operation) and relationship (effects/impact), with only superficial rewording."
What asset is primarily targeted by the attack pattern that incorporates PowerShell scripts as part of the Saint Bot?,What asset is primarily affected by the attack pattern that utilizes PowerShell scripts as part of the Saint Bot?,False,False,False,False,True,False,True,False,EQUIVALENT,"The paraphrased question uses ""targeted"" instead of ""affected"", but in this context, the terms are synonymous and refer to the same relationship between the attack pattern and the asset."
What asset is being targeted by an attack pattern that utilizes PowerShell scripts associated with Tangelo?,Which asset is the target of the attack pattern that employs PowerShell scripts used by the Tangelo?,False,False,False,False,True,False,True,True,EQUIVALENT,"The paraphrased question preserves the original meaning, entities, and relationship, with only minor rewording changes."
What level of effectiveness does Transmitted Data Manipulation Mitigation have in countering the threat of worm attacks?,How well does Transmitted Data Manipulation Mitigation protect against worm attacks?,True,True,True,True,True,True,True,True,EQUIVALENT,"The paraphrased question preserves the original meaning, entities, and relationship, using synonymous terms to inquire about the effectiveness of Transmitted Data Manipulation Mitigation against worm attacks."
What asset is typically targeted by an attack that leverages PowerShell scripts as part of the MirageFox attack pattern?,What asset is usually targeted by the attack pattern that utilizes PowerShell scripts as a tool of the MirageFox?,False,True,False,False,False,False,False,False,EQUIVALENT,"The paraphrased question preserves the original meaning, entities, and relationship, with only a superficial rewording of the sentence structure."
What domains did the perpetrators of Operation Wocao use malware for launching their DDoS attacks against?,What domains did the group behind Operation Wocao target with their DDoS attacks using malware?,False,False,False,False,False,False,False,False,EQUIVALENT,"The paraphrased question still asks about the same entities (the group behind Operation Wocao, their DDoS attacks, and malware) and the same relationship (targeting domains)."
What are the malicious tactics employed by the Woody RAT to conduct its cyber attacks?,What kind of attack pattern does the Woody RAT use to carry out its malicious activities?,False,False,False,False,False,False,False,False,EQUIVALENT,"The paraphrased question still asks about the methods used by the Woody RAT for its malicious activities, preserving the original question's meaning and entities."
What malicious activities does the OopsIE execute by employing its attack pattern?,What kind of attack pattern does the OopsIE use to carry out its malicious activities?,False,False,False,False,False,False,False,False,NOT_EQUIVALENT,"The original question asks about the type of attack pattern used by OopsIE, while the paraphrased question asks about the malicious activities executed by OopsIE."
What measures can be implemented to mitigate the impact of Egregor on a computer network?,What countermeasure can be taken to minimize the effects of Egregor on a computer network?,False,True,True,True,False,True,True,True,EQUIVALENT,"The paraphrased question preserves the original meaning, entities, and relationship, using synonyms ""mitigate"" and ""impact"" instead of ""minimize"" and ""effects""."
How can taking control of Windows Registers impact the dissemination of Pisloader and its affiliated malicious tactics?,In what way can the course of action that involves operating on Windows Registers help to prevent the spread of Pisloader and its associated attack pattern?,False,False,False,False,False,False,False,False,EQUIVALENT,"The paraphrased question preserves the original meaning, entities (Windows Registers, Pisloader), and relationship (preventing the spread), with only superficial rewording."
What tool is primarily linked to the attack pattern employed by Kinsing?,What is the primary attack pattern associated with the tool employed by the Kinsing?,False,False,False,False,False,False,False,False,EQUIVALENT,"The paraphrased question still inquires about the same relationship between the tool and the attack pattern associated with Kinsing, just with the entities' order swapped."
What steps can be taken to prevent and minimize the impact of the Android/Chuli.A threat?,What method can effectively prevent and mitigate the damage caused by Android/Chuli.A?,False,True,True,True,True,True,True,True,EQUIVALENT,"The paraphrased question still asks about preventing and mitigating the damage caused by the same entity, Android/Chuli.A, with only superficial rewording."
What step must be taken to avert the installation of EvilBunny on a system?,What crucial step can be taken to prevent the installation of EvilBunny on a system?,False,False,False,False,False,False,True,False,EQUIVALENT,"The paraphrased question uses ""avert"" instead of ""prevent"", which conveys the same meaning in this context."
What attack pattern is typically employed by the entity known as Hi-Zor?,Which attack pattern does Hi-Zor usually utilize?,False,False,False,False,False,False,False,False,EQUIVALENT,"The paraphrased question still asks about the attack pattern used by Hi-Zor, with only a superficial rewording of the original question."
How does the modular backdoor's behavior contribute to the objectives of a Patchwork campaign?,What is the role of a modular backdoor's behavior in facilitating the goals of a Patchwork campaign?,False,False,False,False,False,False,False,False,EQUIVALENT,"The paraphrased question preserves the original entities (modular backdoor and Patchwork campaign) and relationship (facilitating/contributing to goals/objectives), with only superficial rewording."
What kind of attack pattern is utilized by the Briba?,What type of attack pattern does the Briba employ?,False,False,False,False,False,False,False,False,EQUIVALENT,"The paraphrased question still asks about the same entity (Briba) and the same relationship (type of attack pattern it employs), with only superficial rewording."
What are the implications of a modular backdoor within the scope of a Mofang operation?,What effects do the actions of a modular backdoor have in the context of a Mofang campaign?,False,False,False,False,False,False,False,False,EQUIVALENT,"The paraphrased question preserves the original entities (modular backdoor, Mofang campaign/operation) and relationship (effects/implications of the backdoor), with only a superficial rewording of the context."
What type of attack pattern is employed by the FunnyDream tool to compromise systems?,What type of attack pattern is used by the FunnyDream's tool to compromise systems?,True,True,True,True,True,True,True,False,EQUIVALENT,"The paraphrased question retains the same entity (""FunnyDream's tool"" vs ""FunnyDream tool"") and relationship, with only a minor superficial rewording."
"What type of attack pattern can be thwarted by a course of action centered on manipulating Windows Registers, particularly in the context of Pillowmint?","What type of attack pattern can be prevented by the course of action that involves operating on Windows Registers, specifically in relation to Pillowmint?",False,False,False,False,False,False,False,False,EQUIVALENT,"The paraphrased question preserves the original meaning, entities, and relationship, with only superficial rewording changes such as ""prevented"" to ""thwarted"", ""operating"" to ""manipulating"", and ""in relation to"" to ""in the context of""."
What level of protection does CMSTP Mitigation offer against worm-related cyber threats?,How well does CMSTP Mitigation protect against worm attacks?,True,True,True,True,True,True,True,True,EQUIVALENT,"The paraphrased question still inquires about the protection level of CMSTP Mitigation against worm attacks, with only superficial rewording."
What cybersecurity measures help prevent and mitigate attacks from the threat actor DDKONG?,What key component of cybersecurity helps to prevent and mitigate the attacks of DDKONG?,False,False,True,True,True,False,False,True,NOT_EQUIVALENT,"The original question asks for a ""key component"" while the paraphrased question asks for ""cybersecurity measures"", which is a broader term."
What methods can be used to prevent and mitigate the malware tactics employed by the groups associated with C0011?,How can we prevent and remediate the malware methods employed by groups involved in C0011?,False,False,False,False,False,False,False,False,EQUIVALENT,"The paraphrased question preserves the original meaning, entities, and relationship, with only minor wording changes from ""remediate"" to ""mitigate"" and ""methods"" to ""tactics"" and ""involved"" to ""associated""."
What type of attack pattern can be thwarted by a course of action that involves manipulating Windows Registers in relation to X-Agent?,"What type of attack pattern can be prevented by the course of action that involves operating on Windows Registers, specifically in relation to X-Agent?",False,False,False,False,False,False,False,False,EQUIVALENT,"The paraphrased question preserves the original meaning, entities, and relationship, with only a superficial rewording from ""prevented"" to ""thwarted"" and ""operating"" to ""manipulating""."
What measures can be taken to prevent the dissemination of the Skeleton Key?,What strategy should be implemented to prevent the spread of Skeleton Key?,True,True,True,True,True,True,True,True,EQUIVALENT,"The paraphrased question preserves the original meaning, entities, and relationship, with ""measures"" and ""dissemination"" being synonymous with ""strategy"" and ""spread"" respectively."
"What type of asset is commonly targeted by VBShower, which often utilizes PowerShell scripts as part of its attack strategy?","What type of asset is the VBShower typically designed to compromise, often employing PowerShell scripts in its attack?",False,True,False,False,True,False,True,False,EQUIVALENT,"The paraphrased question still asks about the type of asset targeted by VBShower, using PowerShell scripts, without changing the entity or relationship being asked about."
What asset is commonly targeted in the attack pattern that utilizes PowerShell scripts as part of the Dridex operation?,"What asset is typically compromised by the attack pattern involving PowerShell scripts, which is used by the Dridex?",False,False,False,False,False,True,False,False,EQUIVALENT,"The paraphrased question still refers to the same asset, attack pattern, and relationship with Dridex, using synonymous language."
What measures can be taken to effectively minimize the risks associated with the notorious Crimson threat?,What defensive strategy is most effective in mitigating the risks associated with Crimson?,False,True,False,True,True,False,True,True,EQUIVALENT,"The paraphrased question still asks about mitigating risks associated with Crimson, using synonymous terms like ""measures"" and ""minimize"" to convey the same meaning as the original."
What characteristic attack pattern is associated with the tool employed by the Conficker?,What attack pattern is characteristic of the tool used by the Conficker?,True,True,True,True,True,True,True,True,EQUIVALENT,"The paraphrased question preserves the original meaning, entities, and relationship, with only superficial rewording."
What type of attack pattern does the tool that utilizes SHARPSTATS employ?,What type of attack pattern is employed by the tool that SHARPSTATS utilizes?,True,False,True,False,True,True,True,False,NOT_EQUIVALENT,"The original and paraphrased questions have swapped the relationship between the tool and SHARPSTATS, changing the entity that utilizes the other."
What impact does a modular backdoor's functionality have on the operational dynamics of an Inception campaign?,How does a modular backdoor's behavior affect the dynamics of a Inception campaign?,False,False,True,False,False,False,False,False,EQUIVALENT,"The paraphrased question preserves the original entities (modular backdoor and Inception campaign) and relationship (impact on dynamics), with only superficial rewording."
What kind of malware technique does SodaMaster usually use to compromise computer systems?,What type of attack does SodaMaster typically employ to infect systems?,False,False,False,False,False,False,False,False,EQUIVALENT,"The paraphrased question still asks about the type of attack or technique SodaMaster uses to infect or compromise systems, preserving the original meaning and entities."
Which asset is primarily impacted by an attack pattern that leverages PowerShell scripts within the CrossRAT?,What asset is primarily affected by the attack pattern that utilizes PowerShell scripts as part of the CrossRAT?,False,False,False,False,True,False,True,False,EQUIVALENT,"The paraphrased question preserves the original meaning, entities, and relationship, with only superficial rewording changes such as ""affected"" to ""impacted"" and ""utilizes"" to ""leverages""."
What course of action operating on Windows Registers is specifically related to mitigating the DustySky attack pattern?,"What attack pattern is mitigated by the course of action that operates on Windows Registers, and is specifically related to DustySky?",False,False,False,False,False,False,False,False,EQUIVALENT,"The paraphrased question still asks about the same relationship between the course of action, Windows Registers, and the DustySky attack pattern."
What domains were targeted by the group behind C0033 as part of their DDoS attacks conducted via malware?,What domains did the group behind C0033 target with their DDoS attacks using malware?,False,False,True,False,True,False,False,False,EQUIVALENT,"The paraphrased question preserves the original meaning, entities, and relationship, with only a superficial rewording of the sentence structure."
What Windows Registers-related mitigation action is associated with the presence of GravityRAT malware?,"What attack pattern is mitigated by the course of action that targets Windows Registers, and is associated with the presence of GravityRAT?",False,False,False,False,False,False,False,False,EQUIVALENT,"The paraphrased question still asks about the same relationship between Windows Registers, GravityRAT, and a mitigation action, with no change in entities or scope."
What method is primarily used to mitigate the effects of BUBBLEWRAP on a system's overall security?,Which key approach helps to neutralize the impact of BUBBLEWRAP on a system?,False,True,True,True,True,False,True,True,EQUIVALENT,"The paraphrased question still asks about the primary approach to counteract the impact of BUBBLEWRAP on a system, with ""mitigate the effects"" and ""neutralize the impact"" conveying the same intent."
What steps can be taken to prevent the FALLCHILL attack pattern by utilizing operations on Windows Registers?,How can the course of action that involves operating on Windows Registers help to prevent the attack pattern associated with FALLCHILL?,False,False,False,False,False,False,False,False,EQUIVALENT,"The paraphrased question still inquires about preventing the FALLCHILL attack pattern through operations on Windows Registers, preserving the original entities and relationship."
Would employing Disabling Security Tools Mitigation constitute a viable approach to countering worm infections?,Can Disabling Security Tools Mitigation be considered a successful strategy for combating worm?,True,True,True,True,True,True,True,True,EQUIVALENT,"The paraphrased question preserves the original meaning, entities, and relationship, using synonymous terms like ""combating"" and ""countering"" and ""successful strategy"" and ""viable approach""."
What countermeasure is commonly utilized to mitigate the NotPetya threat?,What crucial tactic is employed to counter the threat posed by NotPetya?,True,False,True,True,True,True,True,True,EQUIVALENT,"The paraphrased question still asks about the same entity (NotPetya) and the same relationship (counteracting its threat), using synonymous terms."
What impact do the characteristics of a modular backdoor have on the unfolding of an ALLANITE operation?,How do the behaviors of a modular backdoor influence the progression of a ALLANITE campaign?,False,False,False,False,False,False,False,False,EQUIVALENT,"The paraphrased question preserves the original meaning, entities (modular backdoor and ALLANITE campaign/operation), and relationship (influence/impact on progression/unfolding)."
Which systems or networks are vulnerable to the propagation of a worm?,What platforms are susceptible to the actions of a worm?,False,True,False,False,False,True,False,True,EQUIVALENT,"The paraphrased question still inquires about the targets of a worm's actions, using synonymous terms for ""platforms"" and ""susceptible""."
What countermeasures can be implemented to prevent or mitigate potential DustySky threats?,What proactive measure can be taken to protect against DustySky attacks?,False,True,True,True,True,True,True,True,EQUIVALENT,"The paraphrased question still asks about protective actions against DustySky attacks, with ""countermeasures"" and ""prevent or mitigate"" being synonymous with ""proactive measure"" and ""protect against""."
What countermeasure is utilized to neutralize the threat emanating from QuietSieve?,What crucial tactic is employed to counter the threat posed by QuietSieve?,False,True,True,False,True,False,True,False,EQUIVALENT,"The paraphrased question preserves the original's meaning, entities, and relationship, using synonymous terms like ""countermeasure"" for ""tactic"" and ""neutralize"" for ""counter""."
"What key component is central to the attack pattern characterized by the use of PowerShell scripts, a notable hallmark of Gelsemium?","What asset is at the center of the attack pattern that utilizes PowerShell scripts, a distinguishing feature of the Gelsemium?",False,False,False,False,False,False,False,False,EQUIVALENT,"The paraphrased question preserves the original meaning, entities, and relationship, with only superficial rewording changes."
What actions would a modular backdoor's presence entail within a HAFNIUM campaign?,What are the consequences of a modular backdoor's actions within a HAFNIUM campaign?,False,False,False,False,False,False,False,False,EQUIVALENT,"The paraphrased question still inquires about the effects or outcomes of a modular backdoor's presence within a HAFNIUM campaign, preserving the original meaning and entities."
What systems is SPACESHIP primarily known to compromise using a particular attack pattern?,What is the primary attack pattern used by SPACESHIP to compromise systems?,False,False,False,False,False,False,False,False,NOT_EQUIVALENT,The paraphrased question changes the scope from the attack pattern to the systems being compromised.
What method of attack is commonly associated with the actions of Amadey?,What type of attack does Amadey typically employ to infect systems?,False,False,False,False,False,False,False,False,EQUIVALENT,"The paraphrased question still asks about the type of attack associated with Amadey, preserving the original meaning and entities."
What typical attack patterns are associated with the malware tool known as Maze?,"What is the typical attack pattern used by malware tools, specifically Maze?",False,False,False,True,True,True,True,False,EQUIVALENT,The paraphrased question still inquires about the typical attack pattern of the specific malware tool known as Maze.
What kind of attack pattern does BADFLICK utilize?,What type of attack pattern does the BADFLICK employ?,False,False,False,False,False,False,False,False,EQUIVALENT,"The paraphrased question uses synonymous language (""utilize"" instead of ""employ"") without changing the entity or relationship being asked about."
What malware tools are employed by the individuals behind the operation known as Operation Dream Job?,What are the malware tools used by the group responsible for the operation Operation Dream Job?,False,True,True,True,False,False,False,False,EQUIVALENT,"The paraphrased question preserves the original meaning, entities, and relationship, with only superficial rewording changes."
What proactive steps can be implemented to safeguard against the threat of Triada attacks?,What proactive measure can be taken to protect against Triada attacks?,True,True,True,True,True,True,True,True,EQUIVALENT,"The paraphrased question preserves the original meaning, entities, and relationship, with only superficial rewording of ""measure"" to ""steps"" and ""protect"" to ""safeguard""."
What type of attack pattern is commonly employed by Carbon to spread malware and infect systems?,What kind of attack pattern is commonly used by Carbon to spread and infect systems?,False,False,False,False,False,False,False,False,EQUIVALENT,"The paraphrased question preserves the original meaning, entities, and relationship, with only a minor rewording of ""used"" to ""employed"" and ""infect systems"" to ""spread malware and infect systems"", which conveys the same intent."
"What attack pattern is typically associated with the malware employed by the Bouncing Golf group in American campaigns, and what are the specifics of its tactics?","What attack pattern is commonly linked to the malware used in American campaigns attributed to the Bouncing Golf group, and how does",False,False,False,False,False,False,False,False,EQUIVALENT,"The paraphrased question preserves the original entities and relationship, only rewording the syntax and using synonyms like ""typically associated"" and ""specifics of its tactics"" instead of ""commonly linked"" and ""how does""."
What techniques does CARROTBAT usually utilize to compromise systems?,What type of attack does CARROTBAT typically employ to infect systems?,False,False,False,False,False,False,False,False,EQUIVALENT,"The paraphrased question still asks about the methods CARROTBAT uses to infect systems, with ""compromise"" being a synonym for ""infect"" in this context."
How does a modular backdoor's behavior affect the progression of an operation referred to as a Sharpshooter campaign?,How do the behaviors of a modular backdoor influence the progression of a Sharpshooter campaign?,False,False,False,False,False,False,True,False,EQUIVALENT,"The paraphrased question preserves the original entities (modular backdoor and Sharpshooter campaign) and relationship (influence on progression), with only minor wording changes."
What attack pattern is most commonly linked to the tool utilized by TERRACOTTA?,What is the primary attack pattern associated with the tool employed by the TERRACOTTA?,True,True,True,True,True,True,True,False,EQUIVALENT,"The paraphrased question preserves the original meaning, entities, and relationship, with only minor wording changes."
What are the potential repercussions of a modular backdoor's operations within a known APT29 operation?,What are the consequences of a modular backdoor's actions within a APT29 campaign?,True,False,False,False,False,False,True,True,EQUIVALENT,"The paraphrased question preserves the original meaning, entities, and relationship, with only minor wording changes that do not alter the scope or constraints of the inquiry."
Can InstallUtil Mitigation be viewed as an effective tactic in countering worm attacks?,Can InstallUtil Mitigation be considered a successful strategy for combating worm?,True,True,True,True,True,True,True,True,EQUIVALENT,"The paraphrased question preserves the original meaning, entities, and relationship, with only a superficial rewording of ""successful strategy"" to ""effective tactic"" and ""combating"" to ""countering""."
"What is the asset most commonly targeted by the attack method characterized by the use of PowerShell scripts, which is a hallmark of Cryptoistic tactics?","What asset is frequently compromised by the attack pattern that involves PowerShell scripts, a hallmark of the Cryptoistic?",False,True,False,False,True,True,False,False,EQUIVALENT,"The paraphrased question preserves the original meaning, entities, and relationship, with only superficial rewording changes."
What malicious activities does the Turian tool execute?,How does the Turian tool carry out its malicious operations?,True,True,True,True,True,False,True,False,EQUIVALENT,"The paraphrased question still inquires about the malicious operations of the Turian tool, preserving the original entity and relationship."
"What systems do the attackers typically target with the ZxShell tool, and what is the attack pattern used to compromise them?",What type of attack pattern is used by the ZxShell's tool to compromise systems?,False,False,False,False,False,False,False,False,NOT_EQUIVALENT,"The paraphrased question asks about the target systems in addition to the attack pattern, broadening the scope of the original question."
"What feature of an attack pattern is centered on the use of PowerShell scripts, which is a characteristic that distinguishes the Allwinner?","What asset is at the center of the attack pattern that utilizes PowerShell scripts, a distinguishing feature of the Allwinner?",False,False,False,False,False,False,False,False,NOT_EQUIVALENT,"The original question asks about an asset, while the paraphrased question asks about a feature of an attack pattern."
What are the impacts of the malicious actions carried out by groups involved in Operation Sharpshooter on the systems compromised by their malware?,What effects do the malicious activities of groups participating in Operation Sharpshooter have on the systems infected by their malware?,True,False,True,False,True,False,True,True,EQUIVALENT,"The paraphrased question preserves the original meaning, entities, and relationship, with only superficial rewording of terms like ""effects"" to ""impacts"" and ""infected"" to ""compromised""."
What RemoteCMD tool is known for employing a particular attack pattern?,What is the attack pattern utilized by the tool associated with the RemoteCMD?,True,False,False,False,True,False,False,False,NOT_EQUIVALENT,"The original question asks for the attack pattern, while the paraphrased question asks for the tool, reversing the relationship between the entities being asked about."
What malicious activities does the Cryptoistic tool execute through its attack pattern?,What attack pattern does the Cryptoistic tool use to carry out its malicious activities?,False,False,False,True,True,True,True,False,NOT_EQUIVALENT,"The original question asks for the attack pattern used by the Cryptoistic tool, while the paraphrased question asks for the malicious activities executed by the tool."
What malicious functions are executed by the CrossRAT through its attack pattern?,What attack pattern does the CrossRAT use to execute its malicious functions?,False,False,False,False,False,False,False,False,EQUIVALENT,"The paraphrased question still asks about the same entity (CrossRAT) and its relationship (executing malicious functions through an attack pattern), with only a superficial rewording of the syntax."
What measures can be taken to counteract and minimize the tactics utilized by Elderwood?,What are the essential measures to prevent and mitigate the methods employed by Elderwood?,False,False,True,True,True,False,True,False,EQUIVALENT,"The paraphrased question preserves the original's meaning, entities, and relationship, using synonymous terms like ""counteract"" for ""prevent"" and ""minimize"" for ""mitigate"", and ""tactics"" for ""methods""."
"What core resource is being targeted by the attack pattern characterized by the use of PowerShell scripts, a key indicator often seen in the YAHOYAH?","What asset is at the center of the attack pattern that utilizes PowerShell scripts, a distinguishing feature of the YAHOYAH?",False,False,False,False,False,False,False,False,EQUIVALENT,"The paraphrased question preserves the original meaning, entities, and relationship, with only superficial rewording of terms like ""asset"" to ""core resource"" and ""distinguishing feature"" to ""key indicator""."
What primary attack pattern is most commonly linked to the tool utilized by the Squirrelwaffle?,What is the primary attack pattern associated with the tool employed by the Squirrelwaffle?,True,True,True,True,True,True,True,False,EQUIVALENT,"The paraphrased question preserves the original meaning, entities, and relationship, with only minor rewording changes."
What methods of attack does NightClub commonly utilize to infect computer systems?,What type of attack does NightClub typically employ to infect systems?,False,False,False,False,False,False,False,False,EQUIVALENT,"The paraphrased question preserves the original meaning, entities, and relationship, with only superficial rewording of ""type"" to ""methods"", ""typically"" to ""commonly"", and ""systems"" to ""computer systems""."
What asset is primarily targeted by an attack pattern that incorporates PowerShell scripts as part of the P8RAT?,What asset is primarily affected by the attack pattern that utilizes PowerShell scripts as part of the P8RAT?,False,False,False,False,True,False,False,False,EQUIVALENT,"The paraphrased question preserves the original meaning, entities, and relationship, with only a minor rewording from ""affected"" to ""targeted"" that does not change the scope or intent of the question."
What steps can be taken proactively to safeguard against attacks from Judy?,What proactive measure can be taken to protect against Judy attacks?,True,True,True,True,True,True,True,True,EQUIVALENT,"The paraphrased question preserves the original meaning, entities, and relationship, with only superficial rewording."
"What action pattern, directly associated with the presence of Action RAT, can be mitigated by targeting Windows Registers?","Which attack pattern is prevented by operating on Windows Registers, and is directly linked to the presence of Action RAT?",False,False,False,False,False,False,False,False,EQUIVALENT,"The paraphrased question preserves the original meaning, entities, and relationship, using synonymous terms like ""prevented"" and ""mitigated"" and ""linked"" and ""associated""."
"What type of attack can be mitigated by the course of action that involves manipulating Windows Registers, specifically with regards to the tactics of a Cherry Picker?","What type of attack pattern can be prevented by the course of action that involves operating on Windows Registers, specifically in relation to Cherry Picker?",False,False,False,False,False,False,False,False,EQUIVALENT,"The paraphrased question preserves the original meaning, entities, and relationship, with only minor wording changes that do not alter the scope or constraints of the query."
What malicious operations are typically executed by the FrozenCell tool?,How does the FrozenCell tool carry out its malicious operations?,False,False,True,False,True,False,True,False,EQUIVALENT,"The paraphrased question still inquires about the malicious operations of the FrozenCell tool, with only a superficial rewording of the original question."
What Carbanak primarily utilizes for its malicious operations is which attack pattern?,What is the primary attack pattern associated with the tool employed by the Carbanak?,False,False,False,False,False,False,False,False,EQUIVALENT,"The paraphrased question still inquires about the primary attack pattern associated with the tool used by Carbanak, preserving the original meaning and entities."
What technique does the PLEAD tool primarily exploit?,Which attack pattern does the PLEAD's tool rely on?,True,False,False,False,True,False,True,False,EQUIVALENT,"The paraphrased question still inquires about the primary method or technique used by the PLEAD tool, with ""attack pattern"" and ""technique"" being semantically equivalent in this context."
What malicious activities are carried out through the use of the BoomBox's attack pattern?,What kind of attack pattern does the BoomBox use to carry out its malicious activities?,False,False,False,False,False,False,False,False,NOT_EQUIVALENT,"The original question asks about the type of attack pattern, while the paraphrased question asks about the malicious activities carried out by it."
What strategies does Valid Accounts Mitigation employ to counteract the spread of a worm?,How does Valid Accounts Mitigation address the issue of worm?,True,True,True,True,True,True,True,True,EQUIVALENT,"The paraphrased question still asks about the methods used by Valid Accounts Mitigation to address the issue of a worm, preserving the original entities and relationship."
"What is the primary target of the attack pattern employing PowerShell scripts, specifically PUNCHBUGGY?","What asset is the main focus of the attack pattern that incorporates PowerShell scripts, used by the PUNCHBUGGY?",False,False,False,False,True,False,False,False,EQUIVALENT,"The paraphrased question preserves the original meaning, entities, and relationship, with only a superficial rewording from ""main focus"" to ""primary target""."
What steps can be taken to prevent the zwShell-related attack pattern by utilizing Windows Registers in a strategic manner?,How can the course of action that involves operating on Windows Registers help to prevent the attack pattern associated with zwShell?,False,False,False,False,False,False,False,False,EQUIVALENT,"The paraphrased question still inquires about preventing the zwShell attack pattern by utilizing Windows Registers, preserving the original entities and relationship."
What attack pattern is utilized by the tool known as SNUGRIDE?,What type of attack pattern is employed by the tool that SNUGRIDE utilizes?,True,True,True,True,True,False,True,False,NOT_EQUIVALENT,"The paraphrased question changes the relationship between SNUGRIDE and the tool, implying SNUGRIDE is the tool, rather than utilizing one."
What kind of malware tactics are commonly linked to campaigns conducted by the American perpetrators known as APT34?,What type of malware attack pattern is typically associated with American campaigns linked to the APT34 group?,False,False,False,False,False,False,False,False,NOT_EQUIVALENT,"The paraphrased question refers to ""American perpetrators"" whereas the original question does not imply the APT34 group is American, only that the campaigns are linked to them and are American."
What impact does the implementation of Data Encrypted for Impact Mitigation have on the dissemination of a worm?,What effect does Data Encrypted for Impact Mitigation have on the spread of worm?,True,True,True,False,True,True,True,True,EQUIVALENT,"The paraphrased question preserves the original meaning, entities, and relationship, with only superficial rewording of terms like ""effect"" to ""impact"", ""spread"" to ""dissemination"", and ""worm"" remaining consistent."
What attack pattern is associated with the presence of Hornbill and is mitigated by manipulating Windows Registers?,"Which attack pattern is prevented by operating on Windows Registers, and is directly linked to the presence of Hornbill?",False,False,False,False,False,False,False,False,EQUIVALENT,"The paraphrased question preserves the original meaning, entities, and relationship, using synonymous terms like ""prevented"" and ""mitigated"" and ""linked"" and ""associated""."
What countermeasures are typically employed to minimize the vulnerabilities linked to Torisma threats?,What defensive strategy is most effective in mitigating the risks associated with Torisma?,False,True,True,False,True,True,True,True,EQUIVALENT,"The paraphrased question still inquires about the most effective approach to mitigate risks associated with Torisma, using synonymous terms like ""countermeasures"" and ""minimize vulnerabilities"" instead of ""defensive strategy"" and ""mitigating risks""."
What countermeasures can be employed to neutralize and reduce the risks associated with admin@338?,What options are available to prevent and mitigate the methods used by admin@338?,True,False,True,True,True,True,True,False,EQUIVALENT,"The paraphrased question still asks about measures to counter the methods of admin@338, preserving the original entity and relationship."
What remediation steps are needed to counter the malware tactics employed by groups associated with the FunnyDream malware?,What remediation procedures are required to address the malware tactics used by groups involved in FunnyDream?,False,False,True,True,True,False,False,False,EQUIVALENT,"The paraphrased question preserves the original meaning, entities, and relationship, with only minor wording changes that do not alter the scope or constraints of the inquiry."
What measures can be implemented to prevent and counteract the harmful effects of XTunnel?,What method can effectively prevent and mitigate the damage caused by XTunnel?,False,True,True,True,True,True,True,True,EQUIVALENT,"The paraphrased question preserves the original's meaning, entities, and relationship, using synonyms for ""method"", ""damage"", and ""mitigate"" that do not alter the scope or constraints of the query."
What system security strategy is most effective at countering the effects of the Wiper malware?,Which key approach helps to neutralize the impact of Wiper on a system?,True,False,True,True,False,False,False,True,EQUIVALENT,"Both questions ask about the effective method to mitigate the impact of Wiper on a system, referring to the same entity and relationship."
What countermeasures can be put in place to effectively prevent and minimize the impact of ROKRAT?,What method can effectively prevent and mitigate the damage caused by ROKRAT?,False,True,True,True,True,True,True,True,EQUIVALENT,"The paraphrased question preserves the original's meaning, entities, and relationship, using synonymous terms like ""countermeasures"" for ""method"" and ""minimize the impact"" for ""mitigate the damage""."
What tactic does one utilize to effectively counter the threat emanating from CozyCar?,What crucial tactic is employed to counter the threat posed by CozyCar?,False,False,True,True,True,True,True,True,EQUIVALENT,"The paraphrased question preserves the original meaning, entities, and relationship, with only superficial rewording changes."
What malicious functions are carried out by the gh0st RAT through its typical attack pattern?,What attack pattern does the gh0st RAT use to execute its malicious functions?,False,False,False,False,False,False,False,False,EQUIVALENT,"The paraphrased question still inquires about the same attack pattern and malicious functions of the gh0st RAT, with only a reversal of the order in which they are mentioned."
What behaviors associated with the malware exploited by the group behind C0027 are primarily detected?,What are the primary detection operations for the behaviors of the malware exploited by the group behind C0027?,False,False,False,False,True,False,True,True,EQUIVALENT,"The paraphrased question still inquires about the primary detection operations for the same malware behaviors and group, with only a superficial rewording of the sentence structure."
What malicious functions does DarkWatchman execute through its specific attack pattern?,What attack pattern does the DarkWatchman use to execute its malicious functions?,False,False,False,False,False,False,False,False,EQUIVALENT,"The paraphrased question still asks about the same entity (DarkWatchman) and its relationship to its attack pattern and malicious functions, with only a superficial rewording of the syntax."
"What specific attack pattern does the course of action targeting Windows Registers aim to counteract, which is directly associated with EventBot?","What attack pattern is mitigated by the course of action that operates on Windows Registers, and is specifically related to EventBot?",False,False,False,False,False,False,False,False,EQUIVALENT,"The paraphrased question preserves the original meaning, entities (Windows Registers, EventBot), and relationship (mitigation of an attack pattern), with only superficial rewording."
What malware tools have been identified as being utilized by the group behind the operation known as Operation Sharpshooter?,What tools have been identified as being used by malware exploited by the group that conducted the operation Operation Sharpshooter?,False,True,True,True,False,False,False,False,EQUIVALENT,"The paraphrased question still refers to the same group, operation, and relationship between the group and the malware tools, with only superficial rewording."
What malware tools were employed by the Bot malware in the course of the Operation Spalax?,What tools were used by the Bot malware to carry out the Operation Spalax?,False,False,True,True,False,False,False,False,EQUIVALENT,The paraphrased question still inquires about the same tools used by the Bot malware in the context of Operation Spalax.
What propagation method does the tool that utilizes Carbon inherently employ?,Which attack pattern is inherent in the tool that the Carbon uses to spread?,True,False,False,True,True,False,True,False,EQUIVALENT,"The paraphrased question still asks about the same entity (the tool used by Carbon) and the same relationship (the method of propagation), with only a change in wording."
What measures can be taken through operating on Windows Registers to prevent the DownPaper attack pattern from occurring?,How can the course of action that involves operating on Windows Registers help to prevent the attack pattern associated with DownPaper?,False,False,False,False,False,False,False,False,EQUIVALENT,"The paraphrased question still inquires about preventing the DownPaper attack pattern through operating on Windows Registers, preserving the original entities and relationship."
Which asset is most susceptible to exploitation via the PowerShell scripts attack pattern that is characteristic of Prestige?,"What asset is most vulnerable to the attack pattern that utilizes PowerShell scripts, which is characteristic of the Prestige?",False,False,False,False,True,False,False,True,EQUIVALENT,"The paraphrased question preserves the original meaning, entities, and relationship, with only superficial rewording from ""vulnerable to the attack pattern"" to ""susceptible to exploitation via the attack pattern""."
What is the primary attack pattern being targeted by the course of action that involves modifying Windows Registers within the context of PULSECHECK?,Which attack pattern is the primary target of the course of action that involves modifying Windows Registers in the context of PULSECHECK?,False,False,False,False,False,False,False,False,EQUIVALENT,"The paraphrased question preserves the original meaning, entities, and relationship, with only minor rewording of the sentence structure."
What countermeasures can be employed to prevent and counteract the tactics utilized by Stealth Falcon?,What options are available to prevent and mitigate the methods used by Stealth Falcon?,True,False,True,True,True,True,True,False,EQUIVALENT,"The paraphrased question preserves the original meaning, entities, and relationship, using synonymous terms such as ""countermeasures"" for ""options"", ""counteract"" for ""mitigate"", and ""tactics"" for ""methods""."
Can Email Collection Mitigation effectively prevent the spread of worms?,Is Email Collection Mitigation a reliable solution for eliminating worm?,True,True,True,True,True,True,True,True,EQUIVALENT,"The paraphrased question still asks about the effectiveness of Email Collection Mitigation in stopping worms, with ""eliminating"" and ""preventing the spread of"" conveying the same intent."
What is the central attack pattern being targeted by the course of action that involves altering Windows Registers within the context of Comnie?,Which attack pattern is the primary target of the course of action that involves modifying Windows Registers in the context of Comnie?,False,False,False,False,False,False,False,False,EQUIVALENT,"The paraphrased question preserves the original meaning, entities, and relationship, with only superficial rewording changes such as ""primary target"" to ""central attack pattern"" and ""modifying"" to ""altering""."
"What kind of asset is typically targeted by the EnvyScout for compromise, frequently utilizing PowerShell scripts in its malicious activities?","What type of asset is the EnvyScout typically designed to compromise, often employing PowerShell scripts in its attack?",False,True,False,False,True,False,True,False,EQUIVALENT,"The paraphrased question preserves the original meaning, entities, and relationship, with only superficial rewording changes."
What are the attack patterns and implications associated with the malware used in campaigns attributed to Lotus Blossom in the United States?,"Which attack pattern is employed by the malware used in American campaigns attributed to Lotus Blossom, and what are its implications?",False,False,False,False,False,False,False,False,EQUIVALENT,The paraphrased question still inquires about the same entity (malware used in campaigns attributed to Lotus Blossom) and relationship (attack patterns and implications) as the original question.
What asset is predominantly impacted by the malicious activity involving PowerShell scripts as part of the RogueRobin attack pattern?,What asset is primarily affected by the attack pattern that utilizes PowerShell scripts as part of the RogueRobin?,False,False,False,False,False,False,False,False,EQUIVALENT,"The paraphrased question preserves the original meaning, entities, and relationship, with only superficial rewording changes."
Can Exfiltration Over Physical Medium Mitigation be considered a dependable method for eradicating a worm?,Is Exfiltration Over Physical Medium Mitigation a reliable solution for eliminating worm?,True,True,True,True,True,True,True,True,EQUIVALENT,"The paraphrased question preserves the original meaning, entities, and relationship, using synonyms like ""reliable"" and ""dependable"", and ""eliminating"" and ""eradicating"", without changing the scope or constraints."
What threat mitigation strategy is used to combat the menace presented by BRATA?,What crucial tactic is employed to counter the threat posed by BRATA?,False,True,True,False,True,True,True,True,EQUIVALENT,"The paraphrased question still asks about the same entity (BRATA) and the same relationship (mitigating its threat), using synonymous terms."
What mitigation strategies does Registry Run Keys / Start Folder Mitigation employ to counter worm-related threats?,How does Registry Run Keys / Start Folder Mitigation address the issue of worm?,True,True,True,True,True,True,True,True,EQUIVALENT,"The paraphrased question still inquires about the mitigation strategies of Registry Run Keys / Start Folder against worm-related issues, preserving the original entities and relationship."
What phases of the kill chain are typically associated with the patterns of tools used by malware employed by groups responsible for the Oldsmar Treatment Plant Intrusion?,Which kill chain phases are characteristic of the patterns exhibited by tools associated with the malware used by groups engaged in the Oldsmar Treatment Plant Intrusion?,True,True,True,True,True,False,True,False,EQUIVALENT,"The paraphrased question preserves the original meaning, entities, and relationship, with only superficial rewording of the sentence structure."
Will the use of Encrypt Sensitive Information be effective in limiting the spread of a worm outbreak?,Will Encrypt Sensitive Information help to contain the worm outbreak?,True,True,True,True,True,True,True,True,EQUIVALENT,"The paraphrased question preserves the original meaning, entities, and relationship, with only a superficial rewording of the sentence structure and wording."
What are the consequences of a modular backdoor's activities within the context of a MONSOON campaign?,What are the outcomes of a modular backdoor's actions in a MONSOON campaign?,False,False,True,False,True,False,True,False,EQUIVALENT,"The paraphrased question preserves the original meaning, entities, and relationship, with only a superficial rewording of ""outcomes"" to ""consequences"" and ""actions"" to ""activities""."
What is the typical attack methodology employed by Backdoor.Oldrea for disseminating and infecting systems?,What kind of attack pattern is commonly used by Backdoor.Oldrea to spread and infect systems?,False,False,False,False,False,False,False,False,EQUIVALENT,"The paraphrased question preserves the original meaning, entities, and relationship, using synonymous terms like ""attack pattern"" and ""attack methodology"", and ""spread and infect"" and ""disseminating and infecting""."
"What type of asset does the FALLCHILL typically target, frequently utilizing PowerShell scripts as part of its attack strategy?","What type of asset is the FALLCHILL typically designed to compromise, often employing PowerShell scripts in its attack?",False,True,False,False,True,False,True,False,EQUIVALENT,"The paraphrased question preserves the original meaning, entities, and relationship, with only superficial rewording changes such as ""compromise"" to ""target"" and ""employing"" to ""utilizing""."
What techniques does the CHEMISTGAMES tool utilize to infiltrate and compromise computer systems?,What type of attack pattern is used by the CHEMISTGAMES's tool to compromise systems?,True,False,False,False,True,False,True,False,EQUIVALENT,"The paraphrased question still asks about the methods used by the CHEMISTGAMES tool to compromise systems, preserving the original entities and relationship."
What kind of attack pattern typically employs the technique known as CHOPSTICK?,Which attack pattern does CHOPSTICK usually utilize?,False,False,False,False,False,False,False,False,NOT_EQUIVALENT,"The original question asks about the attack pattern used by CHOPSTICK, while the paraphrased question asks about the attack pattern that employs the technique known as CHOPSTICK, potentially reversing the relationship."
What countermeasures can be implemented to effectively mitigate the threat of SideCopy?,What are the necessary countermeasures to take against SideCopy?,True,False,True,False,False,False,True,False,EQUIVALENT,"The paraphrased question still asks about countermeasures against the same entity, SideCopy, without changing the relationship or scope of the inquiry."
What method can effectively mitigate the effects of SYNful Knock on a system?,Which key approach helps to neutralize the impact of SYNful Knock on a system?,False,False,True,False,True,False,True,False,EQUIVALENT,"The paraphrased question preserves the original meaning, entities, and relationship, using synonymous terms ""neutralize"" and ""mitigate"" to convey the same idea."
What countermeasure is most commonly utilized to neutralize the threat posed by BOULDSPY?,What crucial tactic is employed to counter the threat posed by BOULDSPY?,True,True,True,False,True,False,True,True,EQUIVALENT,"The paraphrased question preserves the original's meaning, entities, and relationship, using synonymous terms ""tactic"" and ""countermeasure"" and ""crucial"" and ""most commonly utilized""."
What attack pattern does NETWIRE typically utilize to disseminate and compromise systems?,What kind of attack pattern is commonly used by NETWIRE to spread and infect systems?,False,False,False,False,False,False,False,False,EQUIVALENT,"The paraphrased question preserves the original meaning, entities (NETWIRE), and relationship (spreading and infecting systems), with only superficial rewording."
What attack patterns are typically associated with the Get2 suite of tools?,What is the attack pattern associated with Get2 tools?,False,False,False,True,False,True,True,False,NOT_EQUIVALENT,"The paraphrased question broadens the scope by asking for multiple attack patterns, whereas the original question asks for a single associated attack pattern."
"What asset is most susceptible to the SynAck attack pattern, particularly when it employs PowerShell scripts?","What asset is most vulnerable to the attack pattern that utilizes PowerShell scripts, which is characteristic of the SynAck?",False,False,False,False,True,False,True,False,EQUIVALENT,"The paraphrased question preserves the original meaning, entities, and relationship, with only superficial rewording changes."
What cybersecurity measures are crucial in countering and minimizing the malicious activities of Valak?,What key component of cybersecurity helps to prevent and mitigate the attacks of Valak?,False,True,True,False,False,False,True,False,EQUIVALENT,"The paraphrased question still asks about the key component or measures of cybersecurity that counter Valak's attacks, preserving the original meaning and entities."
What malware tools have been utilized by the Bot malware in relation to the C0021?,Which tools have been employed by the Bot malware in the context of the C0021?,False,False,True,False,False,False,False,False,EQUIVALENT,"The paraphrased question preserves the original meaning, entities, and relationship, with only superficial rewording from ""employed"" to ""utilized"" and ""in the context of"" to ""in relation to""."
What countermeasures should be employed to prevent the proliferation of RainyDay?,What strategy should be implemented to prevent the spread of RainyDay?,False,True,True,True,True,True,True,False,EQUIVALENT,"The paraphrased question uses synonymous terms ""countermeasures"" and ""proliferation"" to convey the same meaning as the original question."
"What plays a crucial role in countering the malicious activities of BONDUPDATER, effectively preventing and minimizing its potential threats?",What key component of cybersecurity helps to prevent and mitigate the attacks of BONDUPDATER?,True,False,True,False,True,True,True,False,EQUIVALENT,"The paraphrased question still asks about the key component that prevents and mitigates BONDUPDATER attacks, with only superficial rewording."
What steps can be taken with Windows Registers to prevent the proliferation of Stealth Mango and its corresponding malicious tactics?,In what way can the course of action that involves operating on Windows Registers help to prevent the spread of Stealth Mango and its associated attack pattern?,False,False,False,False,False,False,False,False,EQUIVALENT,"The paraphrased question preserves the original meaning, entities (Windows Registers, Stealth Mango, and its attack pattern), and relationship (preventing the spread/proliferation), with only superficial rewording."
What countermeasure is most effective in neutralizing the threat associated with OSX_OCEANLOTUS.D?,What crucial tactic is employed to counter the threat posed by OSX_OCEANLOTUS.D?,False,True,True,True,True,False,True,True,EQUIVALENT,"The paraphrased question still asks about the same entity (OSX_OCEANLOTUS.D) and the same relationship (counteracting its threat), using synonymous terms."
"What is the primary asset being targeted by an attack pattern that is characterized by the use of PowerShell scripts, a key component of the HAWKBALL?","What asset is at the center of the attack pattern that utilizes PowerShell scripts, a distinguishing feature of the HAWKBALL?",False,False,False,False,True,False,False,False,EQUIVALENT,"The paraphrased question still asks about the same asset and relationship to the HAWKBALL attack pattern, with only a superficial rewording of the question."
What strategies would be effective in countering the tactics employed by CostaRicto?,How can one effectively counter the methods used by CostaRicto?,True,False,True,False,True,False,False,False,EQUIVALENT,"The paraphrased question preserves the original's meaning, entities, and relationship, using synonymous terms like ""strategies"" for ""methods"" and ""tactics"" for ""methods""."
What is the crucial aspect of cybersecurity that helps to counteract and minimize the impact of Volgmer attacks?,What key component of cybersecurity helps to prevent and mitigate the attacks of Volgmer?,True,True,True,False,True,True,True,True,EQUIVALENT,"The paraphrased question preserves the original meaning, entities, and relationship, using synonyms like ""crucial aspect"" for ""key component"", ""counteract and minimize"" for ""prevent and mitigate"", and ""impact"" for ""attacks""."
What course of action involving Windows Registers can help prevent the exploitation of the vulnerability associated with the FlawedAmmyy attack pattern?,"What type of attack pattern can be prevented by the course of action that involves operating on Windows Registers, specifically in relation to FlawedAmmyy?",False,False,False,False,False,False,False,False,EQUIVALENT,The paraphrased question still inquires about the same course of action involving Windows Registers in relation to preventing the FlawedAmmyy attack pattern.
Is the implementation of Fallback Channels Mitigation an effective countermeasure against worm attacks?,Is Fallback Channels Mitigation a suitable countermeasure against worm?,True,True,True,True,True,True,True,True,EQUIVALENT,"The paraphrased question still asks about the effectiveness of Fallback Channels Mitigation as a countermeasure against worm, with only minor rewording."
What is the key countermeasure employed to mitigate the malicious actions of MiniDuke?,What essential technique is used to combat the malicious activities of MiniDuke?,False,True,True,True,False,True,True,True,EQUIVALENT,"The paraphrased question preserves the same entity (MiniDuke) and relationship (combating its malicious activities), with only a superficial rewording of the technique used."
What part does a modular backdoor play in the objectives of a Honeybee operation?,What is the role of a modular backdoor's behavior in facilitating the goals of a Honeybee campaign?,False,False,False,False,False,False,False,False,EQUIVALENT,"The paraphrased question preserves the original entities (modular backdoor, Honeybee campaign/operation) and relationship (facilitating goals/objectives), with only superficial rewording."
How can operating on Windows Registers contribute to mitigating the spread of BOULDSPY and its affiliated attack pattern?,In what way can the course of action that involves operating on Windows Registers help to prevent the spread of BOULDSPY and its associated attack pattern?,False,False,False,False,False,False,False,False,EQUIVALENT,"The paraphrased question preserves the original meaning, entities, and relationship, using synonymous terms like ""contribute to mitigating"" instead of ""help to prevent"" and ""affiliated"" instead of ""associated""."
What is the main asset being targeted by the attack pattern that utilizes PowerShell scripts as a crucial element of the JSS Loader?,"What asset is the primary target of the attack pattern that employs PowerShell scripts, a key component of the JSS Loader?",False,False,False,False,True,False,False,False,EQUIVALENT,"The paraphrased question preserves the original meaning, entities, and relationship, with only superficial rewording changes."
What asset is the primary target of an attack pattern that utilizes PowerShell scripts characteristic of the Chameleon?,Which asset is the target of the attack pattern that employs PowerShell scripts used by the Chameleon?,False,False,False,False,True,False,True,False,EQUIVALENT,"The paraphrased question preserves the original meaning, entities, and relationship, with only minor wording changes that do not alter the scope or constraints of the query."
"What type of asset is often targeted by the attack method characterized by the use of PowerShell scripts, a distinguishing feature of Bisonal?","What asset is frequently compromised by the attack pattern that involves PowerShell scripts, a hallmark of the Bisonal?",False,False,False,False,False,False,True,False,EQUIVALENT,"The paraphrased question preserves the original meaning, entities, and relationship, with only superficial rewording changes."
What measures can be implemented to mitigate the impact of a Meteor event on a computer network?,What countermeasure can be taken to minimize the effects of Meteor on a computer network?,False,True,True,False,False,True,False,True,EQUIVALENT,"The paraphrased question still asks about minimizing the effects of Meteor on a computer network, using synonymous terms like ""mitigate"" and ""impact"" instead of ""minimize"" and ""effects""."
What type of asset is commonly exploited in an attack pattern that leverages PowerShell scripts as a component of the Pallas?,What asset is usually targeted by the attack pattern that utilizes PowerShell scripts as a tool of the Pallas?,False,False,False,False,True,False,False,False,EQUIVALENT,"The paraphrased question preserves the original meaning, entities, and relationship, with only superficial rewording changes."
What measures have been implemented on Windows Registers to counteract the spread of FatDuke?,What course of action on Windows Registers is designed to prevent the spread of FatDuke?,False,False,False,False,False,False,False,False,EQUIVALENT,"The paraphrased question still asks about the same action to prevent the spread of FatDuke on Windows Registers, using synonymous terms."
What type of malware attack pattern is most commonly linked to campaigns attributed to the MONSOON group in the United States?,What type of malware attack pattern is typically associated with American campaigns linked to the MONSOON group?,False,False,False,False,False,False,False,False,EQUIVALENT,"The paraphrased question still asks about the same entity (MONSOON group) and relationship (associated malware attack pattern), with only a minor rewording of the geographical scope from ""American campaigns"" to ""in the United States""."
What characteristic attack pattern is most closely associated with the malware employed in the Carbanak campaigns that targeted American organizations?,Which specific attack pattern is characteristic of the malware used in American campaigns attributed to Carbanak?,False,False,False,False,False,False,False,False,EQUIVALENT,"The paraphrased question still asks about the same malware, entity (Carbanak), and relationship (characteristic attack pattern), with only minor rewording."
What system security measure can be implemented to prevent the KeyBoy installation?,What crucial step can be taken to prevent the installation of KeyBoy on a system?,False,True,True,True,False,True,True,True,EQUIVALENT,"The paraphrased question still asks about preventing the installation of KeyBoy on a system, with only a superficial rewording of the original question."
What is the key countermeasure used to neutralize the malevolent actions associated with Sardonic?,What essential technique is used to combat the malicious activities of Sardonic?,False,False,True,False,True,True,True,False,EQUIVALENT,"The paraphrased question preserves the original meaning, entities, and relationship, using synonymous terms like ""essential technique"" and ""key countermeasure"", and ""malicious activities"" and ""malevolent actions""."
What technique is primarily utilized to counteract the harmful actions of Linux Rabbit?,What essential technique is used to combat the malicious activities of Linux Rabbit?,False,False,True,False,True,True,True,True,EQUIVALENT,"The paraphrased question preserves the original meaning, entities, and relationship, with only superficial rewording from ""essential technique"" to ""technique"" and ""combat"" to ""counteract""."
What is the primary attack vector typically linked to the tool utilized by the BADNEWS?,What is the primary attack pattern associated with the tool employed by the BADNEWS?,False,True,True,True,False,True,True,True,EQUIVALENT,"The terms ""attack pattern"" and ""attack vector"" are often used interchangeably in cybersecurity, and ""employed"" and ""utilized"" have the same meaning in this context."
What countermeasures can be implemented to mitigate the impact of Escobar on a computer network?,What countermeasure can be taken to minimize the effects of Escobar on a computer network?,True,True,True,True,False,True,True,True,EQUIVALENT,"The paraphrased question preserves the original meaning, entities, and relationship, with only a minor rewording from ""minimize the effects"" to ""mitigate the impact"" and from ""countermeasure"" to ""countermeasures""."
Is Access Token Manipulation Mitigation an effective countermeasure against worm attacks?,Can Access Token Manipulation Mitigation be considered a successful strategy for combating worm?,True,True,True,True,True,True,True,True,EQUIVALENT,"The paraphrased question preserves the original meaning, entities, and relationship, with only a superficial rewording of ""successful strategy"" to ""effective countermeasure"" and ""combating worm"" to ""against worm attacks""."
What measures can be taken by manipulating Windows Registers to mitigate the spread of Disco and its affiliated malicious tactics?,In what way can the course of action that involves operating on Windows Registers help to prevent the spread of Disco and its associated attack pattern?,False,False,False,False,False,False,False,False,EQUIVALENT,"The paraphrased question preserves the original meaning, entities (Windows Registers, Disco, and its attack pattern), and relationship, using synonymous terms like ""measures"" for ""course of action"" and ""mitigate"" for ""prevent""."
What attack methods are commonly employed by malware associated with the notorious LAPSUS$ group in its US-based operations?,What is the typical attack pattern used by malware linked to the LAPSUS$ group in American campaigns?,False,False,False,False,False,False,False,False,EQUIVALENT,"The paraphrased question preserves the original's meaning, entities, and relationship, with only superficial rewording changes."
How does taking action on Windows Registers contribute to preventing the dissemination of Cadelspy and its connected attack methodology?,In what way can the course of action that involves operating on Windows Registers help to prevent the spread of Cadelspy and its associated attack pattern?,False,False,False,False,False,False,False,False,EQUIVALENT,"The paraphrased question preserves the original meaning, entities (Windows Registers, Cadelspy, and its attack pattern), and relationship (preventing the spread), with only superficial rewording."
What asset is commonly targeted by the attack pattern employing PowerShell scripts as a component of the FIVEHANDS?,What asset is usually targeted by the attack pattern that utilizes PowerShell scripts as a tool of the FIVEHANDS?,False,False,False,False,True,False,False,False,EQUIVALENT,"The paraphrased question preserves the original meaning, entities, and relationship, with only minor wording changes that do not alter the scope or constraints of the query."
What attack pattern is characteristic of the tool linked to the SDBot?,What is the attack pattern utilized by the tool associated with the SDBot?,True,True,True,True,True,True,True,False,EQUIVALENT,"The paraphrased question preserves the original meaning, entities (SDBot and its associated tool), and relationship (attack pattern), with only a superficial rewording of ""utilized"" to ""characteristic of"" and ""associated with"" to ""linked to""."
What malicious activities does the RegDuke tool execute through its attack pattern?,What attack pattern does the RegDuke tool use to carry out its malicious activities?,False,False,False,True,True,True,False,False,NOT_EQUIVALENT,"The paraphrased question asks about the malicious activities executed by the tool, whereas the original question asks about the attack pattern used by the tool."
What course of action involving manipulation of Windows Registers can effectively counter a malicious attack associated with Linfo?,"What type of malicious attack can be thwarted by the course of action that involves operating on Windows Registers, and is related to Linfo?",False,False,False,False,False,False,False,False,EQUIVALENT,"The paraphrased question still inquires about the same course of action and its relation to countering a malicious attack associated with Linfo, just with reversed wording."
What is the central attack pattern being targeted by the course of action that alters Windows Registers within the scope of DarkTortilla?,Which attack pattern is the primary target of the course of action that involves modifying Windows Registers in the context of DarkTortilla?,False,False,False,False,False,False,False,False,EQUIVALENT,"The paraphrased question preserves the original meaning, entities, and relationship, using synonymous terms like ""primary target"" and ""central attack pattern"" and ""modifying"" and ""alters""."
What attack pattern is utilized by the DEATHRANSOM?,What type of attack pattern does the DEATHRANSOM employ?,False,False,False,False,False,False,False,False,EQUIVALENT,"The paraphrased question still asks about the same entity (DEATHRANSOM) and the same relationship (the type of attack pattern it employs), with only superficial rewording."
What are the implications of the attack pattern employed by the malware associated with the American cyber campaigns attributed to APT30?,"Which attack pattern is employed by the malware used in American campaigns attributed to APT30, and what are its implications?",False,False,False,False,False,False,False,False,EQUIVALENT,The paraphrased question still inquires about the same attack pattern and its implications in relation to APT30's American campaigns.
What are the malicious activities that the HyperStack tool executes?,How does the HyperStack tool carry out its malicious operations?,True,False,False,False,True,False,True,False,EQUIVALENT,"The paraphrased question still inquires about the malicious operations of the HyperStack tool, preserving the original entity and relationship."
What countermeasure is crucial for mitigating the threat emanating from SPACESHIP?,What crucial tactic is employed to counter the threat posed by SPACESHIP?,False,True,True,True,True,False,True,True,EQUIVALENT,"The paraphrased question preserves the original's meaning, entities, and relationship, using synonymous terms ""tactic"" and ""countermeasure"" and ""counter"" and ""mitigating""."
What SEASHARPEE typically employs in its malicious operations?,What attack pattern is characteristic of the tool used by the SEASHARPEE?,False,False,False,False,False,False,False,False,EQUIVALENT,"The paraphrased question still asks about the characteristic attack pattern or method used by the SEASHARPEE, preserving the original meaning and entities."
What methods can be employed to identify and track the malicious actions of the malware linked to the group behind the FunnyDream operations?,How can we detect the malicious activities of the malware used by the group responsible for FunnyDream?,True,True,False,True,True,True,True,True,EQUIVALENT,"The paraphrased question still asks about detecting malicious activities of the malware used by the group responsible for FunnyDream, with only superficial rewording."
What malicious activities does the Daserf carry out using its specific attack pattern?,What kind of attack pattern does the Daserf use to carry out its malicious activities?,False,False,False,False,False,False,False,False,NOT_EQUIVALENT,"The original question asks about the type of attack pattern, while the paraphrased question asks about the malicious activities, effectively swapping the focus of the inquiry."
What cybersecurity feature is crucial in thwarting and countering the threats posed by Komplex attacks?,What key component of cybersecurity helps to prevent and mitigate the attacks of Komplex?,False,True,True,True,True,False,True,True,EQUIVALENT,"The paraphrased question preserves the original's meaning, entities, and relationship, using synonymous terms like ""prevent and mitigate"" and ""thwarting and countering"" to refer to the same concept."
What attack pattern is inherent in the mechanism employed by the Komplex to disseminate itself?,Which attack pattern is inherent in the tool that the Komplex uses to spread?,False,False,False,False,False,True,False,False,EQUIVALENT,"The paraphrased question preserves the original meaning, entities, and relationship, with only superficial rewording of ""tool"" to ""mechanism"" and ""spread"" to ""disseminate itself""."
What countermeasures are required to combat the threats posed by UNC2452?,What are the necessary countermeasures to take against UNC2452?,False,False,False,False,False,False,False,False,EQUIVALENT,"The paraphrased question still inquires about the necessary actions to take against the same entity, UNC2452, without changing the relationship or scope."
What malicious activities is the BlackMould tool known to execute through its attack pattern?,What attack pattern does the BlackMould tool use to carry out its malicious activities?,False,False,False,False,True,True,True,False,NOT_EQUIVALENT,"The paraphrased question asks about the malicious activities executed by the tool, whereas the original question asks about the attack pattern used by the tool."
What UPPERCUT mitigation approach offers the highest level of risk reduction?,What defensive strategy is most effective in mitigating the risks associated with UPPERCUT?,False,True,False,True,True,True,True,False,EQUIVALENT,"The paraphrased question still asks about the most effective method to mitigate UPPERCUT risks, preserving the original entities and relationship."
What asset is primarily targeted by the attack pattern utilizing PowerShell scripts associated with the DarkTortilla?,"What asset is the main focus of the attack pattern that incorporates PowerShell scripts, used by the DarkTortilla?",False,False,False,False,True,False,True,False,EQUIVALENT,"The paraphrased question preserves the original meaning, entities, and relationship, with only a superficial rewording of ""main focus"" to ""primarily targeted"" and ""incorporates"" to ""utilizing""."
What approach should be adopted to prevent the propagation of Keydnap?,What strategy should be implemented to prevent the spread of Keydnap?,True,False,True,False,True,True,True,True,EQUIVALENT,"The paraphrased question preserves the same entity ""Keydnap"" and the same relationship of preventing its spread, using synonymous terms ""strategy"" and ""approach"", and ""spread"" and ""propagation""."
What detection methods are most effective for identifying the behaviors of malware attributed to the group behind Operation Ghost?,What are the most effective detection methods for the behaviors of the malware exploited by the group behind Operation Ghost?,True,True,True,True,True,True,True,True,EQUIVALENT,"The paraphrased question preserves the original meaning, entities, and relationship, with only minor wording changes that do not alter the scope or constraints of the query."
What malware propagation method is utilized by the EnvyScout tool?,Which attack pattern is inherent in the tool that the EnvyScout uses to spread?,True,False,False,False,True,False,True,False,NOT_EQUIVALENT,"The original question asks about the attack pattern inherent in the tool used by EnvyScout, while the paraphrased question asks about the malware propagation method utilized by the EnvyScout tool itself."
What attack pattern does OopsIE typically employ?,Which attack pattern does OopsIE usually utilize?,False,False,False,False,False,False,False,False,EQUIVALENT,"The paraphrased question uses synonymous verbs ""utilize"" and ""employ"", preserving the original meaning and scope."
What countermeasures should be put in place to prevent the Anubis from spreading further?,What strategy should be implemented to prevent the spread of Anubis?,False,False,True,True,True,False,True,False,EQUIVALENT,"The paraphrased question preserves the original's meaning, entities, and relationship, with only a superficial rewording of ""strategy"" to ""countermeasures"" and ""spread of Anubis"" to ""Anubis from spreading further""."
What is the typical attack pattern associated with the tool employed by Hildegard?,What attack pattern is characteristic of the tool used by the Hildegard?,True,True,True,True,True,True,True,True,EQUIVALENT,"The paraphrased question preserves the original meaning, entities, and relationship, with only minor wording changes."
What asset is most vulnerable to exploitation by an attack pattern that incorporates PowerShell scripts as part of the Sunbird?,What asset is primarily affected by the attack pattern that utilizes PowerShell scripts as part of the Sunbird?,False,False,False,False,True,False,True,False,EQUIVALENT,"The paraphrased question still refers to the same asset and relationship, with ""primarily affected"" and ""most vulnerable to exploitation"" conveying essentially the same meaning in this context."
What type of attack signature is commonly associated with malware tools such as VaporRage?,What kind of attack pattern is characteristic of malware tools like VaporRage?,False,True,False,True,False,False,True,True,EQUIVALENT,"The terms ""attack pattern"" and ""attack signature"" are often used interchangeably in the context of malware, referring to the same concept of characteristic behavior or indicators."
What asset is commonly targeted by the attack vector that utilizes PowerShell scripts and is associated with the malware known as WolfRAT?,"What asset is typically compromised by the attack pattern involving PowerShell scripts, which is used by the WolfRAT?",False,False,False,False,False,False,False,False,EQUIVALENT,"The paraphrased question preserves the original meaning, entities (PowerShell scripts and WolfRAT), and relationship (attack pattern/vector), with only superficial rewording."
What technique does the malware used in campaigns linked to Operation Wocao typically employ?,What attack technique does the malware employed in American campaigns attributed to Operation Wocao utilize?,False,False,False,False,False,False,False,False,EQUIVALENT,"The paraphrased question still asks about the same malware and its attack technique in the context of Operation Wocao, with only minor wording changes."
What systems are primarily compromised using the CORESHELL attack pattern?,What is the primary attack pattern used by CORESHELL to compromise systems?,False,False,False,False,False,False,False,False,NOT_EQUIVALENT,"The original question asks for the attack pattern, while the paraphrased question asks for the systems compromised, reversing the relationship being asked about."
How do the actions of a modular backdoor align with the goals of a The White Company campaign?,In what ways do the actions of a modular backdoor contribute to the objectives of a The White Company campaign?,False,False,False,False,False,False,False,False,EQUIVALENT,"The paraphrased question preserves the original meaning, entities, and relationship, using synonymous terms ""contribute to the objectives"" and ""align with the goals""."
"What is the central target of the attack pattern that utilizes PowerShell scripts, as employed by the CookieMiner?","What asset is the main focus of the attack pattern that incorporates PowerShell scripts, used by the CookieMiner?",False,False,False,False,True,False,True,False,EQUIVALENT,"The paraphrased question preserves the original meaning, entities, and relationship, with only superficial rewording from ""main focus"" to ""central target"" and ""asset"" to ""target""."
What issue does Netsh Helper DLL Mitigation specifically target in its function to prevent worm attacks?,How does Netsh Helper DLL Mitigation address the issue of worm?,True,True,True,True,True,False,True,False,EQUIVALENT,"The paraphrased question still inquires about the function of Netsh Helper DLL Mitigation in relation to preventing worm attacks, preserving the original entities and relationship."
What type of malicious attack is typically targeted by a course of action that involves operating on Windows Registers and is associated with the Clop ransomware?,"What type of malicious attack can be thwarted by the course of action that involves operating on Windows Registers, and is related to Clop?",False,False,False,False,False,False,False,False,EQUIVALENT,"The paraphrased question still refers to the same entities (Windows Registers, Clop) and relationship (thwarting a malicious attack), with only minor rewording."
What steps can be taken to counter and minimize the impact of attacks attributed to the Windigo?,What are the key steps to prevent and mitigate the attacks carried out by Windigo?,False,False,True,False,True,False,True,False,EQUIVALENT,"The paraphrased question preserves the original meaning, entities, and relationship, using synonyms like ""counter"" for ""prevent"" and ""minimize"" for ""mitigate"" without altering the scope or constraints."
"What attack pattern is prevented through manipulation of Windows Registers, and is directly associated with the presence of MobileOrder?","Which attack pattern is prevented by operating on Windows Registers, and is directly linked to the presence of MobileOrder?",False,False,False,False,False,False,False,False,EQUIVALENT,"The paraphrased question preserves the original meaning, entities, and relationship, with only minor wording changes that do not alter the scope or constraints of the query."
What cybersecurity measure is specifically designed to counteract and minimize the impact of EnvyScout attacks?,What key component of cybersecurity helps to prevent and mitigate the attacks of EnvyScout?,True,True,True,False,True,True,True,True,EQUIVALENT,"The paraphrased question still asks about the same entity (EnvyScout) and the same relationship (preventing and mitigating its attacks), with only a superficial rewording of the question."
"What is the core component of the attack pattern that incorporates PowerShell scripts, a hallmark characteristic of AndroRAT?","What asset is at the center of the attack pattern that utilizes PowerShell scripts, a distinguishing feature of the AndroRAT?",False,False,False,False,False,False,False,False,EQUIVALENT,"The paraphrased question preserves the original meaning, entities, and relationship, with only superficial rewording of terms like ""asset"" to ""core component"" and ""distinguishing feature"" to ""hallmark characteristic""."
Can the Environmental Keying Mitigation process entirely eliminate the worm threat?,Does Environmental Keying Mitigation effectively neutralize the worm threat?,True,True,True,True,True,True,True,True,EQUIVALENT,"The paraphrased question still inquires about the effectiveness of Environmental Keying Mitigation in removing the worm threat, using synonyms for ""neutralize"" and ""effectively""."
What kind of malware technique is commonly utilized by Briba to compromise computer systems?,What type of attack does Briba typically employ to infect systems?,False,False,False,False,False,False,False,False,EQUIVALENT,"The paraphrased question still asks about the method Briba uses to infect systems, with ""malware technique"" being a synonym for ""type of attack"" in this context."
What course of action targeting Windows Registers in relation to KEYMARBLE effectively counters which attack pattern?,What attack pattern is effectively countered by the course of action that targets Windows Registers in relation to KEYMARBLE?,False,False,False,False,False,False,False,False,EQUIVALENT,"The paraphrased question still asks about the same relationship between the course of action targeting Windows Registers and KEYMARBLE, inquiring about the countered attack pattern."
What Windows-related attack pattern is the primary focus of the course of action that involves altering Windows Registers in the context of ABK?,Which attack pattern is the primary target of the course of action that involves modifying Windows Registers in the context of ABK?,False,False,False,False,False,False,False,False,EQUIVALENT,"The paraphrased question preserves the original meaning, entities, and relationship, with only minor wording changes that do not alter the scope or constraints of the query."
What measures should be implemented proactively to safeguard against STARWHALE attacks?,What proactive measure can be taken to protect against STARWHALE attacks?,False,True,False,False,True,False,True,False,EQUIVALENT,"The paraphrased question preserves the original meaning, entities, and relationship, with only superficial rewording."
Which asset is primarily targeted by the attack pattern that incorporates PowerShell scripts as part of the CCBkdr?,What asset is primarily affected by the attack pattern that utilizes PowerShell scripts as part of the CCBkdr?,False,False,False,False,True,False,True,False,EQUIVALENT,"The paraphrased question preserves the original meaning, entities, and relationship, with ""affected"" and ""targeted"" being synonymous in this context."
What type of attack pattern is commonly associated with malware tools such as ObliqueRAT?,What kind of attack pattern is characteristic of malware tools like ObliqueRAT?,False,False,False,True,True,False,True,False,EQUIVALENT,"The paraphrased question preserves the original meaning, entities, and relationship, with only minor wording changes."
What asset is typically targeted by the attack pattern that leverages PowerShell scripts as a tool of the KOPILUWAK?,What asset is usually targeted by the attack pattern that utilizes PowerShell scripts as a tool of the KOPILUWAK?,False,False,False,False,True,False,False,False,EQUIVALENT,"The paraphrased question uses synonymous language, replacing ""utilizes"" with ""leverages"", without changing the entities or relationship being asked about."
What countermeasure is typically employed to mitigate the harmful actions of Penquin?,What essential technique is used to combat the malicious activities of Penquin?,False,True,True,True,True,True,True,False,EQUIVALENT,"The paraphrased question preserves the same entity (Penquin) and relationship (combating malicious activities), using synonymous terms (technique/countermeasure, combat/mitigate, malicious/harmful)."
What characteristic attack pattern is typically associated with the tool utilized by Kobalos?,What attack pattern is characteristic of the tool used by the Kobalos?,True,True,True,True,True,True,True,True,EQUIVALENT,"The paraphrased question preserves the original meaning, entities, and relationship, with only superficial rewording changes."
What countermeasure is most effective in minimizing the threats posed by the Olympic Destroyer?,What defensive strategy is most effective in mitigating the risks associated with Olympic Destroyer?,False,True,True,True,True,True,True,True,EQUIVALENT,"The terms ""defensive strategy"" and ""countermeasure"" are synonymous in this context, and ""mitigating risks"" and ""minimizing threats"" convey the same intent."
What asset is typically targeted by an attack pattern that leverages PowerShell scripts as a component of the Metamorfo?,What asset is usually targeted by the attack pattern that utilizes PowerShell scripts as a tool of the Metamorfo?,False,False,False,False,True,True,True,False,EQUIVALENT,"The paraphrased question preserves the original meaning, entities, and relationship, with only minor wording changes that do not alter the scope or constraints of the query."
What technique is crucial for countering the malicious actions of POWRUNER?,What essential technique is used to combat the malicious activities of POWRUNER?,True,False,True,False,True,True,True,True,EQUIVALENT,"The paraphrased question preserves the same entity (POWRUNER) and relationship (combating malicious activities), with only a minor rewording of ""essential"" to ""crucial"" and ""combat"" to ""countering""."
What malicious activities does the SslMM tool execute?,How does the SslMM tool carry out its malicious operations?,True,False,False,True,True,False,True,False,EQUIVALENT,"The paraphrased question still inquires about the malicious operations of the SslMM tool, preserving the original entity and relationship."
What measures can a network administrator take to mitigate the impact of Xbash on their computer network?,What countermeasure can be taken to minimize the effects of Xbash on a computer network?,False,False,True,True,False,False,True,False,EQUIVALENT,"The paraphrased question still asks about actions to reduce the effects of Xbash on a computer network, with only superficial rewording."
"What asset is most susceptible to the RCSAndroid attack pattern, particularly the one employing PowerShell scripts?","What asset is most vulnerable to the attack pattern that utilizes PowerShell scripts, which is characteristic of the RCSAndroid?",False,True,False,False,True,False,True,False,EQUIVALENT,"The paraphrased question preserves the original meaning, entities, and relationship, with only superficial rewording changes."
What are the typical kill chain stages associated with the attack patterns of malware tools employed by groups related to C0032?,Identify the kill chain stages characteristic of the patterns used by tools associated with malware used by groups involved in the C0032.,True,False,True,True,True,False,True,False,EQUIVALENT,"The paraphrased question preserves the original meaning, entities, and relationship, with only superficial rewording of the sentence structure and wording."
What is the principal attack pattern that the course of action aimed at altering Windows Registers pertains to within the POWERSOURCE framework?,Which attack pattern is the primary target of the course of action that involves modifying Windows Registers in the context of POWERSOURCE?,False,False,False,False,False,False,False,False,EQUIVALENT,"The paraphrased question preserves the original meaning, entities, and relationship, with only superficial rewording and no change in scope or constraints."
What countermeasure is crucial for neutralizing the Flame threat?,What crucial tactic is employed to counter the threat posed by Flame?,False,True,True,True,True,False,True,True,EQUIVALENT,"The paraphrased question still asks about the same entity (Flame) and the same relationship (counteracting its threat), using synonymous terms."
What Twitoor-related threats can a particular defensive strategy best counteract?,What defensive strategy is most effective in mitigating the risks associated with Twitoor?,True,False,True,False,True,False,True,True,NOT_EQUIVALENT,"The paraphrased question focuses on the threats being counteracted, whereas the original question focuses on the defensive strategy being used."
What attack pattern is primarily linked to the tool utilized by PowerShower?,What is the primary attack pattern associated with the tool employed by the PowerShower?,True,True,True,True,True,True,True,False,EQUIVALENT,"The paraphrased question preserves the original meaning, entities, and relationship, with only superficial rewording changes."
What attack pattern does the tool Javali utilizes employ?,What type of attack pattern is employed by the tool that Javali utilizes?,True,True,True,True,True,True,True,False,EQUIVALENT,"The paraphrased question still asks about the same entity (Javali's tool) and the same relationship (the type of attack pattern it employs), with only a superficial rewording of the sentence structure."
What countermeasures can be implemented to mitigate the impact of Explosive on a computer network?,What countermeasure can be taken to minimize the effects of Explosive on a computer network?,True,True,True,True,False,True,True,True,EQUIVALENT,"The paraphrased question preserves the original meaning, entities, and relationship, with only minor wording changes from ""minimize the effects"" to ""mitigate the impact""."
What malware techniques are utilized by the malware used in American campaigns attributed to OilRig?,What attack technique does the malware employed in American campaigns attributed to OilRig utilize?,False,False,False,False,False,False,False,False,NOT_EQUIVALENT,"The paraphrased question asks about ""malware techniques"" in general, whereas the original question specifically asks about an ""attack technique""."
What is the main target asset targeted by the attack pattern that incorporates PowerShell scripts as a crucial part of the CARROTBAT?,"What asset is the primary target of the attack pattern that employs PowerShell scripts, a key component of the CARROTBAT?",False,False,False,False,True,False,False,False,EQUIVALENT,"The paraphrased question preserves the original meaning, entities, and relationship, with only superficial rewording changes."
What impact does Time Providers Mitigation have on the propagation of a worm?,What effect does Time Providers Mitigation have on the spread of worm?,True,True,True,True,True,True,True,True,EQUIVALENT,"The paraphrased question uses synonymous terms ""impact"" and ""propagation"" instead of ""effect"" and ""spread"", without changing the entities or relationship being asked about."
What preventative measure can be implemented to avoid the installation of PACEMAKER on a system?,What crucial step can be taken to prevent the installation of PACEMAKER on a system?,False,True,True,False,True,True,True,True,EQUIVALENT,"The paraphrased question preserves the original meaning, entities, and relationship, with only a superficial rewording of ""crucial step"" to ""preventative measure"" and ""prevent"" to ""avoid""."
What detection strategies would be most successful in identifying the malicious behaviors exhibited by the malware employed by the group behind Operation Honeybee?,What detection techniques would be effective in identifying the behaviors of the malware used by the group responsible for Operation Honeybee?,True,True,True,False,True,True,True,True,EQUIVALENT,"The paraphrased question preserves the original meaning, entities, and relationship, with only superficial rewording of terms like ""techniques"" to ""strategies"" and ""behaviors"" to ""malicious behaviors""."
What malicious techniques does the Trojan-SMS.AndroidOS.OpFake.a utilize to activate its malicious functionalities?,What attack pattern does the Trojan-SMS.AndroidOS.OpFake.a use to execute its malicious functions?,False,False,False,False,False,False,False,False,EQUIVALENT,"The paraphrased question still asks about the same entity (Trojan-SMS.AndroidOS.OpFake.a) and its malicious methods, with only a superficial rewording of ""attack pattern"" to ""malicious techniques"" and ""execute"" to ""activate""."
"What kind of malicious attack can be prevented by a course of action that involves modifying Windows Registers, and is associated with DOGCALL?","What type of malicious attack can be thwarted by the course of action that involves operating on Windows Registers, and is related to DOGCALL?",False,False,False,False,False,False,False,False,EQUIVALENT,"The paraphrased question preserves the original meaning, entities, and relationship, with only minor wording changes such as ""thwarted"" to ""prevented"", ""operating"" to ""modifying"", and ""related"" to ""associated""."
What asset typically gets compromised by the attack pattern employing PowerShell scripts as a component of the SDBot?,What asset is usually targeted by the attack pattern that utilizes PowerShell scripts as a tool of the SDBot?,False,False,False,False,True,False,False,False,EQUIVALENT,"The paraphrased question still refers to the same asset and relationship with the SDBot attack pattern, only changing the wording from ""targeted"" to ""gets compromised""."
What function does the behavior of a modular backdoor play in enabling the objectives of a UNC788 operation?,What is the role of a modular backdoor's behavior in facilitating the goals of a UNC788 campaign?,False,False,False,False,False,False,False,False,EQUIVALENT,"The paraphrased question preserves the original entities (modular backdoor, UNC788 campaign/operation) and relationship (facilitating/enabling goals/objectives), with only superficial rewording."
How can operating on Windows Registers potentially hinder the dissemination of the PHOREAL attack pattern and its associated malware?,In what way can the course of action that involves operating on Windows Registers help to prevent the spread of PHOREAL and its associated attack pattern?,False,False,False,False,False,False,False,False,EQUIVALENT,"The paraphrased question still inquires about the same action (operating on Windows Registers) and its effect on the same entities (PHOREAL and its associated attack pattern), with only a change in wording."
What countermeasures would be most effective in countering the security threats posed by the malware known as WolfRAT?,What defensive strategy is most effective in mitigating the risks associated with WolfRAT?,False,True,True,False,False,False,False,False,EQUIVALENT,"The paraphrased question still asks about the most effective approach to mitigate risks associated with WolfRAT, using synonymous terms like ""countermeasures"" and ""security threats"" that preserve the original meaning."
What steps can be taken to counteract the FrameworkPOS attack pattern by utilizing operations on Windows Registers?,How can the course of action that involves operating on Windows Registers help to prevent the attack pattern associated with FrameworkPOS?,False,False,False,False,False,False,False,False,EQUIVALENT,"The paraphrased question still inquires about preventing the FrameworkPOS attack pattern through operations on Windows Registers, preserving the original entities and relationship."
What method is most effective in mitigating the effects of Bisonal on a system?,Which key approach helps to neutralize the impact of Bisonal on a system?,False,True,True,False,True,True,True,True,EQUIVALENT,"The paraphrased question preserves the original meaning, asking about the same entity (Bisonal) and relationship (mitigating its impact) with only superficial rewording."
What level of protection does Accessibility Features Mitigation offer against worm attacks?,How well does Accessibility Features Mitigation protect against worm attacks?,True,True,True,True,True,True,True,True,EQUIVALENT,"The paraphrased question preserves the original meaning, entities, and relationship, with only a superficial rewording of the query."
What measures can be taken to counteract the proliferation of OLDBAIT?,What strategy should be implemented to prevent the spread of OLDBAIT?,False,True,True,True,True,True,True,True,EQUIVALENT,"The paraphrased question preserves the original's meaning, entities, and relationship, using synonymous terms ""prevent"" and ""counteract"" and ""spread"" and ""proliferation""."
What effect does the behavior of a modular backdoor have on the overall success of operations conducted by the Transparent Tribe?,What is the impact of a modular backdoor's behavior on the overall success of a Transparent Tribe campaign?,False,False,False,False,False,False,False,False,EQUIVALENT,"The paraphrased question preserves the original entities and relationship, with ""operations conducted by the Transparent Tribe"" being a synonymous rewording of ""a Transparent Tribe campaign""."
What type of attack strategy does Doki utilize?,What type of attack pattern does the Doki employ?,False,False,False,False,False,False,False,False,EQUIVALENT,"The terms ""attack pattern"" and ""attack strategy"" are synonymous in this context, preserving the original question's meaning and scope."
What Windows attack pattern is the main focus of the course of action that involves altering Windows Registers within the context of CreepySnail?,Which attack pattern is the primary target of the course of action that involves modifying Windows Registers in the context of CreepySnail?,False,False,False,False,False,False,False,False,EQUIVALENT,"The paraphrased question preserves the original meaning, entities, and relationship, with only minor wording changes."
What malicious activities are carried out by the RATANKBA tool through its RATANKBA attack pattern?,What attack pattern does the RATANKBA tool use to carry out its malicious activities?,False,False,False,True,True,True,True,False,NOT_EQUIVALENT,"The original question asks for the attack pattern used by the RATANKBA tool, while the paraphrased question asks for the malicious activities carried out by the tool."
What measures should be taken to stop the dissemination of SpicyOmelette?,What strategy should be implemented to prevent the spread of SpicyOmelette?,False,False,False,False,False,False,False,False,EQUIVALENT,"The paraphrased question preserves the original's meaning, entities, and relationship, using synonymous terms ""measures"" and ""stop"" instead of ""strategy"" and ""prevent""."
Identify the common kill chain phases that are characteristic of the malware tactics typically utilized by groups linked to the Night Dragon threat.,Determine the kill chain phases typically associated with the patterns of tools that the malware used by groups involved in the Night Dragon employs.,False,False,False,False,False,False,False,False,EQUIVALENT,"The paraphrased question still asks about the kill chain phases associated with the malware used by groups involved in the Night Dragon, with only superficial rewording."
What attack pattern is directly associated with Aria-body and prevented by operating on Windows Registers?,"Which attack pattern is prevented by operating on Windows Registers, and is directly linked to the presence of Aria-body?",False,False,False,False,False,False,False,False,EQUIVALENT,"The paraphrased question preserves the original meaning, entities, and relationship, with only a superficial rewording of the sentence structure."
What system security measure is most effective at countering the influence of HAPPYWORK?,Which key approach helps to neutralize the impact of HAPPYWORK on a system?,False,True,True,False,True,True,True,True,NOT_EQUIVALENT,"The paraphrased question introduces the concept of ""system security measure"", which narrows the scope and implies a specific type of approach, whereas the original question is more general."
What ZIPLINE tools are typically linked to in attack scenarios?,What is the attack pattern associated with ZIPLINE tools?,False,False,False,False,False,False,False,False,EQUIVALENT,The paraphrased question still inquires about the relationship between ZIPLINE tools and a specific type of attack pattern or scenario.
What course of action targets Windows Registers as a countermeasure against the REvil attack pattern?,What attack pattern is effectively countered by the course of action that targets Windows Registers in relation to REvil?,False,False,False,False,False,False,False,False,EQUIVALENT,"The paraphrased question still asks about the same relationship between the course of action, Windows Registers, and the REvil attack pattern."
What methods can be used to counter and minimize the tactics employed by HEXANE?,What options are available to prevent and mitigate the methods used by HEXANE?,True,False,True,False,True,True,True,False,EQUIVALENT,"The paraphrased question preserves the original meaning, entities, and relationship, using synonymous terms like ""prevent"" and ""counter"", and ""mitigate"" and ""minimize""."
What cybersecurity component plays a crucial role in countering the threats of Goopy?,What key component of cybersecurity helps to prevent and mitigate the attacks of Goopy?,False,False,True,False,False,False,True,True,EQUIVALENT,"The paraphrased question still asks about the same entity (cybersecurity component) and its relationship to the same threat (Goopy), with only a superficial rewording of the question."
What attack pattern is typically associated with the tool known as the Kessel?,What is the attack pattern utilized by the tool associated with the Kessel?,True,True,True,True,True,False,True,False,EQUIVALENT,"The paraphrased question still asks about the attack pattern associated with the same entity, the Kessel, without changing the relationship or scope."
"What is the core target of an attack pattern that is characterized by the use of PowerShell scripts, a hallmark of the Disco method?","What asset is at the center of the attack pattern that utilizes PowerShell scripts, a distinguishing feature of the Disco?",False,False,False,False,True,False,True,False,EQUIVALENT,"The paraphrased question preserves the original meaning, entities, and relationship, with only superficial rewording changes."
What characteristic attack pattern is associated with the tool utilized by Anubis?,What attack pattern is characteristic of the tool used by the Anubis?,True,True,True,True,True,True,True,True,EQUIVALENT,"The paraphrased question preserves the original meaning, entities, and relationship, with only superficial rewording changes."
"Which asset is most susceptible to an attack that typically involves the utilization of PowerShell scripts, a hallmark of the PowGoop?","What asset is most vulnerable to the attack pattern that utilizes PowerShell scripts, which is characteristic of the PowGoop?",False,False,False,False,True,False,True,False,EQUIVALENT,"The paraphrased question preserves the original meaning, entities, and relationship, with only superficial rewording changes."
What countermeasures can be implemented to mitigate the impact of Dtrack on a computer network?,What countermeasure can be taken to minimize the effects of Dtrack on a computer network?,True,True,True,True,False,True,True,True,EQUIVALENT,"The paraphrased question preserves the original meaning, entities, and relationship, with only a minor rewording from ""minimize the effects"" to ""mitigate the impact"" and from ""countermeasure"" to ""countermeasures""."
What type of attack pattern does the Matryoshka tool utilize to compromise systems?,What type of attack pattern is used by the Matryoshka's tool to compromise systems?,True,False,False,True,True,True,True,False,EQUIVALENT,"The paraphrased question preserves the original meaning, entities, and relationship, with only a minor rewording of ""used by"" to ""utilize""."
What malicious actions does the Skeleton Key tool perform?,How does the Skeleton Key tool carry out its malicious operations?,True,False,True,True,False,False,True,False,EQUIVALENT,"The paraphrased question still inquires about the malicious operations of the Skeleton Key tool, preserving the original entity and relationship."
What method is used to effectively counteract the NOKKI threat?,What crucial tactic is employed to counter the threat posed by NOKKI?,True,False,False,False,True,True,True,True,EQUIVALENT,"The paraphrased question still asks about the same entity (NOKKI) and the same relationship (countering its threat), with only a superficial rewording of the terms ""tactic"" to ""method"" and ""counter"" to ""counteract""."
What asset is being targeted by the attack pattern utilizing PowerShell scripts associated with DEADEYE?,Which asset is the target of the attack pattern that employs PowerShell scripts used by the DEADEYE?,False,False,False,False,True,False,True,True,EQUIVALENT,"The paraphrased question preserves the original meaning, entities, and relationship, with only superficial rewording."
What asset is most susceptible to the Penquin's signature PowerShell script-based attack pattern?,"What asset is most vulnerable to the attack pattern that utilizes PowerShell scripts, which is characteristic of the Penquin?",False,False,False,False,False,False,False,True,EQUIVALENT,"The paraphrased question preserves the original meaning, entities, and relationship, with only superficial rewording changes."
What tool does the INSOMNIA attack pattern leverage for its execution?,What is the attack pattern that the INSOMNIA utilizes through its associated tool?,False,False,False,False,False,False,False,False,EQUIVALENT,"The paraphrased question still inquires about the relationship between the INSOMNIA and its associated tool, with the entity and relationship remaining the same."
What malware spread mechanism is intrinsic to the ZergHelper tool?,Which attack pattern is inherent in the tool that the ZergHelper uses to spread?,True,False,False,True,True,False,False,False,EQUIVALENT,"The paraphrased question still asks about the same entity (ZergHelper tool) and relationship (inherent spread mechanism), with only a change in wording from ""attack pattern"" to ""malware spread mechanism""."
What is the primary target of the LockerGoga attack pattern that incorporates PowerShell scripts as a crucial element?,"What asset is the primary target of the attack pattern that employs PowerShell scripts, a key component of the LockerGoga ?",False,False,False,False,True,False,False,False,EQUIVALENT,"The paraphrased question preserves the original meaning, entities, and relationship, with only superficial rewording changes."
What countermeasure does one employ to mitigate the menace presented by Gelsemium?,What crucial tactic is employed to counter the threat posed by Gelsemium?,False,True,True,True,True,False,False,True,EQUIVALENT,"The paraphrased question preserves the original's meaning, entities, and relationship, using synonymous terms like ""countermeasure"" for ""tactic"", ""mitigate"" for ""counter"", and ""menace"" for ""threat""."
What course of action that involves Windows Registers specifically targets an attack pattern related to SHUTTERSPEED?,"What attack pattern is mitigated by the course of action that operates on Windows Registers, and is specifically related to SHUTTERSPEED?",False,False,False,False,False,False,False,False,EQUIVALENT,The paraphrased question still asks about the same relationship between a course of action involving Windows Registers and an attack pattern related to SHUTTERSPEED.
What attack pattern is utilized by the BlackMould tool?,Which attack pattern does the BlackMould's tool rely on?,True,False,True,True,True,False,True,False,EQUIVALENT,"The paraphrased question still asks about the same entity (BlackMould's tool) and the same relationship (relying on an attack pattern), with only superficial rewording."
What asset is being targeted by the attack pattern that utilizes PowerShell scripts associated with the TianySpy?,Which asset is the target of the attack pattern that employs PowerShell scripts used by the TianySpy?,False,False,False,False,True,False,True,False,EQUIVALENT,"The paraphrased question preserves the original meaning, entities, and relationship, with only minor wording changes."
What method is most effective in mitigating the effects of Exaramel for Windows on a system?,Which key approach helps to neutralize the impact of Exaramel for Windows on a system?,False,False,True,False,True,True,True,True,EQUIVALENT,"The paraphrased question preserves the original meaning, asking about the same entity (Exaramel for Windows) and relationship (mitigating its impact on a system), with only a superficial rewording of ""neutralize"" to ""mitigating"" and ""key approach"" to ""method""."
Can a focus on Communication Authenticity be regarded as an effective approach to countering worm attacks?,Can Communication Authenticity be considered a successful strategy for combating worm?,True,True,True,True,True,True,True,True,EQUIVALENT,"The paraphrased question preserves the original meaning, entities, and relationship, with only superficial rewording and synonymous term replacements."
What measures should be taken to prevent the malicious software BADFLICK from being installed on a system?,What crucial step can be taken to prevent the installation of BADFLICK on a system?,False,False,True,False,True,True,True,False,EQUIVALENT,"The paraphrased question still asks about preventing the installation of the same entity, BADFLICK, on a system, with no change in scope or relationship."
What are the key tactics and implications associated with the malware attack patterns utilized by the group behind the FIN7 campaigns targeting American entities?,"Which attack pattern is employed by the malware used in American campaigns attributed to FIN7, and what are its implications?",False,False,False,False,False,False,False,False,EQUIVALENT,The paraphrased question still inquires about the same malware attack patterns and their implications associated with FIN7's American campaigns.
What measures should be taken to stop the proliferation of the Ferocious?,What strategy should be implemented to prevent the spread of Ferocious?,False,False,True,False,False,False,True,False,EQUIVALENT,"The paraphrased question preserves the original meaning, entities, and relationship, using synonymous terms ""strategy"" and ""measures"", and ""prevent the spread"" and ""stop the proliferation""."
"What is the principal asset being targeted by the attack pattern that utilizes PowerShell scripts, a critical component of yty?","What asset is the primary target of the attack pattern that employs PowerShell scripts, a key component of the yty?",False,False,False,False,True,False,True,False,EQUIVALENT,"The paraphrased question preserves the original meaning, entities, and relationship, with only superficial rewording changes, such as ""primary"" to ""principal"" and ""key"" to ""critical""."
What malicious activities does the Samurai tool execute?,How does the Samurai tool carry out its malicious operations?,True,False,False,True,True,False,True,False,EQUIVALENT,"The paraphrased question still inquires about the malicious operations of the Samurai tool, preserving the original entity and relationship."
What SHOTPUT-related threats can a defense strategy most effectively counteract?,What defensive strategy is most effective in mitigating the risks associated with SHOTPUT?,True,True,True,False,False,False,True,False,NOT_EQUIVALENT,"The paraphrased question asks about threats, whereas the original question asks about risks, potentially broadening the scope to include non-risk related threats."
What countermeasures are available to thwart and minimize the tactics employed by FIN13?,What options are available to prevent and mitigate the methods used by FIN13?,True,True,True,True,True,True,True,False,EQUIVALENT,"The paraphrased question preserves the original meaning, entities (FIN13), and relationship (preventing/mitigating methods), with only superficial rewording of terms like ""options"" to ""countermeasures"" and ""prevent and mitigate"" to ""thwart and minimize""."
What cybersecurity components play a crucial role in countering and minimizing the risks associated with Prestige attacks?,What key component of cybersecurity helps to prevent and mitigate the attacks of Prestige?,False,True,True,True,False,False,False,False,EQUIVALENT,"The paraphrased question still asks about the key component(s) of cybersecurity that help counter Prestige attacks, preserving the original meaning and entities."
What course of action involving Windows Registers can potentially prevent an attack pattern associated with the Sunburst incident?,"What type of attack pattern can be prevented by the course of action that involves operating on Windows Registers, specifically in relation to Sunburst?",False,False,False,False,False,False,False,False,EQUIVALENT,The paraphrased question still inquires about the same relationship between a course of action involving Windows Registers and preventing an attack pattern related to Sunburst.
What kind of attack method does the HotCroissant tool employ to infiltrate and compromise systems?,What type of attack pattern is used by the HotCroissant's tool to compromise systems?,True,False,True,True,False,False,True,False,EQUIVALENT,"The paraphrased question preserves the original meaning, entities, and relationship, with only superficial rewording of ""attack pattern"" to ""attack method"" and ""compromise"" to ""infiltrate and compromise""."
How does taking action on Windows Registers contribute to preventing the spread of Remexi and its linked attack pattern?,In what way can the course of action that involves operating on Windows Registers help to prevent the spread of Remexi and its associated attack pattern?,False,False,False,False,False,False,False,False,EQUIVALENT,"The paraphrased question preserves the original meaning, entities (Windows Registers, Remexi, and its attack pattern), and relationship (preventing the spread), with only superficial rewording."
What countermeasure is primarily used to mitigate the malicious impact of Backdoor.Oldrea?,What crucial tactic is employed to counter the threat posed by Backdoor.Oldrea?,True,True,True,True,True,False,True,True,EQUIVALENT,"The paraphrased question still asks about the primary method used to counter the threat of Backdoor.Oldrea, preserving the original entity and relationship."
What systems are typically compromised by PJApps through its primary attack pattern?,What is the primary attack pattern used by PJApps to compromise systems?,False,False,False,False,False,False,False,False,NOT_EQUIVALENT,"The original question asks for the attack pattern, while the paraphrased question asks for the systems compromised, reversing the relationship being asked about."
What course of action related to operating on Windows Registers is known to prevent the Hydraq attack pattern?,"What type of attack pattern can be prevented by the course of action that involves operating on Windows Registers, specifically in relation to Hydraq?",False,False,False,False,False,False,False,False,EQUIVALENT,The paraphrased question still inquires about the same relationship between operating on Windows Registers and preventing the Hydraq attack pattern.
What types of devices or systems are commonly linked to spyware tactics?,What are the primary platforms associated with spyware techniques?,False,True,False,False,False,True,False,False,EQUIVALENT,"The paraphrased question still inquires about the primary platforms or systems associated with spyware, using synonymous terms."
What impact does the presence of a modular backdoor have on the overall strategic objectives of a Strider campaign?,What are the implications of a modular backdoor's actions on the overall strategy of a Strider campaign,True,False,True,False,False,False,False,False,EQUIVALENT,"The paraphrased question still inquires about the effect of a modular backdoor on the overall strategy of a Strider campaign, preserving the original entities and relationship."
What security precautions should be taken to counteract the potential threats from Moafee?,What are the essential security measures to take against the threats posed by Moafee?,False,False,True,False,False,False,True,False,EQUIVALENT,"The paraphrased question still asks about the necessary security measures against the threats posed by Moafee, preserving the original meaning and entities."
Does the Deploy Compromised Device Detection Method offer a dependable means of eliminating a worm?,Is Deploy Compromised Device Detection Method a reliable solution for eliminating worm?,True,True,True,True,True,True,True,True,EQUIVALENT,"The paraphrased question preserves the original meaning, entities, and relationship, with only minor wording changes."
"What type of asset is most commonly targeted by the cyber threat associated with the Regin malware, particularly in attacks that utilize PowerShell scripts?","What asset is frequently compromised by the attack pattern that involves PowerShell scripts, a hallmark of the Regin?",False,True,False,False,False,False,False,False,EQUIVALENT,The paraphrased question still asks about the same asset compromised by the same attack pattern involving PowerShell scripts associated with the Regin malware.
What methods can be employed to detect and neutralize the malicious actions taken by malware utilized by the perpetrators of Operation Dust Storm?,What approaches can be used to identify and mitigate the malicious behaviors of the malware exploited by the group behind Operation Dust Storm?,True,False,False,True,True,True,True,True,EQUIVALENT,"The paraphrased question preserves the original meaning, entities, and relationship, using synonymous terms such as ""approaches"" vs ""methods"", ""mitigate"" vs ""neutralize"", and ""malicious behaviors"" vs ""malicious actions""."
What asset tends to be targeted by the Escobar's use of PowerShell scripts as part of its attack pattern?,"What asset is typically compromised by the attack pattern involving PowerShell scripts, which is used by the Escobar?",False,False,False,False,True,True,True,False,EQUIVALENT,The paraphrased question still asks about the same asset compromised by the same attack pattern involving PowerShell scripts used by the Escobar.
What measures have been implemented on Windows Registers to stop the proliferation of ANDROIDOS_ANSERVER.A?,What course of action on Windows Registers is designed to prevent the spread of ANDROIDOS_ANSERVER.A?,False,False,False,False,False,False,False,False,EQUIVALENT,"The paraphrased question preserves the original meaning, entities, and relationship, using synonymous terms ""course of action"" and ""measures implemented"" and ""prevent the spread"" and ""stop the proliferation""."
What action is taken on Windows Registers to stop the propagation of BlackEnergy?,What course of action on Windows Registers is designed to prevent the spread of BlackEnergy?,False,False,False,False,False,False,False,False,EQUIVALENT,"The paraphrased question preserves the original meaning, entities (Windows Registers, BlackEnergy), and relationship (preventing spread/propagation), with only superficial rewording."
What type of malicious attack can be prevented by a course of action that targets Windows Registers and has a connection to Yahoyah?,"What type of malicious attack can be thwarted by the course of action that involves operating on Windows Registers, and is related to Yahoyah?",False,False,False,False,False,False,False,False,EQUIVALENT,"The paraphrased question preserves the original meaning, entities, and relationship, with only minor wording changes."
What method of attack does the Linux Rabbit's tool employ to compromise systems?,What type of attack pattern is used by the Linux Rabbit's tool to compromise systems?,True,False,True,True,True,True,True,True,EQUIVALENT,"The paraphrased question still asks about the same entity (Linux Rabbit's tool) and the same relationship (method of attack used to compromise systems), with only a superficial rewording of ""type of attack pattern"" to ""method of attack""."
What countermeasures should be taken to prevent the propagation of PUNCHBUGGY?,What strategy should be implemented to prevent the spread of PUNCHBUGGY?,False,False,False,False,False,False,True,False,EQUIVALENT,"The paraphrased question preserves the original meaning, entities, and relationship, using synonymous terms ""countermeasures"" and ""propagation"" instead of ""strategy"" and ""spread""."
What asset is typically targeted by an attack pattern that utilizes PowerShell scripts in conjunction with Hornbill?,Which asset is the target of the attack pattern that employs PowerShell scripts used by the Hornbill?,False,False,False,False,True,True,True,True,EQUIVALENT,"The paraphrased question preserves the original meaning, entities, and relationship, with only minor rewording that does not alter the scope or constraints of the query."
What countermeasure is Saint Bot's threat most effectively countered by?,What crucial tactic is employed to counter the threat posed by Saint Bot?,False,True,True,True,True,True,True,True,EQUIVALENT,The paraphrased question still asks about the same entity (Saint Bot) and the same relationship (the tactic/countermeasure to counter its threat).
"What course of action, which targets Windows Registers in relation to Bazar, is most effective in countering a specific attack pattern?",What attack pattern is effectively countered by the course of action that targets Windows Registers in relation to Bazar?,False,False,False,False,False,False,False,False,EQUIVALENT,"The paraphrased question still asks about the same relationship between a course of action targeting Windows Registers and Bazar, in the context of countering an attack pattern."
What malicious techniques does MacSpy employ to execute its illicit operations?,What kind of attack pattern does the MacSpy use to carry out its malicious activities?,False,False,False,False,False,False,False,False,EQUIVALENT,"The paraphrased question still asks about the methods used by MacSpy for its malicious activities, preserving the original entities and relationship."
What malicious activities does the Denis tool conduct via its adopted attack pattern?,What attack pattern does the Denis tool use to carry out its malicious activities?,False,False,False,True,True,True,True,False,NOT_EQUIVALENT,"The original question asks for the attack pattern, while the paraphrased question asks for the malicious activities, effectively swapping the focus of the inquiry."
What attack pattern is characteristic of the tool linked to Adups?,What is the attack pattern utilized by the tool associated with the Adups?,True,True,True,True,True,True,True,False,EQUIVALENT,"The paraphrased question preserves the original meaning, entities, and relationship, with only a superficial rewording of ""utilized"" to ""characteristic of"" and ""associated with"" to ""linked to""."
What attack pattern does IceApple typically utilize?,What type of attack pattern does the IceApple employ?,False,False,False,False,False,False,False,False,EQUIVALENT,"The paraphrased question still asks about the same entity (IceApple) and the same relationship (the type of attack pattern it employs), with only a minor rewording of the question."
How does the behavior of a modular backdoor contribute to the overall success of a DarkVishnya operation?,What is the impact of a modular backdoor's behavior on the overall success of a DarkVishnya campaign?,False,False,False,False,False,False,False,False,EQUIVALENT,"The paraphrased question preserves the original meaning, entities, and relationship, with only a minor rewording from ""campaign"" to ""operation""."
What method is most effective in mitigating the effects of Clambling on a system?,Which key approach helps to neutralize the impact of Clambling on a system?,False,False,False,False,True,False,True,True,EQUIVALENT,"The paraphrased question preserves the original meaning, asking about the same entity (Clambling) and relationship (mitigating its impact) with only superficial rewording."
What attack pattern is typically associated with malware tools such as Bankshot?,What kind of attack pattern is characteristic of malware tools like Bankshot?,False,True,False,True,False,True,True,True,EQUIVALENT,"The paraphrased question preserves the original meaning, entities, and relationship, with only minor wording changes."
How can preventing the execution of malicious activities related to Windows Registers hinder the propagation of the Janicab attack pattern?,In what way can the course of action that involves operating on Windows Registers help to prevent the spread of Janicab and its associated attack pattern?,False,False,False,False,False,False,False,False,EQUIVALENT,"The paraphrased question still inquires about the relationship between Windows Registers and preventing the spread of Janicab, with only a superficial rewording of the original question."
"What is the central asset in the attack pattern characterized by the use of PowerShell scripts, a hallmark of TINYTYPHON?","What asset is at the center of the attack pattern that utilizes PowerShell scripts, a distinguishing feature of the TINYTYPHON?",False,False,False,False,True,False,False,False,EQUIVALENT,"The paraphrased question preserves the original meaning, entities, and relationship, with only superficial rewording."
What is the typical attack pattern employed by SharkBot?,Which attack pattern does SharkBot usually utilize?,False,False,False,False,False,False,False,False,EQUIVALENT,"The paraphrased question still asks about the typical attack pattern used by the same entity, SharkBot."
What level of protection does SIP and Trust Provider Hijacking Mitigation offer against worm-related attacks?,How well does SIP and Trust Provider Hijacking Mitigation protect against worm attacks?,True,True,True,True,True,True,True,True,EQUIVALENT,"The paraphrased question preserves the original meaning, entities, and relationship, with only a minor rewording of ""worm attacks"" to ""worm-related attacks"" that does not change the scope or constraint of the query."
What methods can be used to counteract the effects of APT16's tactics?,What strategies can be employed to mitigate the impact of APT16's methods?,False,False,True,False,True,False,True,False,EQUIVALENT,"The paraphrased question still asks about countering the effects of APT16's methods, using synonyms for the original terms."
What action is taken on Windows Registers to halt the dissemination of Mivast?,What course of action on Windows Registers is designed to prevent the spread of Mivast?,False,False,False,False,False,False,False,False,EQUIVALENT,"The paraphrased question preserves the original meaning, entities (Windows Registers, Mivast), and relationship (preventing spread/halting dissemination), with only superficial rewording."
What tool associated with KeyRaider is used for its attack pattern?,What is the attack pattern that the KeyRaider utilizes through its associated tool?,True,False,False,False,False,False,False,False,EQUIVALENT,"The paraphrased question still inquires about the same entity (KeyRaider) and relationship (attack pattern and associated tool), with only a superficial rewording of the syntax."
"What PowerShell scripts are commonly associated with, and what asset is at the center of the attack pattern that utilizes the AutoIt backdoor?","What asset is at the center of the attack pattern that utilizes PowerShell scripts, a distinguishing feature of the AutoIt backdoor?",False,False,False,False,False,False,False,False,NOT_EQUIVALENT,"The paraphrased question introduces ambiguity by implying multiple PowerShell scripts and assets, altering the original question's focus on a single asset."
What measures should be put in place to prevent the proliferation of PyDCrypt?,What strategy should be implemented to prevent the spread of PyDCrypt?,False,True,True,True,True,False,True,False,EQUIVALENT,"The paraphrased question preserves the original meaning, entities, and relationship, with only a superficial rewording of ""strategy"" to ""measures"" and ""spread"" to ""proliferation""."
What specific countermeasure implemented on Windows Registers aims at halting the dissemination of OnionDuke?,What course of action on Windows Registers is designed to prevent the spread of OnionDuke?,False,False,False,False,False,False,False,False,EQUIVALENT,"The paraphrased question preserves the original meaning, entities (Windows Registers, OnionDuke), and relationship (preventing the spread), with only superficial rewording."
"What type of asset is most susceptible to exploitation through the XcodeGhost attack pattern, which typically involves PowerShell scripts?","What asset is most vulnerable to the attack pattern that utilizes PowerShell scripts, which is characteristic of the XcodeGhost?",False,True,False,False,True,False,True,False,EQUIVALENT,"The paraphrased question preserves the original meaning, entities, and relationship, with only superficial rewording changes."
Does the implementation of Active Directory Configuration serve as an effective tactic in countering the spread of worms?,Can Active Directory Configuration be considered a successful strategy for combating worm?,True,True,True,True,True,True,True,True,EQUIVALENT,"The paraphrased question still inquires about the effectiveness of Active Directory Configuration in combating worms, with only superficial rewording."
What measures can be implemented to mitigate the impact of Reaver on a computer network?,What countermeasure can be taken to minimize the effects of Reaver on a computer network?,False,True,True,True,False,True,True,True,EQUIVALENT,"The paraphrased question preserves the original meaning, entities, and relationship, using synonyms ""countermeasure"" and ""mitigate"" to convey the same idea."
What type of attack pattern is employed by Bisonal?,What type of attack pattern does the Bisonal employ?,False,False,False,False,False,False,False,False,EQUIVALENT,"The paraphrased question still asks about the same entity, Bisonal, and the same relationship, the type of attack pattern it employs, with only a superficial rewording of the sentence structure."
On which types of systems do worms most commonly establish an infection?,What are the primary platforms that worms usually infect?,False,True,True,True,True,True,True,True,EQUIVALENT,"The paraphrased question still asks about the primary platforms or systems that worms typically infect, preserving the original meaning and entities."
What course of action targets Windows Registers and is intended to mitigate the attack pattern associated with the presence of MURKYTOP?,"What attack pattern is mitigated by the course of action that targets Windows Registers, and is associated with the presence of MURKYTOP?",False,False,False,False,False,False,False,False,EQUIVALENT,"The paraphrased question still asks about the same course of action, target, and association with MURKYTOP, only reversing the order of presentation."
Which asset is most vulnerable to exploitation by the attack pattern that involves the use of PowerShell scripts within the context of KGH_SPY?,What asset is primarily affected by the attack pattern that utilizes PowerShell scripts as part of the KGH_SPY?,False,False,False,False,True,True,False,False,EQUIVALENT,"The paraphrased question preserves the original meaning, entities, and relationship, with only a superficial rewording of ""primarily affected"" to ""most vulnerable to exploitation""."
What primary attack pattern is typically linked to the tool utilized by StrongPity?,What is the primary attack pattern associated with the tool employed by the StrongPity?,True,True,True,True,True,True,True,False,EQUIVALENT,"The paraphrased question preserves the original meaning, entities, and relationship, with only superficial rewording changes."
Which asset is most vulnerable to the malicious activity involving PowerShell scripts as part of the Starloader?,What asset is primarily affected by the attack pattern that utilizes PowerShell scripts as part of the Starloader?,False,True,False,False,True,False,False,False,EQUIVALENT,The paraphrased question still asks about the same asset affected by the same attack pattern involving PowerShell scripts and the Starloader.
What kind of attack pattern does CoinTicker typically employ?,Which attack pattern does CoinTicker usually utilize?,False,False,False,False,False,False,False,False,EQUIVALENT,"The paraphrased question preserves the same entity (CoinTicker) and relationship (utilization/employment of an attack pattern), with only a superficial rewording of the question."
What strategy for countering threats is most effective in reducing the risks associated with More_eggs?,What defensive strategy is most effective in mitigating the risks associated with More_eggs?,True,False,True,True,True,True,True,True,EQUIVALENT,"The paraphrased question preserves the original meaning, entities, and relationship, with ""defensive strategy"" and ""strategy for countering threats"" being semantically equivalent."
What course of action effectively counters the HALFBAKED attack pattern by targeting Windows Registers?,What attack pattern is effectively countered by the course of action that targets Windows Registers in relation to HALFBAKED?,False,False,False,False,False,False,False,False,EQUIVALENT,"The paraphrased question still asks about the same relationship between the course of action, Windows Registers, and the HALFBAKED attack pattern."
What action on Windows Registers can be taken to counteract the MechaFlounder attack pattern?,How can the course of action that involves operating on Windows Registers help to prevent the attack pattern associated with MechaFlounder?,False,False,False,False,False,False,False,False,EQUIVALENT,The paraphrased question still inquires about the same action on Windows Registers in relation to preventing or counteracting the MechaFlounder attack pattern.
What Windows Register targeting course of action is associated with the presence of SUGARDUMP and aims to counteract a specific attack pattern?,"What attack pattern is mitigated by the course of action that targets Windows Registers, and is associated with the presence of SUGARDUMP?",False,False,False,False,False,False,False,False,EQUIVALENT,"The paraphrased question still asks about the same attack pattern, course of action targeting Windows Registers, and its association with SUGARDUMP, with only a superficial rewording of the syntax."
What malicious activities does the SDBbot tool execute through its operations?,How does the SDBbot tool carry out its malicious operations?,True,False,True,False,True,False,True,False,EQUIVALENT,"The paraphrased question still inquires about the malicious operations of the SDBbot tool, preserving the original entity and relationship."
What measure should be implemented to avert the installation of macOS.OSAMiner on a system?,What crucial step can be taken to prevent the installation of macOS.OSAMiner on a system?,False,False,False,False,False,False,True,True,EQUIVALENT,"The paraphrased question preserves the original meaning, entities, and relationship, with only a superficial rewording from ""crucial step"" to ""measure"" and ""prevent"" to ""avert""."
What is the central attack pattern that a course of action centered around altering Windows Registers is primarily intended to counteract in the context of SLOWDRIFT?,Which attack pattern is the primary target of the course of action that involves modifying Windows Registers in the context of SLOWDRIFT?,False,False,False,False,False,False,False,False,EQUIVALENT,The paraphrased question still asks about the primary target attack pattern of the course of action involving modifying Windows Registers in the context of SLOWDRIFT.
"What malware, identified as C0015, is associated with which tools?",Which tools have been associated with the Bot malware employed in the C0015?,False,False,False,False,False,False,False,False,NOT_EQUIVALENT,"The original question asks for tools associated with the malware, while the paraphrased question asks for malware associated with tools, reversing the relationship being asked about."
"What type of asset is typically targeted by the Bumblebee for compromise, frequently utilizing PowerShell scripts as part of its attack methodology?","What type of asset is the Bumblebee typically designed to compromise, often employing PowerShell scripts in its attack?",False,False,True,False,True,False,True,False,EQUIVALENT,"The paraphrased question preserves the original meaning, entities, and relationship, with only minor rewording of the sentence structure and wording."
What types of malware attacks is Exaramel usually associated with?,What type of attack does Exaramel typically employ to infect systems?,False,False,False,False,False,False,False,False,NOT_EQUIVALENT,"The original question asks about the type of attack Exaramel employs, while the paraphrased question asks about the types of malware attacks it is associated with, broadening the scope."
What level of protection does Data from Information Repositories Mitigation offer against worm-based cyber threats?,How well does Data from Information Repositories Mitigation protect against worm attacks?,True,True,True,False,True,True,True,True,EQUIVALENT,"The paraphrased question still inquires about the protection level of Data from Information Repositories Mitigation against worm attacks, with ""worm-based cyber threats"" being a synonymous rewording of ""worm attacks""."
What pattern of attack is typically associated with the tool employed by DarkGate?,What attack pattern is characteristic of the tool used by the DarkGate?,True,True,True,True,True,True,True,False,EQUIVALENT,"The paraphrased question preserves the original meaning, entities, and relationship, with only superficial rewording."
What tool is associated with the characteristic attack pattern of MacMa?,What attack pattern is characteristic of the tool used by the MacMa?,True,False,False,False,False,False,True,False,NOT_EQUIVALENT,"The original question asks for the attack pattern, while the paraphrased question asks for the tool, reversing the relationship between the entities."
"What asset is most susceptible to the EvilBunny attack pattern, which is often associated with PowerShell scripts?","What asset is most vulnerable to the attack pattern that utilizes PowerShell scripts, which is characteristic of the EvilBunny?",False,False,False,False,False,False,False,False,EQUIVALENT,"The paraphrased question preserves the same entity (EvilBunny) and relationship (vulnerability to an attack pattern utilizing PowerShell scripts), with only superficial rewording."
What attack pattern is Waterbear's tool primarily based on?,Which attack pattern does the Waterbear's tool rely on?,True,True,True,True,True,True,True,False,EQUIVALENT,The paraphrased question still asks about the same entity (Waterbear's tool) and the same relationship (relying on or being based on an attack pattern).
Can the AppCert DLLs Mitigation successfully counteract the worm threat?,Does AppCert DLLs Mitigation effectively neutralize the worm threat?,True,True,True,True,True,True,True,True,EQUIVALENT,"The paraphrased question preserves the original meaning, entities, and relationship, with only a superficial rewording of ""neutralize"" to ""counteract""."
What attack pattern is characteristic of the malware known as ViperRAT?,What type of attack pattern is employed by the tool that ViperRAT utilizes?,False,False,False,False,False,False,False,False,NOT_EQUIVALENT,"The original question asks about the tool utilized by ViperRAT, while the paraphrased question asks about ViperRAT itself."
What types of attack patterns are typically employed by HALFBAKED to spread and infect computer systems?,What kind of attack pattern is commonly used by HALFBAKED to spread and infect systems?,False,False,False,False,False,False,False,False,EQUIVALENT,"The paraphrased question preserves the original meaning, entities, and relationship, with only minor wording changes that do not alter the scope or constraints of the query."
What is the primary asset targeted by the attack pattern that utilizes PowerShell scripts as a core component of the Crimson?,"What asset is the primary target of the attack pattern that employs PowerShell scripts, a key component of the Crimson?",False,False,False,False,True,False,True,False,EQUIVALENT,"The paraphrased question preserves the original meaning, entities, and relationship, with only minor rewording changes."
What course of action related to GPlayed operates on Windows Registers to mitigate a particular attack pattern?,"What attack pattern is mitigated by the course of action that operates on Windows Registers, and is specifically related to GPlayed?",False,False,False,False,False,False,False,False,EQUIVALENT,"The paraphrased question still asks about the same relationship between a course of action, Windows Registers, and GPlayed, with the only change being the order of the elements in the query."
What defensive measures can be employed to counteract the potential threats posed by Mongall?,What defensive strategy is most effective in mitigating the risks associated with Mongall?,False,False,True,True,True,True,True,True,EQUIVALENT,"The paraphrased question still asks about defensive approaches to address risks associated with Mongall, preserving the original meaning and entities."
What malicious activities are carried out by the ShiftyBug through its characteristic attack pattern?,What kind of attack pattern does the ShiftyBug use to carry out its malicious activities?,False,False,False,False,False,False,False,False,EQUIVALENT,"The paraphrased question still asks about the same entity (ShiftyBug) and its attack pattern, with only a superficial rewording of the sentence structure."
What attack pattern is characteristic of the DoubleAgent?,What type of attack pattern does the DoubleAgent employ?,False,False,False,False,False,False,False,False,EQUIVALENT,"The paraphrased question still asks about the same entity (DoubleAgent) and the same relationship (type/characteristic of attack pattern), with only a superficial rewording."
What kind of attack pattern does the Attor tool utilize to infiltrate and compromise systems?,What type of attack pattern is used by the Attor's tool to compromise systems?,False,False,False,True,True,False,True,False,EQUIVALENT,"The paraphrased question preserves the original meaning, entities, and relationship, with only superficial rewording changes."
What attack pattern is typically employed by the Android/Chuli.A malware to breach system security?,What type of attack pattern is used by the Android/Chuli.A's tool to compromise systems?,False,False,False,False,False,False,False,False,EQUIVALENT,"The paraphrased question still refers to the same entity (Android/Chuli.A) and relationship (compromising systems), with only minor wording changes."
What steps can be taken to mitigate the impact of AuditCred on a computer network?,What countermeasure can be taken to minimize the effects of AuditCred on a computer network?,False,True,True,True,False,True,True,False,EQUIVALENT,"The paraphrased question preserves the original meaning, entities, and relationship, with ""countermeasure"" and ""steps"" being synonymous in this context, and ""minimize the effects"" and ""mitigate the impact"" conveying the same intent."
What type of malicious attack vector is typically employed by KONNI to disseminate and compromise computer systems?,What kind of attack pattern is commonly used by KONNI to spread and infect systems?,False,False,False,False,False,False,False,False,EQUIVALENT,"The paraphrased question preserves the original meaning, entities (KONNI and systems), and relationship (spreading and infecting), with only superficial rewording."
What impact do the behaviors of a modular backdoor have on the advancement of a SilverTerrier campaign?,How do the behaviors of a modular backdoor influence the progression of a SilverTerrier campaign?,False,False,True,False,False,False,True,False,EQUIVALENT,"The paraphrased question preserves the original meaning, entities, and relationship, with only a minor rewording of ""influence"" to ""impact"" and ""progression"" to ""advancement""."
What measures should be implemented to prevent the SLOWDRIFT malware from being installed on a system?,What crucial step can be taken to prevent the installation of SLOWDRIFT on a system?,False,False,False,False,False,False,True,False,EQUIVALENT,"The paraphrased question still asks about preventing the installation of SLOWDRIFT, with only a minor rewording from ""crucial step"" to ""measures"" and adding the descriptor ""malware""."
"What type of asset is typically targeted by attackers employing the Duqu malware, which is often linked to PowerShell script exploitation?","What asset is frequently compromised by the attack pattern that involves PowerShell scripts, a hallmark of the Duqu?",False,False,False,False,False,False,False,False,EQUIVALENT,"The paraphrased question still asks about the same asset compromised by the same attack pattern associated with the Duqu, with only superficial rewording."
What is the predominant attack vector linked to the tool utilized by Cadelspy?,What is the primary attack pattern associated with the tool employed by the Cadelspy?,True,True,True,True,True,True,True,False,EQUIVALENT,"The paraphrased question preserves the original meaning, entities, and relationship, with ""primary attack pattern"" and ""predominant attack vector"" being semantically equivalent in this context."
"What type of asset is commonly targeted by the SNUGRIDE, frequently leveraging PowerShell scripts as part of its attack strategy?","What type of asset is the SNUGRIDE typically designed to compromise, often employing PowerShell scripts in its attack?",False,False,False,False,True,False,False,False,EQUIVALENT,"The paraphrased question preserves the original meaning, entities, and relationship, with only minor rewording of the attack method from ""compromise"" to ""targeted"" and ""employing"" to ""leveraging""."
What HOPLIGHT tool is primarily associated with a specific attack pattern?,What is the primary attack pattern associated with the tool employed by the HOPLIGHT?,True,False,False,False,True,False,True,False,EQUIVALENT,"The paraphrased question still inquires about the primary attack pattern associated with the HOPLIGHT tool, with only a superficial rewording of the original question."
What malicious functions does the Starloader execute through its attack pattern?,What attack pattern does the Starloader use to execute its malicious functions?,False,False,False,False,False,False,False,False,NOT_EQUIVALENT,"The original question asks for the attack pattern, while the paraphrased question asks for the malicious functions, reversing the relationship between the entities being asked about."
What kind of asset is typically targeted by the Bad Rabbit attack pattern that often incorporates PowerShell scripts as a key component?,What asset is usually targeted by the attack pattern that utilizes PowerShell scripts as a tool of the Bad Rabbit?,False,False,False,False,True,False,True,False,EQUIVALENT,"The paraphrased question preserves the original meaning, entities, and relationship, with only superficial rewording changes."
What steps can be taken to mitigate the impact of Cobian RAT on a computer network?,What countermeasure can be taken to minimize the effects of Cobian RAT on a computer network?,False,True,True,True,False,True,True,False,EQUIVALENT,"The paraphrased question preserves the original meaning, entities, and relationship, using synonymous terms ""countermeasure"" and ""steps"" as well as ""minimize the effects"" and ""mitigate the impact""."
What countermeasures should be implemented to prevent successful ViperRAT exploitation?,What proactive measure can be taken to protect against ViperRAT attacks?,False,True,False,True,True,False,True,False,EQUIVALENT,"The paraphrased question still asks about protective actions against ViperRAT attacks, with ""proactive measure"" and ""countermeasures"" being semantically equivalent in this context."
What is the primary target of the attack pattern that utilizes PowerShell scripts as a critical element of the NetTraveler?,"What asset is the primary target of the attack pattern that employs PowerShell scripts, a key component of the NetTraveler?",False,False,False,False,True,False,False,False,EQUIVALENT,"The paraphrased question preserves the original meaning, entities, and relationship, with only minor wording changes."
What attack pattern is employed by the Taidoor?,What type of attack pattern does the Taidoor employ?,False,False,False,False,False,False,False,False,EQUIVALENT,"The paraphrased question still asks about the same entity (Taidoor) and the same relationship (employing an attack pattern), with only a superficial rewording of the sentence structure."
What measures on the Windows Registry are intended to contain the proliferation of Trojan.Mebromi?,What course of action on Windows Registers is designed to prevent the spread of Trojan.Mebromi?,False,False,False,False,False,False,False,False,EQUIVALENT,"The paraphrased question uses synonymous terms, such as ""measures"" for ""course of action"" and ""contain the proliferation"" for ""prevent the spread"", while maintaining the same context and entities."
Can Runtime Data Manipulation Mitigation effectively be used as a countermeasure against worm attacks?,Is Runtime Data Manipulation Mitigation a suitable countermeasure against worm?,True,True,True,True,True,True,True,True,EQUIVALENT,"The paraphrased question preserves the original meaning, entities, and relationship, with only a minor rewording to improve clarity."
What asset is primarily impacted by the use of PowerShell scripts as part of the Dendroid attack pattern?,What asset is primarily affected by the attack pattern that utilizes PowerShell scripts as part of the Dendroid?,False,False,False,False,False,False,False,True,EQUIVALENT,"The paraphrased question preserves the original meaning, entities, and relationship, with only a superficial rewording from ""affected"" to ""impacted"" and a minor rearrangement of the sentence structure."
"What asset is most susceptible to the attack pattern typically associated with PowerShell scripts, a hallmark of the ZxShell?","What asset is most vulnerable to the attack pattern that utilizes PowerShell scripts, which is characteristic of the ZxShell?",False,False,False,False,True,False,False,False,EQUIVALENT,"The paraphrased question preserves the original meaning, entities, and relationship, with only minor wording changes that do not alter the scope or constraints of the query."
What kind of malicious attack can be prevented by taking a course of action that targets Windows Registers and is associated with the Marcher?,"What type of malicious attack can be thwarted by the course of action that involves operating on Windows Registers, and is related to Marcher?",False,False,False,False,False,False,False,False,EQUIVALENT,"The paraphrased question preserves the original meaning, entities, and relationship, with only minor wording changes."
"Which asset is being targeted by the attack pattern that utilizes PowerShell scripts, specifically associated with the Orz?",Which asset is the target of the attack pattern that employs PowerShell scripts used by the Orz?,False,False,False,False,True,False,True,True,EQUIVALENT,"The paraphrased question preserves the original meaning, entities, and relationship, with only minor rewording changes."
"What malware campaign tactics are typically associated with the Frankenstein group, and what attack patterns are commonly used in their American campaigns?","What attack pattern is commonly linked to the malware used in American campaigns attributed to the Frankenstein group, and how does",False,False,False,False,False,False,False,False,NOT_EQUIVALENT,"The original question asks about the attack pattern linked to the malware, while the paraphrased question asks about the tactics and attack patterns used in the campaigns."
What tactic is primarily used to counteract the threat posed by P8RAT?,What crucial tactic is employed to counter the threat posed by P8RAT?,False,True,True,False,True,True,True,True,EQUIVALENT,"The paraphrased question preserves the original meaning, entity (P8RAT), and relationship (countering the threat), with only minor wording changes."
What steps can organizations take to safeguard against Industroyer2 attacks in a proactive manner?,What proactive measure can be taken to protect against Industroyer2 attacks?,True,True,True,True,True,True,True,True,EQUIVALENT,"The paraphrased question preserves the original meaning, entities, and relationship, with only superficial rewording."
What malicious activities does AndroidOS/MalLocker.B conduct through its typical attack pattern?,What kind of attack pattern does the AndroidOS/MalLocker.B use to carry out its malicious activities?,False,False,False,False,False,False,False,False,NOT_EQUIVALENT,"The original question asks about the type of attack pattern used by AndroidOS/MalLocker.B, while the paraphrased question asks about the malicious activities conducted through its attack pattern."
What measures does Service Stop Mitigation implement to counteract worm-related issues?,How does Service Stop Mitigation address the issue of worm?,True,True,True,True,True,True,True,True,EQUIVALENT,"The paraphrased question still inquires about the measures taken by Service Stop Mitigation to address worm-related issues, preserving the original entities and relationship."
"What specific attack tactics are commonly employed by malware tools, particularly build_downer?","What is the typical attack pattern used by malware tools, specifically build_downer?",False,True,False,True,False,False,False,False,EQUIVALENT,"The paraphrased question still inquires about the typical attack methods of the malware tool build_downer, with only a minor rewording of ""pattern"" to ""tactics""."
What Linux Rabbit attack pattern exploits which asset most?,"What asset is most vulnerable to the attack pattern that utilizes PowerShell scripts, which is characteristic of the Linux Rabbit?",False,False,False,False,False,False,False,False,NOT_EQUIVALENT,"The paraphrased question changes the relationship being asked about, from the attack pattern's vulnerability to the asset, to the attack pattern's exploitation of the asset."
What attack method does the Trojan.Karagany malware primarily utilize?,Which attack pattern does the Trojan.Karagany's tool rely on?,False,False,False,False,False,False,False,False,EQUIVALENT,The paraphrased question still asks about the same entity (Trojan.Karagany) and the same relationship (the attack pattern or method it relies on or utilizes).
What is the primary target of the attack pattern that utilizes PowerShell scripts and is associated with Clambling?,"What asset is the main focus of the attack pattern that incorporates PowerShell scripts, used by the Clambling?",False,False,False,False,True,False,True,False,EQUIVALENT,"The paraphrased question preserves the original meaning, entities, and relationship, with only superficial rewording from ""main focus"" to ""primary target""."
What impact do the characteristics of a modular backdoor have on the development of a HEXANE campaign?,How do the behaviors of a modular backdoor influence the progression of a HEXANE campaign?,False,False,True,False,False,False,False,False,EQUIVALENT,"The paraphrased question preserves the original entities (modular backdoor and HEXANE campaign) and relationship (influence on progression/development), with only a superficial rewording of ""behaviors"" to ""characteristics"" and ""progression"" to ""development""."
What steps can be implemented proactively to safeguard against Remexi attacks?,What proactive measure can be taken to protect against Remexi attacks?,True,True,True,True,True,True,True,True,EQUIVALENT,"The paraphrased question preserves the original meaning, entities, and relationship, with only superficial rewording."
How does engaging with Windows Registers impact the containment of the Brave Prince threat and its affiliated malicious tactics?,In what way can the course of action that involves operating on Windows Registers help to prevent the spread of Brave Prince and its associated attack pattern?,False,False,False,False,False,False,False,False,EQUIVALENT,"The paraphrased question preserves the original's meaning, entities (Windows Registers, Brave Prince, and its attack pattern), and relationship (preventing the spread/containment), with only superficial rewording."
What tool is associated with the Shark's characteristic attack pattern?,What attack pattern is characteristic of the tool used by the Shark?,False,False,False,False,False,False,True,False,EQUIVALENT,"The paraphrased question still asks about the same relationship between the Shark and its attack pattern, just with the entities' order swapped."
"What malware operation, designated as C0011, has been associated with which tools?",What tools have been linked to malware exploited by the group that was responsible for the operation C0011?,False,False,False,False,False,False,False,False,NOT_EQUIVALENT,"The original question asks about tools linked to malware, while the paraphrased question asks about a malware operation associated with tools, reversing the relationship between the entities."
"What type of malicious activity can be thwarted through a course of action centered on Windows Registers, particularly in relation to JHUHUGIT?","What type of attack pattern can be prevented by the course of action that involves operating on Windows Registers, specifically in relation to JHUHUGIT?",False,False,False,False,False,False,False,False,EQUIVALENT,"The paraphrased question preserves the original meaning, entities, and relationship, with only superficial rewording from ""attack pattern"" to ""malicious activity"" and ""prevented"" to ""thwarted""."
What methods are commonly used by DDKONG to compromise system security?,What type of attack does DDKONG typically employ to infect systems?,False,False,False,False,False,False,False,False,EQUIVALENT,"The paraphrased question still asks about the methods used by DDKONG to infect or compromise systems, preserving the original meaning and entities."
What measures can be taken by operating on Windows Registers to counteract the attack pattern attributed to LiteDuke?,How can the course of action that involves operating on Windows Registers help to prevent the attack pattern associated with LiteDuke?,False,False,False,False,False,False,False,False,EQUIVALENT,The paraphrased question still inquires about the same action (operating on Windows Registers) to address the same issue (the attack pattern associated with LiteDuke).
What methods can be employed to identify the malicious actions carried out by the malware deployed by the perpetrators behind CostaRicto?,How can we detect the malicious activities of the malware used by the group responsible for CostaRicto?,True,False,False,False,True,True,True,True,EQUIVALENT,"The paraphrased question preserves the original meaning, entities, and relationship, using synonymous terms such as ""detect"" and ""identify"", and ""group"" and ""perpetrators behind""."
What action would you take to stop the BitPaymer attack pattern by modifying Windows Registers?,How can the course of action that involves operating on Windows Registers help to prevent the attack pattern associated with BitPaymer?,False,False,False,False,False,False,False,False,EQUIVALENT,"The paraphrased question still inquires about preventing the BitPaymer attack pattern by modifying Windows Registers, preserving the original entities and relationship."
"What type of asset is often targeted by an attack pattern that is characterized by the use of PowerShell scripts, a defining feature of the WINDSHIELD?","What asset is frequently compromised by the attack pattern that involves PowerShell scripts, a hallmark of the WINDSHIELD?",False,False,False,False,True,False,False,False,EQUIVALENT,"The paraphrased question preserves the original meaning, entities, and relationship, with only superficial rewording changes."
What type of attack pattern does the tool used by BRATA employ to facilitate its propagation?,Which attack pattern is inherent in the tool that the BRATA uses to spread?,True,False,True,True,True,True,True,True,EQUIVALENT,The paraphrased question still asks about the same entity (the tool used by BRATA) and the same relationship (the attack pattern used for spreading).
What malicious operations are carried out by the WarzoneRAT tool?,How does the WarzoneRAT tool carry out its malicious operations?,True,False,False,False,True,False,True,False,EQUIVALENT,"The paraphrased question still inquires about the malicious operations of the WarzoneRAT tool, with only a superficial rewording of the original question."
What actions related to Windows Registers can be taken to thwart the attack pattern linked to NanoCore?,How can the course of action that involves operating on Windows Registers help to prevent the attack pattern associated with NanoCore?,False,False,False,False,False,False,False,False,EQUIVALENT,"The paraphrased question still inquires about actions related to Windows Registers to prevent the NanoCore attack pattern, preserving the original entities and relationship."
What course of action effectively counters the attack pattern by targeting Windows Registers in relation to FlixOnline?,What attack pattern is effectively countered by the course of action that targets Windows Registers in relation to FlixOnline?,False,False,False,False,False,False,False,False,NOT_EQUIVALENT,"The original question asks for an attack pattern, while the paraphrased question asks for a course of action."
What cybersecurity component is primarily responsible for countering the threats of PowerPunch?,What key component of cybersecurity helps to prevent and mitigate the attacks of PowerPunch?,False,False,True,False,False,False,True,True,EQUIVALENT,"The paraphrased question still asks about the same entity (PowerPunch) and the same relationship (preventing and mitigating its attacks), with only a superficial rewording of the question."
What attack pattern is typically linked with the use of Lucifer tools?,What is the attack pattern associated with Lucifer tools?,True,False,True,True,True,True,True,False,EQUIVALENT,"The paraphrased question preserves the original meaning, entities, and relationship, with only a minor rewording of the phrase ""associated with"" to ""typically linked with""."
What proactive steps can be taken to counteract potential Lucifer threats?,What proactive measure can be taken to protect against Lucifer attacks?,True,True,True,True,True,True,True,True,EQUIVALENT,"The paraphrased question still asks about proactive actions to defend against the same entity, Lucifer attacks/threats, with no change in scope or relationship."
What malicious activities are executed by the HummingWhale tool?,How does the HummingWhale tool carry out its malicious operations?,True,False,False,True,True,False,True,False,EQUIVALENT,"The paraphrased question still inquires about the malicious operations of the HummingWhale tool, preserving the original entity and relationship."
What measure should be implemented to prevent the malicious software jRAT from being installed on a system?,What crucial step can be taken to prevent the installation of jRAT on a system?,False,False,True,False,False,False,True,True,EQUIVALENT,"The paraphrased question still asks about preventing the installation of the same entity, jRAT, on a system, with no change in the relationship or scope."
What Windows Registry settings are implemented to thwart the spread of the Olympic Destroyer malware?,What course of action on Windows Registers is designed to prevent the spread of Olympic Destroyer?,False,False,False,False,False,False,False,False,EQUIVALENT,The paraphrased question still refers to the same entity (Olympic Destroyer malware) and relationship (preventing its spread) with a synonymous term (Windows Registry settings) for Windows Registers.
What QUADAGENT tools are commonly linked to in attack patterns?,What is the attack pattern associated with QUADAGENT tools?,True,False,False,False,False,False,False,False,EQUIVALENT,"The paraphrased question still inquires about the same relationship between QUADAGENT tools and attack patterns, just with reversed wording."
What countermeasures would effectively prevent the dissemination of the LITTLELAMB.WOOLTEA threat?,What strategy should be implemented to prevent the spread of LITTLELAMB.WOOLTEA?,True,False,True,False,True,False,False,False,EQUIVALENT,"The paraphrased question preserves the original's meaning, entities, and relationship, using synonymous terms like ""countermeasures"" for ""strategy"" and ""dissemination"" for ""spread""."
What action has been implemented on Windows Registers to stop the proliferation of FruitFly?,What course of action on Windows Registers is designed to prevent the spread of FruitFly?,False,False,False,False,False,False,False,False,EQUIVALENT,"The paraphrased question preserves the original meaning, entities (Windows Registers, FruitFly), and relationship (preventing spread), with only superficial rewording."
What strategies are most effective in countering the tactics employed by the FIN7 group?,How can one effectively counter the methods used by FIN7?,False,False,True,False,True,True,True,False,EQUIVALENT,"The paraphrased question still asks about effectively countering the methods of the same entity, FIN7, without changing the relationship or scope."
What attack pattern is utilized by the tool that Chrommme employs?,What type of attack pattern is employed by the tool that Chrommme utilizes?,True,True,True,True,True,True,True,False,EQUIVALENT,"The paraphrased question preserves the original meaning, entities, and relationship, with only a superficial rewording of ""employs"" to ""employs"" and ""utilizes"" to ""utilized""."
What attack pattern is typically employed by the STARWHALE threat?,Which attack pattern does STARWHALE usually utilize?,False,False,False,False,False,False,False,False,EQUIVALENT,"The paraphrased question still asks about the attack pattern used by the STARWHALE entity, with only a superficial rewording of the sentence structure."
What malware tools were employed by the perpetrators behind the operation known as C0032?,What are the malware tools used by the group responsible for the operation C0032?,False,False,True,True,False,False,False,False,EQUIVALENT,"The paraphrased question preserves the original meaning, entities, and relationship, with only superficial rewording changes."
What attack pattern does the tool known as Fakecalls typically utilize in its operations?,What type of attack pattern is employed by the tool that Fakecalls utilizes?,True,True,True,True,True,False,True,False,EQUIVALENT,"The paraphrased question still asks about the attack pattern utilized by the tool Fakecalls, preserving the original entities and relationship."
"What type of attack pattern is typically associated with malware employed in FIN4-related campaigns targeting American organizations, and what are the characteristics of this malware?","What attack pattern is commonly linked to the malware used in American campaigns attributed to the FIN4 group, and how does",False,False,False,False,False,False,False,False,EQUIVALENT,"The paraphrased question still inquires about the same attack pattern and malware linked to the FIN4 group and their American campaigns, with only minor rewording."
What specific attack pattern can be effectively mitigated by targeting Windows Registers in the context of Corona Updates?,What attack pattern is effectively countered by the course of action that targets Windows Registers in relation to Corona Updates?,False,False,False,False,False,False,False,False,EQUIVALENT,"The paraphrased question preserves the original meaning, entities, and relationship, with only minor wording changes that do not alter the scope or constraints of the query."
What attack pattern is most commonly linked to the tool utilized by the Sunbird?,What is the primary attack pattern associated with the tool employed by the Sunbird?,True,True,True,True,True,True,True,True,EQUIVALENT,"The paraphrased question preserves the original meaning, entities, and relationship, with only a minor rewording of ""primary"" to ""most commonly linked""."
What attack pattern is typically associated with Mandrake and can be mitigated by manipulating Windows Registers?,"Which attack pattern is prevented by operating on Windows Registers, and is directly linked to the presence of Mandrake?",False,False,False,False,False,False,False,False,EQUIVALENT,"The paraphrased question preserves the original meaning, entities, and relationship, using synonymous terms like ""prevented"" and ""mitigated"" and maintaining the link between the attack pattern, Mandrake, and Windows Registers."
What tools were utilized by the malware linked to the group responsible for the Triton Safety Instrumented System Attack?,What tools have been identified as being used by malware exploited by the group that conducted the operation Triton Safety Instrumented System Attack?,True,True,True,True,True,False,True,True,EQUIVALENT,"The paraphrased question preserves the original meaning, entities, and relationship, with only minor rewording changes."
What are the primary countermeasures to thwart and minimize the malicious activities associated with GALLIUM?,What are the key steps to prevent and mitigate the attacks carried out by GALLIUM?,False,False,False,True,True,True,True,False,EQUIVALENT,"The paraphrased question preserves the original meaning, entities, and relationship, using synonymous terms like ""countermeasures"" for ""key steps"", ""thwart"" for ""prevent"", and ""minimize"" for ""mitigate""."
What propagation method does the Calisto tool inherently employ?,Which attack pattern is inherent in the tool that the Calisto uses to spread?,False,False,False,False,True,False,True,False,EQUIVALENT,"The paraphrased question still asks about the method of spread inherent to the Calisto's tool, preserving the original entities and relationship."
What malware tools like HyperBro are typically associated with in terms of attack patterns?,What kind of attack pattern is characteristic of malware tools like HyperBro ?,False,False,False,False,False,True,False,False,EQUIVALENT,The paraphrased question still inquires about the same relationship between malware tools like HyperBro and their characteristic attack patterns.
Can Execution through API Mitigation successfully neutralize the threat posed by a worm?,Does Execution through API Mitigation effectively neutralize the worm threat?,True,True,True,False,True,True,True,True,EQUIVALENT,"The paraphrased question preserves the original meaning, entities, and relationship, with only minor rewording that does not alter the scope or constraints of the query."
What malicious activities are carried out by the MAZE using its typical attack pattern?,What kind of attack pattern does the MAZE use to carry out its malicious activities?,False,False,False,False,False,False,False,False,EQUIVALENT,"The paraphrased question still inquires about the same entity (MAZE) and its attack pattern, with only a superficial rewording of the sentence structure."
What ShimRat tool is associated with which attack pattern?,What attack pattern is characteristic of the tool used by the ShimRat?,True,False,False,False,True,True,True,False,NOT_EQUIVALENT,"The original question asks for the attack pattern of a specific tool, while the paraphrased question asks for the tool associated with a specific attack pattern, reversing the relationship being asked about."
What specific mitigation strategy targets Windows Registers to counter the Cyclops Blink attack pattern?,What attack pattern is effectively countered by the course of action that targets Windows Registers in relation to Cyclops Blink?,False,False,False,False,False,False,False,False,EQUIVALENT,The paraphrased question still asks about the same relationship between the course of action targeting Windows Registers and the Cyclops Blink attack pattern.
What typical attack patterns are commonly employed by malware tools such as Kessel?,"What is the typical attack pattern used by malware tools, specifically Kessel?",False,True,False,False,False,False,True,False,EQUIVALENT,"The paraphrased question still asks about the typical attack pattern of malware tools like Kessel, with only a minor rewording that does not change the scope or entities."
"What Windows Registers operation prevents a specific attack pattern, and does this prevention have a direct correlation with the presence of CARROTBAT?","Which attack pattern is prevented by operating on Windows Registers, and is directly linked to the presence of CARROTBAT?",False,False,False,False,False,False,False,False,EQUIVALENT,"The paraphrased question still inquires about the same relationship between operating on Windows Registers, a specific attack pattern, and the presence of CARROTBAT."
What attack pattern is embedded within the tool that the NETWIRE utilizes to disseminate?,Which attack pattern is inherent in the tool that the NETWIRE uses to spread?,True,True,True,True,True,True,True,False,EQUIVALENT,"The paraphrased question preserves the original meaning, entities, and relationship, with only superficial rewording of ""inherent"" to ""embedded"" and ""uses"" to ""utilizes"" and ""spread"" to ""disseminate""."
What methods of attack is Hornbill typically associated with in the context of system infection?,What type of attack does Hornbill typically employ to infect systems?,False,False,False,False,False,False,False,False,EQUIVALENT,"The paraphrased question still asks about the type of attack Hornbill uses to infect systems, with only a superficial rewording of the original question."
What steps can be taken to mitigate the impact of CCBkdr on a computer network?,What countermeasure can be taken to minimize the effects of CCBkdr on a computer network?,False,True,True,True,False,True,True,True,EQUIVALENT,"The paraphrased question preserves the original meaning, entity (CCBkdr and computer network), and relationship (minimizing/mitigating effects), with only a superficial rewording of ""countermeasure"" to ""steps"" and ""minimize"" to ""mitigate""."
How can operating on Windows Registers contribute to preventing the dissemination of the LookBack attack pattern?,In what way can the course of action that involves operating on Windows Registers help to prevent the spread of LookBack and its associated attack pattern?,False,False,False,False,False,False,False,False,EQUIVALENT,"The paraphrased question still inquires about the role of operating on Windows Registers in preventing the spread of LookBack and its attack pattern, with only minor wording changes."
What system safeguard is crucial in preventing the installation of ANDROIDOS_ANSERVER.A?,What crucial step can be taken to prevent the installation of ANDROIDOS_ANSERVER.A on a system?,True,True,True,False,False,False,True,True,EQUIVALENT,"The paraphrased question still asks about preventing the installation of ANDROIDOS_ANSERVER.A on a system, with ""system safeguard"" being a synonym for a ""crucial step"" to achieve this."
What steps should organizations take to counteract and minimize the threats posed by the Tonto Team?,What are the key steps to prevent and mitigate the attacks carried out by Tonto Team?,False,False,False,True,False,False,True,False,EQUIVALENT,"The paraphrased question still asks about the same entity (Tonto Team) and the same relationship (preventing and mitigating their attacks), with only a superficial rewording of the actions to be taken."
What attack pattern is utilized by the China Chopper?,What type of attack pattern does the China Chopper employ?,False,False,False,False,False,False,False,False,EQUIVALENT,"The paraphrased question still asks about the same entity (China Chopper) and the same relationship (type of attack pattern it employs), with only superficial rewording."
What attack pattern is typically linked to the use of Truvasys tools?,What is the attack pattern associated with Truvasys tools?,True,True,True,True,True,True,True,False,EQUIVALENT,"The paraphrased question preserves the original meaning, entities, and relationship, with only a minor rewording of the verb from ""associated"" to ""linked""."
What steps can be implemented to mitigate the impact of Regin on a computer network?,What countermeasure can be taken to minimize the effects of Regin on a computer network?,False,True,True,True,False,True,True,True,EQUIVALENT,"The paraphrased question preserves the original meaning, asking about actions to reduce the effects of Regin on a computer network, using synonymous terms ""countermeasure"" and ""steps"", and ""minimize"" and ""mitigate""."
What steps can be taken to prevent the spread of Proxysvc and its related attack pattern by utilizing Windows Registers in a targeted manner?,In what way can the course of action that involves operating on Windows Registers help to prevent the spread of Proxysvc and its associated attack pattern?,False,False,False,False,False,False,False,False,EQUIVALENT,"The paraphrased question still asks about preventing the spread of Proxysvc and its attack pattern by utilizing Windows Registers, preserving the original entities and relationship."
What cybersecurity components are primarily used to prevent and counteract BlackEnergy attacks?,What key component of cybersecurity helps to prevent and mitigate the attacks of BlackEnergy?,False,False,True,False,False,False,True,False,NOT_EQUIVALENT,"The paraphrased question asks about ""components"" (plural) while the original question asks about a ""key component"" (singular)."
Which systems or networks are typically linked to the presence of a backdoor?,What platforms are commonly associated with the behavior of backdoor?,False,True,False,False,False,False,False,False,EQUIVALENT,"The paraphrased question still inquires about the same relationship between entities, specifically the association with backdoor behavior, using synonymous terms."
What impact does the presence of a modular backdoor have on the strategic framework of an APT5 operation?,What are the implications of a modular backdoor's actions on the overall strategy of a APT5 campaign,True,False,False,True,False,False,True,False,EQUIVALENT,"The paraphrased question preserves the original's meaning, entities (modular backdoor, APT5 campaign/operation), and relationship (impact on overall strategy/strategic framework)."
What malware dissemination tactic is inherent in the tool utilized by NDiskMonitor?,Which attack pattern is inherent in the tool that the NDiskMonitor uses to spread?,True,True,True,False,True,False,True,False,EQUIVALENT,"The paraphrased question still refers to the same entity (NDiskMonitor) and relationship (the method of spread), with ""attack pattern"" and ""malware dissemination tactic"" being semantically equivalent in this context."
What kind of attack pattern typically employs the TEARDROP method?,Which attack pattern does TEARDROP usually utilize?,False,False,False,False,False,False,False,False,EQUIVALENT,"The paraphrased question still inquires about the attack pattern utilized by TEARDROP, with only a superficial rewording of the original question."
What would be the potential consequences of a modular backdoor participating in the GOLD SOUTHFIELD operation?,What are the repercussions of a modular backdoor's involvement in a GOLD SOUTHFIELD campaign?,False,False,True,False,True,False,True,False,EQUIVALENT,"The paraphrased question preserves the original meaning, entities, and relationship, with only a superficial rewording of ""repercussions"" to ""consequences"" and ""involvement"" to ""participating""."
What malware attack patterns are commonly linked to American campaigns attributed to the WIRTE group?,What type of malware attack pattern is typically associated with American campaigns linked to the WIRTE group?,False,False,False,False,False,False,False,False,EQUIVALENT,"The paraphrased question still asks about the same entity (WIRTE group) and relationship (associated malware attack pattern) as the original question, with only a minor rewording."
What countermeasure involves thwarting the ccf32 threat?,What crucial tactic is employed to counter the threat posed by ccf32?,False,False,True,True,True,False,True,True,EQUIVALENT,"The paraphrased question still asks about the same entity (ccf32) and the same relationship (counteracting its threat), using synonymous terms."
Can Windows Registry Key Access identify and detect SQL injection techniques?,Does the 'Windows Registry Key Access' have the functionality to detect SQL injection techniques?,True,False,False,False,True,False,False,False,EQUIVALENT,"The paraphrased question still asks about the 'Windows Registry Key Access' and its ability to detect SQL injection techniques, with only minor rewording."
Is Operation Ghost associated with the presence of a worm?,Can you determine if worm is a part of Operation Ghost?,False,True,False,True,True,False,False,True,EQUIVALENT,"The paraphrased question inquires about the same relationship between ""worm"" and ""Operation Ghost"" as the original question."
Does the 'Firewall Metadata' feature include the capability to identify and detect SQL injection attacks?,Does the 'Firewall Metadata' have the functionality to detect SQL injection techniques?,True,False,False,False,True,False,False,False,EQUIVALENT,"The paraphrased question still asks about the 'Firewall Metadata' detecting SQL injection techniques, with only minor rewording."
Can the 'OS API Execution' functionality be utilized to recognize and pinpoint SQL-based attack patterns?,Is the 'OS API Execution' capable of analyzing and identifying SQL-based attack patterns?,False,False,False,False,True,False,False,False,EQUIVALENT,"The paraphrased question preserves the original meaning, entities, and relationship, with only superficial rewording of ""capable of analyzing and identifying"" to ""be utilized to recognize and pinpoint""."
What SQL-based detection capabilities are offered by 'Cloud Service Metadata'?,What capabilities does the 'Cloud Service Metadata' possess in terms of detecting SQL-based techniques?,True,False,False,False,False,False,False,False,EQUIVALENT,"The paraphrased question still inquires about the SQL-based detection capabilities of 'Cloud Service Metadata', preserving the original meaning and entities."
What techniques for SQL-based attacks can the 'Application Assets' identify and detect?,What capabilities does the 'Application Assets' possess in terms of detecting SQL-based techniques?,False,False,False,False,True,False,False,False,EQUIVALENT,"The paraphrased question still asks about the 'Application Assets' detecting SQL-based techniques, with only a superficial rewording of the original question."
Can the 'Process/Event Alarm' system offer real-time identification of SQL-based methods in action?,Can the 'Process/Event Alarm' provide real-time detection of SQL-based techniques?,False,False,False,False,True,False,False,False,EQUIVALENT,"The paraphrased question preserves the original meaning, entities, and relationship, with only minor wording changes."
Is there a connection between a worm and C0010?,Is worm linked to C0010?,True,False,False,True,True,True,True,True,EQUIVALENT,"The paraphrased question preserves the original meaning and entities, using ""connection"" as a synonym for ""linked""."
Can SQL-based threats be identified and flagged through Cloud Storage Enumeration?,Can the 'Cloud Storage Enumeration' identify and flag SQL-based threats?,False,False,False,False,False,False,False,False,EQUIVALENT,"The paraphrased question preserves the original meaning, entities, and relationship, with only a change in sentence structure."
What is the primary function of Container Enumeration in terms of preventing SQL-based attacks?,Is the 'Container Enumeration' designed to detect and prevent SQL-based attacks?,False,False,False,False,True,False,False,False,EQUIVALENT,"The paraphrased question still inquires about the primary function of 'Container Enumeration' in relation to preventing SQL-based attacks, preserving the original question's meaning and scope."
Does the 'Software' possess the capability to identify SQL injection methods?,Does the 'Software' have the functionality to detect SQL injection techniques?,True,False,False,False,True,False,False,False,EQUIVALENT,"The paraphrased question still asks about the 'Software' detecting SQL injection techniques, using synonymous terms ""detect"" and ""identify"", and ""techniques"" and ""methods""."
Can SQL-based threats be detected and flagged through the 'Image Deletion' process?,Can the 'Image Deletion' identify and flag SQL-based threats?,True,False,False,False,False,False,False,False,EQUIVALENT,"The paraphrased question still inquires about the 'Image Deletion' process identifying and flagging SQL-based threats, with only a change in sentence structure."
Is the primary purpose of Firmware Modification to identify and block SQL-based cyber attacks?,Is the 'Firmware Modification' designed to detect and prevent SQL-based attacks?,True,False,False,False,True,False,False,False,EQUIVALENT,"The paraphrased question still asks about the purpose of 'Firmware Modification' in relation to SQL-based attacks, with only minor rewording."
What detection capabilities does 'Windows Registry Key Deletion' provide with respect to SQL-based tactics?,What capabilities does the 'Windows Registry Key Deletion' possess in terms of detecting SQL-based techniques?,False,False,False,False,True,False,False,False,EQUIVALENT,"The paraphrased question still inquires about the detection capabilities of 'Windows Registry Key Deletion' regarding SQL-based techniques, with only minor rewording."
Can Cloud Storage Metadata effectively detect SQL-based attack techniques?,Is the 'Cloud Storage Metadata' capable of identifying SQL-based attack methods?,False,False,False,False,False,False,False,False,EQUIVALENT,"The paraphrased question still asks about the capability of 'Cloud Storage Metadata' to identify or detect SQL-based attack methods, preserving the original meaning and entities."
What are the potential countermeasures for a trojan deployed through a cyberattack that leverages living off the land (LotL) tactics to infiltrate a system?,What are the possible remediations for trojan used in campaign in which living of the land (LotL) techniques have been used to gain access?,False,False,False,False,False,False,False,False,EQUIVALENT,"The paraphrased question preserves the original meaning, entities, and relationship, with only superficial rewording of terms like ""remediations"" to ""countermeasures"" and ""campaign"" to ""cyberattack""."
What types of systems are most commonly targeted by malware designed to take advantage of weaknesses in industrial control system technology?,What types of systems are the primary targets of malware created to exploit vulnerabilities in ICS devices?,False,False,False,False,False,False,False,False,EQUIVALENT,"The paraphrased question preserves the original meaning, entities, and relationship, with only superficial rewording of terms like ""vulnerabilities"" to ""weaknesses"" and ""ICS devices"" to ""industrial control system technology""."
What types of cyber attacks utilize the AttachUserPolicy API?,What types of cyber attacks incorporate the AttachUserPolicy API?,True,False,True,True,True,True,True,True,EQUIVALENT,"The paraphrased question uses the synonym ""utilize"" instead of ""incorporate"", but refers to the same API and asks about the same relationship."
What type of malicious software does an encryption-based security approach aim to deter or block?,What kind of malicious software does a security strategy that employs encryption aim to counter or prevent?,False,False,False,False,False,False,False,False,EQUIVALENT,"The paraphrased question preserves the original meaning, entities, and relationship, with only superficial rewording of ""counter or prevent"" to ""deter or block""."
What are the primary countermeasures against spyware utilizing camera capabilities that can be incorporated into data loss prevention protocols?,What are the key data loss prevention (DLP) strategies that can be implemented to counter spyware techniques that use cameras?,False,False,False,False,False,False,False,False,EQUIVALENT,"The paraphrased question still asks about strategies to prevent data loss due to spyware using cameras, with only a rewording of the terms used."
"What methods do RaaS utilize to execute DDoS attacks, and what countermeasures employing signature-based or heuristic approaches can be used to thwart or minimize their impact?","How do RaaS use DDoS attacks, and what are the mitigation strategies that utilize signatures or heuristics to prevent or mitigate these attacks?",False,False,False,False,False,False,False,False,EQUIVALENT,"The paraphrased question preserves the original meaning, entities (RaaS and DDoS attacks), and relationship (use and mitigation), with only superficial rewording."
What techniques can be employed to effectively counteract the security threats posed by malicious software that utilizes SQL injection methods?,What are the key strategies for mitigating the risks associated with malware that employ SQL Injection techniques?,True,False,True,False,False,True,True,False,EQUIVALENT,"The paraphrased question still asks about strategies to mitigate risks from malware using SQL injection, with only superficial rewording."
"What techniques do ransomware-as-a-service (RaaS) operations typically employ to orchestrate Distributed Denial of Service (DDoS) attacks, and how do signature-based and heuristic-driven mitigation strategies respond to these types of threats?","What are the techniques used by RaaS to execute DDoS attacks, and how do mitigation strategies that rely on signatures or heuristics address these threats?",False,False,False,False,False,False,False,False,EQUIVALENT,"The paraphrased question preserves the original meaning, entities (RaaS and DDoS attacks), and relationship (mitigation strategies), with only superficial rewording and added descriptive phrases for clarity."
What methods are most commonly used to identify and detect the token manipulation tactics employed by malicious spyware?,What are the most effective detection methods for token manipulation techniques used by spyware?,False,False,False,False,False,False,False,False,EQUIVALENT,"The paraphrased question still asks about the most effective methods for detecting token manipulation techniques used by spyware, with only superficial rewording."
"What methods do you employ to identify and detect malware from RaaS, specifically that used by FIN13?",How do you identify and detect RaaS malware used by FIN13?,True,False,True,False,True,False,False,True,EQUIVALENT,"The paraphrased question still asks about identifying and detecting RaaS malware used by FIN13, with only superficial rewording."
What ICS devices operated by UNC2452 are typically targeted by malware specifically designed to cause infection?,What are the main targets of malware specifically crafted to infect ICS devices operated by UNC2452?,True,False,False,False,False,False,False,False,EQUIVALENT,The paraphrased question still asks about the same targets of the same malware infecting the same ICS devices operated by UNC2452.
What techniques associated with the malware used by the APT29 intrusion set are typically found in.NET applications?,Which.NET malware techniques are characteristic of the APT29 intrusion set?,False,False,True,False,False,True,False,False,EQUIVALENT,The paraphrased question still inquires about the same .NET malware techniques characteristic of the APT29 intrusion set.
What techniques does the Turla campaign employ using.NET malware?,List the.NET malware techniques that are part of the Turla campaign.,True,True,True,True,True,False,True,True,EQUIVALENT,"The paraphrased question still asks about the same entity (Turla campaign) and relationship (employing .NET malware techniques), with only a superficial rewording of the syntax."
What methods are effective in identifying and countering RaaS malware utilized by the threat actor group known as APT5?,What methods can be used to detect and prevent RaaS malware used by APT5?,False,False,True,True,True,True,True,True,EQUIVALENT,"The paraphrased question preserves the original's meaning, entities (RaaS malware and APT5), and relationship (detection and prevention methods), with only superficial rewording."
What methods are most commonly used to identify and detect RaaS malware attributed to the threat actor TA505?,What are the most effective methods for detecting RaaS malware employed by TA505?,False,False,True,False,True,False,True,True,EQUIVALENT,"The paraphrased question still asks about the methods for detecting RaaS malware attributed to TA505, preserving the original entities and relationship."
What types of ICS devices are commonly targeted by the PLATINUM group in their malware attacks?,What are the primary targets of malware attacks on ICS devices used by the PLATINUM group?,True,False,False,False,False,False,False,False,NOT_EQUIVALENT,"The original question asks about the primary targets of malware attacks, while the paraphrased question asks about the types of ICS devices targeted, potentially broadening the scope to include secondary targets."
Which systems or platforms are susceptible to the spyware tactics employed by Ember Bear?,What types of platforms or systems are vulnerable to the spyware techniques used by Ember Bear?,True,True,True,False,True,True,True,True,EQUIVALENT,"The paraphrased question preserves the original meaning, entities, and relationship, with only superficial rewording from ""vulnerable"" to ""susceptible"" and ""techniques"" to ""tactics""."
What methods can be employed to identify and detect malware associated with the RaaS (Remote Access Trojan) operations of Metador?,How do you identify and detect RaaS malware used by Metador?,False,False,True,False,False,False,False,True,EQUIVALENT,"The paraphrased question still asks about identifying and detecting the same type of malware (RaaS) associated with the same entity (Metador), with only minor rewording."
What types of platforms do the spyware tactics used by the Lazarus Group typically target?,What platforms do the techniques of spyware employed by Lazarus Group utilize?,True,True,True,False,True,True,True,True,EQUIVALENT,"The paraphrased question still inquires about the platforms affected by the Lazarus Group's spyware techniques, with ""utilize"" and ""target"" being semantically equivalent in this context."
Which systems are susceptible to being infiltrated by in-memory malware utilized in the FunnyDream campaign?,What systems are at risk of being compromised by in-memory malware used in FunnyDream?,False,False,False,True,False,False,False,False,EQUIVALENT,"The paraphrased question preserves the original meaning, entities, and relationship, with only superficial rewording of terms like ""at risk of being compromised"" to ""susceptible to being infiltrated"" and ""used"" to ""utilized""."
What malicious targets does Stealth Falcon primarily aim at using its RPC-based backdoor in an attack?,What are the main targets of the RPC-based backdoor employed by Stealth Falcon in a malicious attack?,True,False,False,False,True,False,True,True,EQUIVALENT,"The paraphrased question still asks about the primary targets of Stealth Falcon's RPC-based backdoor in a malicious attack, preserving the original entities and relationship."
What platforms do the tactics of spyware used by the Sidewinder exploit?,What platforms do the techniques of spyware employed by Sidewinder utilize?,True,True,True,False,True,True,True,True,EQUIVALENT,"The terms ""techniques"" and ""tactics"" are synonymous in this context, and ""utilize"" and ""exploit"" convey the same relationship between Sidewinder and the platforms."
What tactics and techniques used by the Leviathan campaign are related to.NET malware?,Describe the.NET malware techniques employed by the Leviathan campaign.,True,False,True,True,True,False,True,False,EQUIVALENT,"The paraphrased question still asks about the same entity (Leviathan campaign) and relationship (employment of .NET malware techniques), with only a superficial rewording of the query."
What types of targets are commonly linked to malware specifically designed to compromise Industrial Control Systems devices used by companies like Gallmaker?,What types of targets are typically associated with malware designed to attack Industrial Control Systems (ICS) devices used by Gallmaker?,False,False,False,True,False,False,False,False,EQUIVALENT,"The paraphrased question preserves the original meaning, entities, and relationship, with only minor rewording that does not alter the scope or constraints of the query."
What environments and platforms are typically targeted by the spyware methods associated with Turla?,What platforms or environments are most commonly affected by the spyware techniques of Turla?,True,True,True,False,True,True,True,True,EQUIVALENT,"The paraphrased question preserves the original meaning, entities, and relationship, with only a superficial rewording of ""most commonly affected"" to ""typically targeted"" and a swap of ""platforms or environments"" to ""environments and platforms""."
What characteristics are associated with the.NET malware used in the MuddyWater campaign?,What are the characteristics of.NET malware involved in the MuddyWater campaign?,True,False,True,True,True,True,True,False,EQUIVALENT,The paraphrased question still inquires about the same characteristics of the same .NET malware involved in the MuddyWater campaign.
What strategies are most effective in countering and neutralizing the impact of RaaS malware utilized by APT1?,What are the key strategies for detecting and mitigating RaaS malware used by APT1?,False,False,False,False,False,False,False,False,EQUIVALENT,"The paraphrased question preserves the original's meaning, entities (RaaS malware and APT1), and relationship (detecting and mitigating vs. countering and neutralizing), with only superficial rewording."
What kinds of industrial control systems are commonly exploited by malware linked to the threat actor Evilnum?,What types of systems are typically targeted by malware designed to compromise ICS devices used by Evilnum?,False,False,False,False,False,False,False,False,EQUIVALENT,"The paraphrased question still asks about the types of systems targeted by malware associated with Evilnum, with only a minor rewording of the original question."
What are the most effective strategies for identifying and eliminating RaaS malware that is typically associated with Cinnamon Tempest?,What are the best practices for detecting and removing RaaS malware used by Cinnamon Tempest?,False,False,True,False,True,False,True,True,EQUIVALENT,"The paraphrased question preserves the original meaning, entities, and relationship, with only minor rewording that does not alter the scope or constraints of the inquiry."
Which systems and platforms are susceptible to the spyware tactics employed by the Wizard Spider?,What types of platforms or systems are vulnerable to the spyware techniques used by Wizard Spider?,True,True,True,False,True,True,True,True,EQUIVALENT,"The paraphrased question preserves the original meaning, entities, and relationship, with only superficial rewording from ""vulnerable"" to ""susceptible"" and ""techniques"" to ""tactics""."
What detection and prevention methods can be employed to counter RaaS malware utilized by WIRTE?,What methods can be used to detect and prevent RaaS malware used by WIRTE?,True,False,True,True,True,True,True,True,EQUIVALENT,"The paraphrased question preserves the original meaning, entities (RaaS malware and WIRTE), and relationship (detection and prevention methods), with only superficial rewording."
What countermeasures can be employed to identify and thwart the RaaS malware utilized by Operation Wocao?,What methods can be used to detect and prevent RaaS malware used by Operation Wocao?,True,False,True,False,True,False,True,True,EQUIVALENT,"The paraphrased question preserves the original meaning, entities (RaaS malware and Operation Wocao), and relationship (detecting and preventing), using synonymous terms (methods/countermeasures, detect/identify, prevent/thwart)."
What platforms are typically targeted by the malware used by the threat actor known as TA505?,What are the primary platforms exploited by the worms employed by TA505?,False,False,False,False,False,False,False,False,EQUIVALENT,The paraphrased question still refers to the same entity (TA505) and relationship (exploiting/targeting platforms) as the original question.
On which platforms do the tactics of spyware developed by CURIUM typically operate?,What platforms do the techniques of spyware employed by CURIUM utilize?,True,True,True,True,True,True,True,True,EQUIVALENT,"The paraphrased question still inquires about the platforms used by CURIUM's spyware techniques, with only minor wording changes."
What systems are typically targeted by malware that compromises Industrial Control Systems (ICS) devices owned by The White Company?,What types of systems are commonly targeted by malware used to compromise the ICS devices of The White Company?,False,False,False,False,True,False,True,False,EQUIVALENT,"The paraphrased question preserves the original meaning, entities, and relationship, with only minor rewording and the addition of an abbreviation expansion for clarity."
What kinds of devices or infrastructure are compromised by malware stealing login credentials within the context of C0017?,"In the context of C0017, what types of devices or infrastructure are targeted by malware that steals login credentials?",False,True,False,False,False,True,True,True,EQUIVALENT,"The paraphrased question preserves the original meaning, entities, and relationship, with only a superficial rewording of the sentence structure."
What tactics and techniques utilized by the Gorgon Group are associated with.NET malware?,Describe the.NET malware techniques employed by the Gorgon Group campaign.,False,False,False,False,False,False,False,False,EQUIVALENT,"The paraphrased question still inquires about the same entity (Gorgon Group) and relationship (employment of .NET malware techniques), with only a superficial rewording of the question."
What platforms are commonly targeted by the malware used by the FIN7 group?,What are the primary platforms exploited by the worms employed by FIN7?,False,False,False,False,False,False,False,False,EQUIVALENT,The paraphrased question still refers to the same entity (FIN7) and relationship (exploiting/targeting platforms) as the original question.
What types of systems are vulnerable to being targeted by malware specifically designed for Industrial Control Systems operated by CopyKittens?,What types of systems are at risk of being compromised by malware tailored towards ICS devices used by CopyKittens?,False,False,False,False,False,False,False,False,EQUIVALENT,"The paraphrased question preserves the original meaning, entities, and relationship, with only minor rewording and synonymous term replacements."
In what types of environments do the malicious operations of APT19 typically manifest through its worm infections?,In which environments do the worms used by APT19 typically exhibit their malicious behavior?,True,True,True,False,True,True,True,True,EQUIVALENT,"The paraphrased question still asks about the environments where APT19's worms exhibit malicious behavior, with only a superficial rewording of the original question."
What cybersecurity threat landscape detection strategies are critical for countering RaaS malware operations employed by Group5?,What are the critical detection strategies for RaaS malware used by Group5 in a cybersecurity threat landscape?,True,False,True,True,True,True,True,True,EQUIVALENT,"The paraphrased question still asks about the critical detection strategies for RaaS malware used by Group5 in a cybersecurity threat landscape, with only superficial rewording."
What types of industrial control systems are commonly targeted by malicious malware designed to infiltrate the systems utilized by IndigoZebra?,What types of systems are typically targeted by malware designed to compromise ICS devices used by IndigoZebra?,False,False,False,False,False,False,False,False,EQUIVALENT,"The paraphrased question preserves the original meaning, entities, and relationship, with only superficial rewording and no change in scope or constraints."
What systems do malware operators typically aim to infiltrate to compromise the ICS devices of Volatile Cedar?,What types of systems are commonly targeted by malware used to compromise the ICS devices of Volatile Cedar?,True,False,False,False,False,False,False,False,EQUIVALENT,"The paraphrased question still asks about the types of systems targeted by malware to compromise Volatile Cedar's ICS devices, with only a superficial rewording of the original question."
What ICS devices are commonly targeted by malware developed by Kimsuky for exploitation?,What types of systems are typically targeted by malware designed to compromise ICS devices used by Kimsuky?,True,False,False,False,False,False,False,False,NOT_EQUIVALENT,"The original question asks about types of systems targeted by malware, while the paraphrased question asks about ICS devices targeted by malware, changing the scope from system types to specific devices."
Which systems or platforms are vulnerable to malicious activities carried out by RTM through the use of spyware tactics?,What platforms or systems are susceptible to the malicious activities of RTM using spyware techniques?,True,True,True,True,True,True,True,False,EQUIVALENT,"The paraphrased question preserves the original meaning, entities, and relationship, with only superficial rewording of terms like ""susceptible"" to ""vulnerable"" and ""techniques"" to ""tactics""."
What devices are typically targeted by the RPC-based backdoor known as Leafminer?,Which types of devices are usually compromised by the RPC-based backdoor employed by Leafminer?,False,False,False,False,True,False,True,True,EQUIVALENT,"The paraphrased question still asks about the types of devices affected by the RPC-based backdoor employed by Leafminer, preserving the original meaning and entities."
What types of networks or systems are typically targeted by the RPC-based backdoor utilized by the CopyKittens threat actor?,What types of networks or systems are usually attacked by the RPC-based backdoor employed by CopyKittens?,True,True,False,False,True,False,True,True,EQUIVALENT,"The paraphrased question preserves the original meaning, entities, and relationship, with only a minor rewording from ""attacked"" to ""targeted"" and ""employed"" to ""utilized""."
What systems or networks are primarily targeted by the RPC-based backdoor attributed to WIRTE?,What are the primary targets of the RPC-based backdoor exploited by WIRTE?,False,False,False,False,True,False,True,True,EQUIVALENT,"The paraphrased question still asks about the primary targets of the RPC-based backdoor exploited by WIRTE, using synonymous terms ""systems or networks"" instead of ""targets""."
What methods would you use to recognize and identify malware associated with the RaaS operations of the notorious threat actor known as Ember Bear?,How do you identify and detect RaaS malware used by Ember Bear?,False,False,True,False,True,False,False,False,EQUIVALENT,"The paraphrased question still asks about identifying malware used by Ember Bear, with only superficial rewording and no change in entities or relationship."
Which systems are commonly linked to the activities of a worm known as Windigo?,What platforms are typically associated with the behavior of a worm used by Windigo?,False,False,True,False,False,False,False,False,EQUIVALENT,"The paraphrased question preserves the original meaning, entities, and relationship, with only a superficial rewording of ""platforms"" to ""systems"" and ""behavior"" to ""activities""."
What malicious targets does the RPC-based backdoor used by TEMP.Veles focus on during an attack?,What are the main targets of the RPC-based backdoor employed by TEMP.Veles in a malicious attack?,True,False,False,False,True,True,True,False,EQUIVALENT,"The paraphrased question still asks about the primary targets of the RPC-based backdoor used by TEMP.Veles in a malicious attack, preserving the original meaning and entities."
What operating systems are typically targeted by the malware employed by APT1?,Which operating systems are commonly targeted by the worms utilized by APT1?,False,False,False,False,False,False,False,False,EQUIVALENT,"The paraphrased question still asks about the operating systems targeted by APT1, with ""worms"" and ""malware"" being interchangeable in this context."
What methods do you use to detect and identify the RaaS malware employed by Threat Group-3390?,How do you identify and detect RaaS malware used by Threat Group-3390?,True,False,True,False,True,False,True,False,EQUIVALENT,"The paraphrased question preserves the original meaning, entities, and relationship, with only a superficial rewording of the sentence structure."
What ICS devices are typically targeted by malware designed and deployed by the threat actor known as Putter Panda?,What are the main targets of malware specifically crafted to infect ICS devices operated by Putter Panda?,False,False,False,False,False,False,False,False,EQUIVALENT,"The paraphrased question still asks about the targets of malware associated with Putter Panda, focusing on ICS devices, with only a superficial rewording of the original question."
What platforms are commonly linked to the malware activities of the Orangeworm worm?,What platforms are typically associated with the behavior of a worm used by Orangeworm?,False,False,False,False,True,False,False,False,EQUIVALENT,"The paraphrased question still inquires about the platforms associated with the behavior of the Orangeworm worm, using synonymous terms like ""commonly linked"" and ""malware activities"" to convey the same meaning."
What types of platforms or devices are commonly targeted by the spyware tactics employed by TeamTNT?,On what platforms or devices do the spyware techniques used by TeamTNT typically operate?,True,True,True,False,True,True,True,True,EQUIVALENT,"The paraphrased question still inquires about the platforms or devices affected by TeamTNT's spyware techniques, with only a minor rewording from ""operate"" to ""targeted""."
What platforms are primarily utilized by the worms associated with Sowbug?,What are the primary platforms of operation for the worms employed by Sowbug?,False,False,True,True,True,True,True,True,EQUIVALENT,"The paraphrased question preserves the original meaning, entities, and relationship, with only minor wording changes."
Which ICS devices maintained by Cleaver are typically targeted by primary malware attacks?,Which systems are the primary focus of malware attacks aimed at Cleaver's ICS devices?,True,False,False,False,False,False,False,False,EQUIVALENT,"The paraphrased question still asks about the primary target of malware attacks, focusing on Cleaver's ICS devices, with only a superficial rewording of the original question."
What tactics and techniques were utilized by the The White Company campaign in their.NET malware operations?,Describe the.NET malware techniques employed by the The White Company campaign.,True,False,True,True,True,True,True,False,EQUIVALENT,"The paraphrased question still asks about the same entities (The White Company campaign and .NET malware) and relationship (techniques employed), with only superficial rewording."
What malware techniques commonly associated with the Evilnum intrusion set are typically based on.NET?,Which.NET-based malware techniques are commonly linked to the Evilnum intrusion set?,False,False,False,False,False,False,True,False,EQUIVALENT,"The paraphrased question still inquires about the same malware techniques linked to the Evilnum intrusion set, with only a superficial rewording of the sentence structure."
What systems or applications are typically targeted by the RPC-based backdoor exploited by the threat actor known as TA459 during a cyber attack?,What are the typical targets of the RPC-based backdoor exploited by TA459 in a cyber attack?,True,True,False,True,True,False,True,True,EQUIVALENT,"The paraphrased question still asks about the same targets of the same backdoor exploited by the same threat actor, TA459, in a cyber attack."
What detection techniques would be most effective for identifying the RaaS malware deployed by the Charming Kitten in a network setting?,What are the essential detection strategies for RaaS malware used by Charming Kitten in a network environment?,True,False,True,False,True,True,True,True,EQUIVALENT,"The paraphrased question still asks about detecting RaaS malware used by Charming Kitten in a network environment, preserving the original entities and relationship."
What types of systems are typically attacked by malware that targets the Industrial Control Systems devices of WIRTE?,What types of systems are commonly targeted by malware used to compromise the ICS devices of WIRTE?,False,False,False,False,False,False,False,False,EQUIVALENT,"The paraphrased question preserves the original meaning, entities, and relationship, with only a minor rewording from ""compromise"" to ""attacked"" and ""ICS devices"" to ""Industrial Control Systems devices""."
What network security measures are most effective for detecting and mitigating the RaaS malware tactics employed by the Chimera threat actor?,What are the essential detection strategies for RaaS malware used by Chimera in a network environment?,False,False,False,False,False,True,False,True,EQUIVALENT,"The paraphrased question still asks about detecting RaaS malware used by Chimera in a network environment, with the terms ""detection strategies"" and ""security measures"" being functionally equivalent in this context."
What types of systems or networks are commonly compromised by an RPC-based backdoor utilized by Malteiro?,What systems or networks are typically targeted by an RPC-based backdoor used by Malteiro?,True,False,False,False,True,True,True,True,EQUIVALENT,"The paraphrased question preserves the original meaning, entities, and relationship, with only minor wording changes."
In what types of environments do malicious behaviors typically manifest in the worms employed by Poseidon Group?,In which environments do the worms used by Poseidon Group typically exhibit their malicious behavior?,True,False,True,True,True,True,True,True,EQUIVALENT,"The paraphrased question still inquires about the environments where the worms used by Poseidon Group exhibit malicious behavior, with only superficial rewording."
What methods have proven most effective in identifying and detecting the RaaS malware used by The White Company?,What are the most effective methods for detecting RaaS malware employed by The White Company?,False,False,True,False,True,False,True,True,EQUIVALENT,"The paraphrased question still asks about the most effective methods for detecting RaaS malware used by The White Company, with only minor rewording."
What types of devices are typically targeted by the RPC-based backdoor used in the Carbanak operation?,Which types of devices are usually compromised by the RPC-based backdoor employed by Carbanak?,False,False,False,True,False,False,False,True,EQUIVALENT,"The paraphrased question still asks about the types of devices affected by the RPC-based backdoor in the context of Carbanak, with only a minor rewording from ""compromised"" to ""targeted""."
What systems or platforms are typically targeted by the tactics used in the Stolen Pencil spyware?,What platforms or systems are commonly compromised by the spyware techniques employed by Stolen Pencil?,False,False,True,False,True,False,False,True,EQUIVALENT,"The paraphrased question preserves the original meaning, entities, and relationship, with only a superficial rewording of ""compromised"" to ""targeted"" and ""techniques"" to ""tactics""."
What targets are typically exploited by the RPC-based backdoor employed by the cyber threat group known as Charming Kitten?,What are the common targets of the RPC-based backdoor used by Charming Kitten?,True,True,False,False,True,False,True,True,EQUIVALENT,"The paraphrased question still asks about the same targets of the same backdoor used by the same entity, Charming Kitten, with no change in scope or relationship."
What.NET malware techniques are associated with the NEODYMIUM operation?,Identify the.NET malware methods used in the NEODYMIUM campaign.,False,False,False,True,True,False,True,False,EQUIVALENT,"The paraphrased question still asks about the same entities (NEODYMIUM campaign/operation) and relationship (associated .NET malware methods/techniques), with only a minor rewording of terms."
What are the typical platforms targeted by the malicious worms deployed by APT37 for spreading their malware?,On what platforms do the worms used by APT37 usually spread their malicious code?,True,False,True,True,True,False,True,False,EQUIVALENT,"The paraphrased question still asks about the same entities (worms, APT37, malicious code) and relationship (spreading), with only a superficial rewording of the syntax and wording."
What detection techniques are typically employed by security measures to identify RaaS malware linked to Dark Caracal operations?,What are the most common detection methods for RaaS malware used by Dark Caracal?,False,False,False,True,False,True,False,True,EQUIVALENT,"The paraphrased question still inquires about the common detection methods for RaaS malware associated with Dark Caracal, with only a superficial rewording of the original question."
What platforms are typically targeted by the malicious code propagation of the worms employed by MoustachedBouncer?,On what platforms do the worms used by MoustachedBouncer usually spread their malicious code?,False,False,True,True,True,True,True,False,EQUIVALENT,"The paraphrased question still asks about the same entities (worms, MoustachedBouncer, malicious code, platforms) and relationship (spreading/propagation), with only a change in wording and syntax."
What characteristics are associated with the.NET malware utilized in the ZIRCONIUM campaign?,What are the characteristics of.NET malware involved in the ZIRCONIUM campaign?,True,False,True,True,True,True,True,False,EQUIVALENT,The paraphrased question still inquires about the same characteristics of the same .NET malware involved in the ZIRCONIUM campaign.
What are the recommended methods for identifying and eradicating RaaS malware employed by the OilRig threat actor?,What are the best practices for detecting and removing RaaS malware used by OilRig?,False,False,True,False,True,True,False,False,EQUIVALENT,"The paraphrased question preserves the original meaning, entities (RaaS malware and OilRig), and relationship (detection and removal methods), with only superficial rewording."
What techniques are characteristic of the Magic Hound intrusion set in the context of.NET malware?,Which.NET malware techniques are characteristic of the Magic Hound intrusion set?,False,False,False,False,False,False,False,False,EQUIVALENT,"The paraphrased question still asks about the same entity (Magic Hound intrusion set) and relationship (characteristic techniques) as the original question, with only a superficial rewording."
In what environments are the tactics employed by Strider typically deployed?,On which platforms are the spyware techniques used by Strider typically implemented?,False,False,False,False,False,False,False,False,EQUIVALENT,"The paraphrased question preserves the original meaning, entities, and relationship, with ""platforms"" and ""environments"" being interchangeable terms in this context, and ""techniques"" and ""tactics"" also conveying the same idea."
On which primary platforms do worms affiliated with RTM typically operate?,What are the primary platforms exploited by the worms employed by RTM?,True,True,True,True,True,True,True,True,EQUIVALENT,"The paraphrased question preserves the original meaning, entities (RTM and worms), and relationship (exploitation), with only a superficial rewording of the syntax."
What are the recommended countermeasures for identifying and eliminating RaaS malware operations associated with APT3?,What are the best practices for detecting and removing RaaS malware used by APT3?,True,False,True,False,False,False,False,False,EQUIVALENT,"The paraphrased question preserves the original's meaning, entities (RaaS malware and APT3), and relationship (detecting and removing), using synonymous terms like ""countermeasures"" for ""best practices"" and ""identifying and eliminating"" for ""detecting and removing""."
Which systems are commonly targeted by malware created to breach Industrial Control Systems utilized by the notorious hacking group known as Ferocious Kitten?,What types of systems are typically targeted by malware designed to compromise ICS devices used by Ferocious Kitten?,False,False,False,False,False,False,False,False,EQUIVALENT,"The paraphrased question preserves the original meaning, entities, and relationship, with only superficial rewording and added descriptive phrases for clarity."
Which systems are typically targeted by the malware worms associated with the Dust Storm?,What platforms do the malware worms used by Dust Storm tend to infect?,False,False,False,False,False,False,False,False,EQUIVALENT,"The paraphrased question still asks about the same entities (malware worms, Dust Storm) and relationship (infection/targeting), with only a minor rewording of terms (""platforms"" to ""systems"", ""tend to infect"" to ""typically targeted"")."
On which devices or platforms does Ke3chang's malware generally execute its operations?,On what platforms or devices do the spyware techniques used by Ke3chang typically operate?,False,False,False,False,False,False,False,False,EQUIVALENT,"The paraphrased question still inquires about the platforms or devices where Ke3chang's malicious software, referred to as spyware or malware, operates."
What platforms do Metador's malware typically propagate its malicious payload across?,On what platforms do the worms used by Metador usually spread their malicious code?,False,False,False,False,False,False,False,False,EQUIVALENT,"The paraphrased question still refers to the same entity (Metador's malware) and relationship (spreading malicious code), with only a change in wording from ""worms"" to ""malware"" and ""spread"" to ""propagate""."
What methods would you use to detect and identify RaaS malware attributed to the threat actor known as Putter Panda?,How do you identify and detect RaaS malware used by Putter Panda?,True,False,True,False,True,False,True,False,EQUIVALENT,"The paraphrased question still asks about identifying and detecting RaaS malware used by Putter Panda, with only minor rewording of the original question."
"What devices are commonly targeted by the backdoor operated by Indrik Spider, which utilizes RPC functionality?",Which types of devices are usually compromised by the RPC-based backdoor employed by Indrik Spider?,False,False,False,False,False,False,False,False,EQUIVALENT,"The paraphrased question still inquires about the types of devices compromised by the RPC-based backdoor used by Indrik Spider, with only superficial rewording."
What platforms are primarily targeted by the worms used in the BITTER attacks?,What are the primary platforms exploited by the worms employed by BITTER?,False,False,True,True,False,True,False,True,EQUIVALENT,"The paraphrased question still asks about the primary platforms targeted by the worms used in BITTER, preserving the original meaning and entities."
In which settings do FIN6 malware usually display their malicious actions?,In which environments do the worms used by FIN6 typically exhibit their malicious behavior?,False,False,False,False,False,False,False,False,NOT_EQUIVALENT,"The paraphrased question refers to ""FIN6 malware"" instead of ""worms used by FIN6"", changing the entity being asked about."
What are the telltale signs and markers of a RaaS malware attack associated with the Lotus Blossom threat actor?,What are the key indicators of compromise for RaaS malware used by Lotus Blossom?,False,False,False,False,False,False,False,False,EQUIVALENT,"The paraphrased question still asks about the same indicators of RaaS malware associated with the Lotus Blossom threat actor, using synonymous terms."
What platforms are targeted by the malicious activities of the spyware known as menuPass?,What platforms do the techniques of spyware employed by menuPass utilize?,True,False,False,True,True,False,True,False,EQUIVALENT,"The paraphrased question still inquires about the platforms affected by the spyware techniques employed by menuPass, preserving the original meaning and entities."
In which environments or platforms are the spyware tactics employed by the Gorgon Group most commonly encountered?,Which platforms or environments are most frequently exploited by the spyware techniques of Gorgon Group?,True,True,True,True,True,True,True,True,EQUIVALENT,"The paraphrased question preserves the original meaning, entities, and relationship, with only a superficial rewording of the sentence structure."
Which types of industrial control systems are commonly exploited by malware attributed to the activities of the notorious threat actor group known as APT37?,What types of systems are typically targeted by malware designed to compromise ICS devices used by APT37?,False,False,False,False,False,False,False,False,EQUIVALENT,"The paraphrased question still refers to the same entity (APT37) and relationship (targeting ICS devices with malware), with only superficial rewording."
What techniques commonly associated with the Ferocious Kitten intrusion set are found in.NET-based malware?,Which.NET-based malware techniques are commonly linked to the Ferocious Kitten intrusion set?,False,False,False,False,False,False,True,False,EQUIVALENT,"The paraphrased question still inquires about the same techniques, entities, and relationship as the original, with only a superficial rewording of the syntax."
What platforms are commonly targeted by the worm behavior exhibited by Mofang?,What types of platforms are typically affected by the worm behavior of Mofang?,True,True,True,True,True,True,True,True,EQUIVALENT,"The paraphrased question still inquires about the same entity (Mofang's worm behavior) and its relationship to the same type of entity (platforms), with only a minor rewording of the query."
What characteristics can be identified in the malware associated with the APT33 campaign?,What are the characteristics of.NET malware involved in the APT33 campaign?,False,False,False,False,False,False,False,False,EQUIVALENT,"The paraphrased question still inquires about the same characteristics of the same malware associated with the APT33 campaign, with only minor wording changes."
What types of systems or equipment are frequently targeted by the RPC-based backdoor employed by APT3?,What systems or devices are commonly compromised by the RPC-based backdoor used by APT3?,True,False,False,False,True,True,True,True,EQUIVALENT,The paraphrased question still asks about the same entities (systems/devices) and relationship (being compromised/targeted) as the original question.
What techniques associated with the LuminousMoth intrusion set are typically found in.NET-based malware?,Which.NET-based malware techniques are commonly linked to the LuminousMoth intrusion set?,False,False,False,False,False,False,True,False,EQUIVALENT,"The paraphrased question still inquires about the same techniques, entities, and relationship, with only a superficial rewording of the original question."
What types of systems are usually attacked by in-memory malware that was used in the SolarWinds Compromise?,What types of systems are typically targeted by in-memory malware employed in SolarWinds Compromise?,False,True,True,False,True,False,True,True,EQUIVALENT,"The paraphrased question preserves the original meaning, entities, and relationship, with only a minor rewording from ""targeted"" to ""attacked"" and ""employed"" to ""used""."
What are the primary platforms that Soft Cell spyware techniques are typically directed against?,Which platforms serve as the primary targets for the spyware techniques utilized by Soft Cell?,False,True,True,True,False,True,False,False,EQUIVALENT,"The paraphrased question preserves the original meaning, entities, and relationship, with only a superficial rewording of the sentence structure."
Which industrial control systems are at greatest risk of being compromised by malware from the HEXANE group that specifically targets ICS devices?,"Which systems are most vulnerable to malware attacks by the HEXANE group, which targets ICS devices?",True,False,False,False,False,False,False,True,EQUIVALENT,"The paraphrased question still asks about the vulnerability of ICS devices to malware attacks by the HEXANE group, with no change in entities or relationship."
What systems or networks are commonly targeted by the RPC-based backdoor exploited during a cyber attack attributed to Andariel?,What are the typical targets of the RPC-based backdoor exploited by Andariel in a cyber attack?,True,True,False,False,True,False,False,True,EQUIVALENT,"The paraphrased question still asks about the targets of the same RPC-based backdoor exploited by Andariel in a cyber attack, with only minor rewording."
What systems or processes are usually targeted by the attackers using the RPC-based backdoor known as HEXANE in a cyber attack scenario?,What are the typical targets of the RPC-based backdoor exploited by HEXANE in a cyber attack?,True,False,False,False,True,False,True,False,EQUIVALENT,"The paraphrased question still asks about the targets of the RPC-based backdoor exploited by HEXANE in a cyber attack, preserving the original entities and relationship."
What detection methods are most critical for identifying RaaS malware operations conducted by the threat actor known as APT17 within a network infrastructure?,What are the essential detection strategies for RaaS malware used by APT17 in a network environment?,False,False,True,True,False,False,True,True,EQUIVALENT,"The paraphrased question preserves the original's meaning, entities (RaaS malware, APT17, network environment), and relationship (detection strategies), with only superficial rewording."
What kinds of systems are typically targeted by the RPC-based backdoor known as CURIUM?,Which types of systems are commonly targeted by the RPC-based backdoor employed by CURIUM?,False,False,False,False,True,False,True,False,NOT_EQUIVALENT,"The paraphrased question changes the relationship between CURIUM and the RPC-based backdoor from ""employed by"" to ""known as"", altering the meaning of the original question."
Which environments and platforms are predominantly targeted by the spyware tactics employed in Dragonfly 2.0?,What platforms or environments are most commonly affected by the spyware techniques of Dragonfly 2.0?,True,True,True,True,True,True,True,True,EQUIVALENT,"The paraphrased question preserves the original meaning, entities, and relationship, with only superficial rewording of ""most commonly affected"" to ""predominantly targeted"" and ""techniques"" to ""tactics""."
In what settings do the malicious worms employed by GALLIUM usually manifest their malicious behavior?,In which environments do the worms used by GALLIUM typically exhibit their malicious behavior?,False,False,True,True,True,True,True,True,EQUIVALENT,"The paraphrased question preserves the original meaning, entities (GALLIUM and the worms), and relationship (exhibiting malicious behavior), with only superficial rewording."
What.NET malware tactics are typically associated with the TA505 intrusion set?,Which.NET malware techniques are characteristic of the TA505 intrusion set?,False,False,False,False,False,False,False,False,EQUIVALENT,"The paraphrased question uses ""tactics"" instead of ""techniques"", but in this context, the terms are interchangeable and refer to the same entity and relationship."
Which systems and platforms are commonly attacked by the worm's tactics as indicated in C0033?,What platforms are frequently targeted by the worm's methods in C0033?,True,True,True,True,True,True,True,True,EQUIVALENT,The paraphrased question still asks about the same entities (the worm's methods/tactics and platforms/systems) and relationship (being targeted/attacked) as the original question.
What are the most effective countermeasures against RaaS malware employed by the advanced threat actor APT39?,What methods can be used to detect and prevent RaaS malware used by APT39?,False,False,False,False,False,False,False,False,EQUIVALENT,"The paraphrased question still asks about methods to counter RaaS malware used by APT39, with ""countermeasures"" being a synonym for ""methods to detect and prevent""."
What platforms were compromised by the worm's tactics during the 2016 Ukraine Electric Power Attack?,What types of platforms are vulnerable to the worm's techniques in 2016 Ukraine Electric Power Attack?,True,True,True,False,True,True,True,True,EQUIVALENT,"The paraphrased question still inquires about the same entities and relationship, only changing the wording from ""vulnerable to"" to ""compromised by""."
What detection techniques do experts typically use to identify and flag RaaS malware as reported by Moses Staff?,What are the primary detection techniques for RaaS malware utilized by Moses Staff?,True,False,True,False,True,False,True,True,EQUIVALENT,"The paraphrased question still inquires about the primary detection techniques for RaaS malware in relation to Moses Staff, with only superficial rewording."
In which environments do malicious activities from Gallmaker's worms usually manifest themselves?,In which environments do the worms used by Gallmaker typically exhibit their malicious behavior?,True,False,True,False,True,False,True,True,EQUIVALENT,"The paraphrased question still asks about the environments where the worms used by Gallmaker exhibit malicious behavior, with only superficial rewording."
Which systems or platforms are susceptible to the spyware tactics employed by Ajax Security Team?,What types of platforms or systems are vulnerable to the spyware techniques used by Ajax Security Team?,True,True,True,False,True,True,True,True,EQUIVALENT,"The paraphrased question preserves the original meaning, entities, and relationship, with only superficial rewording from ""vulnerable"" to ""susceptible"" and ""techniques"" to ""tactics""."
What kinds of systems are frequently exploited by malicious software employed to breach Industrial Control Systems devices utilizing NEODYMIUM?,What types of systems are commonly targeted by malware used to compromise the ICS devices of NEODYMIUM?,False,False,False,True,False,False,False,False,EQUIVALENT,"The paraphrased question preserves the original meaning, entities, and relationship, with only superficial rewording and synonymous term replacements."
What types of systems do malware specifically designed to target industrial control networks operated by Earth Lusca primarily aim to infect?,What are the main targets of malware specifically crafted to infect ICS devices operated by Earth Lusca?,False,False,False,False,False,False,False,False,EQUIVALENT,"The paraphrased question still asks about the primary targets of malware aimed at systems operated by Earth Lusca, with ""ICS devices"" being essentially equivalent to ""industrial control networks""."
"Was MarkiRAT utilized by the Honeybee threat actor in their operation, and if so, what are the key actions it performed?","Can you confirm whether MarkiRAT was used by the Honeybee in their campaign? If yes, what are its primary behaviors?",False,False,False,False,False,False,False,False,EQUIVALENT,"The paraphrased question preserves the original meaning, entities, and relationship, with only superficial rewording and synonymous term replacements."
Can a potential threat actor exploit the Outlook Home Page to gain unauthorized access to the Control Server?,Can the Outlook Home Page be used to compromise the Control Server?,False,False,False,False,False,False,False,False,EQUIVALENT,"The paraphrased question still inquires about the potential vulnerability of the Outlook Home Page to compromise the Control Server, using different wording."
"Has GOLD SOUTHFIELD utilized the malware Mivast in their cyber operations? If so, what specific behaviors have been documented for this malware?","Has Mivast been employed in the cyber campaign orchestrated by GOLD SOUTHFIELD? If so, what are its identified behaviors?",False,False,False,False,False,False,False,False,EQUIVALENT,"The paraphrased question preserves the original's meaning, entities (Mivast and GOLD SOUTHFIELD), and relationship (employment/utilization in cyber campaign/operations), with only superficial rewording."
Does ZxShell play a part in the execution of Operation Dust Storm?,Does the Operation Dust Storm involve the deployment of ZxShell?,False,True,True,False,False,False,False,True,EQUIVALENT,"The paraphrased question still inquires about the involvement of ZxShell in Operation Dust Storm, preserving the original entities and relationship."
Is the C0015 comprised of the FLASHFLOOD component?,Is FLASHFLOOD a key component of the C0015?,False,True,False,False,False,False,False,False,EQUIVALENT,"The paraphrased question inquires about the same relationship between the same entities, C0015 and FLASHFLOOD, as the original question."
"Has Cobian RAT been utilized by the threat actor known as Leviathan in their malicious activities, and if so, what are its characteristic behaviors?","Has Leviathan employed Cobian RAT in their operations? If they have, describe its typical behaviors.",False,False,False,False,True,False,False,False,EQUIVALENT,"The paraphrased question preserves the original's meaning, entities (Leviathan and Cobian RAT), and relationship (employment/utilization in operations), with only superficial rewording."
"Was Gelsemium an operation in which OopsIE was utilized, and if so, what distinct behaviors does OopsIE typically exhibit?","Is it true that OopsIE was deployed as part of a Gelsemium operation? If so, what are its characteristic behaviors?",True,False,False,False,False,False,False,False,EQUIVALENT,"The paraphrased question preserves the original entities (OopsIE and Gelsemium) and relationship (deployment as part of an operation), with only superficial rewording."
Were the key behaviors of the Ferocious Kitten campaign associated with the detection of Desert Scorpion?,"Were any instances of Desert Scorpion detected in the Ferocious Kitten campaign? If yes, what are its key behaviors?",False,False,False,False,False,False,False,False,NOT_EQUIVALENT,"The paraphrased question assumes the detection of Desert Scorpion and only asks about associated behaviors, whereas the original question first asks about the detection itself."
What actions are performed by the Lokibot?,What actions does the Lokibot take?,True,True,True,True,True,True,True,True,EQUIVALENT,"The paraphrased question still asks about the actions of the same entity, the Lokibot, without changing the relationship or scope."
What characteristic behavior is associated with the Uroburos?,What kind of behavior is characteristic of the Uroburos?,True,True,True,True,True,True,True,False,EQUIVALENT,"The paraphrased question still inquires about the characteristic behavior of the Uroburos, preserving the original meaning and entities."
How does the SUNSPOT function?,In what way does the SUNSPOT operate?,False,False,True,True,True,True,True,True,EQUIVALENT,"The paraphrased question still inquires about the operation of the SUNSPOT, using the synonym ""function"" instead of ""operate""."
How do MESSAGETAP methods manage to avoid being detected by firewalls and other security software?,In what ways do MESSAGETAP techniques evade detection by firewalls and other security tools?,False,False,True,False,False,False,True,False,EQUIVALENT,"The paraphrased question preserves the original meaning, entities (MESSAGETAP techniques/methods), and relationship (evading/avoiding detection), with only superficial rewording."
What features is the ThiefQuest known for?,What characteristics does the ThiefQuest exhibit?,False,True,False,True,False,True,True,False,EQUIVALENT,"The paraphrased question still inquires about the same entity, ThiefQuest, and the same relationship, its characteristics or features, with only a superficial rewording from ""characteristics"" to ""features""."
How does the Shark function?,In what way does the Shark operate?,True,True,True,True,True,True,True,True,EQUIVALENT,"The paraphrased question still inquires about the manner of operation of the same entity, the Shark."
What is the operational mechanism of BlackMould?,How does the BlackMould function?,True,True,True,True,True,True,True,True,EQUIVALENT,"The paraphrased question asks about the same entity, BlackMould, and its functional mechanism, preserving the original question's meaning and scope."
In which domains is the cmd most frequently encountered?,What are the domains where cmd is most commonly found?,False,False,False,False,False,False,False,False,EQUIVALENT,"The paraphrased question preserves the original meaning, asking about the same entity ""cmd"" and its frequency of occurrence across domains."
What types of security measures are commonly circumvented by the CARROTBAT tactics?,What types of safeguards are typically outsmarted by CARROTBAT tactics?,True,True,True,True,True,True,True,True,EQUIVALENT,"The paraphrased question uses synonymous terms ""safeguards"" and ""security measures"", and ""outsmarted"" and ""circumvented"", while maintaining the same entity ""CARROTBAT tactics"" and relationship being asked about."
What security measures are evaded by the tactics employed in the Cinnamon Tempest?,What security defenses are bypassed by techniques used by the Cinnamon Tempest?,False,True,True,True,True,True,True,True,EQUIVALENT,"The paraphrased question preserves the original meaning, entities, and relationship, with ""defenses"" and ""measures"" being synonymous, and ""bypassed"" and ""evaded"" conveying the same concept."
What types of security measures are commonly evaded by the tactics employed by InnaputRAT?,Which types of defenses are typically circumvented by InnaputRAT methods?,True,True,True,False,True,True,True,True,EQUIVALENT,"The paraphrased question still inquires about the types of defenses or security measures that InnaputRAT methods can circumvent or evade, preserving the original meaning and entities."
What types of security measures commonly fall prey to the tactics employed by Royal cyber threats?,What types of safeguards are typically outsmarted by Royal tactics?,False,True,False,True,False,True,True,True,NOT_EQUIVALENT,"The paraphrased question introduces the specific context of ""cyber threats"", which is not present in the original question."
What methods does Evilnum employ to avoid being detected by different types of security defenses?,How do techniques utilized by the Evilnum manage to evade detection by various defenses?,True,False,True,False,False,False,True,False,EQUIVALENT,"The paraphrased question preserves the original meaning, entities (Evilnum and defenses), and relationship (evading detection), with only superficial rewording."
What are the primary targets of the tactics and methods employed by Metador?,What types of platforms or devices are the Metador tactics and methods primarily intended to target?,False,False,False,False,False,False,False,False,NOT_EQUIVALENT,"The paraphrased question broadens the scope by removing the specific context of ""platforms or devices"" as the targets."
What security protocols do DarkTortilla exploits commonly circumvent?,Which security protocols are often bypassed by DarkTortilla exploits?,True,True,True,False,True,True,True,True,EQUIVALENT,"The paraphrased question preserves the original meaning, entities, and relationship, using synonymous terms ""bypassed"" and ""circumvent"" to describe the action of DarkTortilla exploits on security protocols."
What are the actions that Prestige undertakes?,What actions does the Prestige take?,True,True,True,True,True,True,True,True,EQUIVALENT,"The paraphrased question still refers to the same entity ""Prestige"" and inquires about the same relationship of ""actions"" it takes or undertakes."
What malware was utilized in the 2016 Ukraine Electric Power Attack?,What type of malware is used by the 2016 Ukraine Electric Power Attack?,True,False,True,False,True,False,False,True,EQUIVALENT,The paraphrased question still asks about the same event and the same type of information (malware) as the original question.
What was the primary target of the 2015 Ukraine Electric Power Attack cyberattack?,What platform was the focal point of the 2015 Ukraine Electric Power Attack's cyberattack?,False,False,False,False,False,False,False,False,EQUIVALENT,The paraphrased question still asks about the primary entity (target/platform) affected by the same event (2015 Ukraine Electric Power Attack's cyberattack).
What typical behaviors are commonly linked to TDTESS?,What are the typical behaviors associated with the TDTESS?,True,True,True,True,True,True,True,True,EQUIVALENT,"The paraphrased question preserves the original meaning and entities, only rephrasing the wording to ask about the same relationship between behaviors and TDTESS."
In which environment does Cobalt Strike typically initiate its operation?,In what environment does Cobalt Strike become active?,False,False,False,False,True,False,True,False,EQUIVALENT,"The paraphrased question preserves the original meaning, asking about the environment where Cobalt Strike becomes active or initiates its operation, with no change in entities or relationship."
What security measures can FIN7's tactics be designed to evade or bypass?,What types of security measures can techniques employed by the FIN7 circumvent?,False,False,True,False,True,False,True,False,EQUIVALENT,"The paraphrased question still asks about the security measures that FIN7 can circumvent, using synonyms for ""circumvent"" such as ""evade"" and ""bypass""."
What devices or systems are primarily targeted by the tactics associated with CopyKittens?,What types of devices or systems are the primary targets of the CopyKittens tactics?,False,True,False,False,False,False,False,False,EQUIVALENT,"The paraphrased question preserves the original meaning, entities, and relationship, with only minor rewording of the sentence structure."
How do the methods employed by APT39 undermine the efficacy of diverse security measures?,In what ways do techniques used by the APT39 compromise the effectiveness of various security defenses?,True,False,True,False,False,True,True,True,EQUIVALENT,"The paraphrased question preserves the original meaning, entities (APT39 and security defenses/measures), and relationship (compromising/undermining effectiveness/efficacy) with only superficial rewording."
What techniques and platforms are typically linked with FIN6 attacks?,What platforms are commonly associated with the FIN6 attacks and their techniques?,True,True,True,True,True,True,True,False,EQUIVALENT,"The paraphrased question still inquires about the same entities (FIN6 attacks) and relationship (associated techniques and platforms), with only a superficial rewording of the original question."
What methods do FIN4 tactics employ to evade various security defenses?,How do techniques used by the FIN4 outsmart various security defenses?,False,False,True,False,False,True,True,False,EQUIVALENT,"The paraphrased question still asks about the methods used by FIN4 to evade security defenses, preserving the original meaning and entities."
What technique is utilized by ZIRCONIUM?,What technique does the ZIRCONIUM employ?,True,True,True,True,True,True,True,True,EQUIVALENT,"The paraphrased question still asks about the same entity (ZIRCONIUM) and the same relationship (the technique it employs), with only a superficial rewording of the sentence structure."
What behaviors are characteristic of the Marcher?,What are the typical behaviors associated with the Marcher?,True,True,True,True,True,True,True,True,EQUIVALENT,The paraphrased question preserves the original meaning and asks about the same entity (the Marcher) and relationship (typical/characteristic behaviors).
What kinds of security measures do Pisloader methods typically bypass?,What kinds of protection do Pisloader techniques usually sidestep?,True,False,True,True,True,True,True,True,EQUIVALENT,"The paraphrased question preserves the original meaning, replacing ""protection"" with ""security measures"" and ""sidestep"" with ""bypass"", which are semantically equivalent in this context."
What security measures are commonly compromised by RedLeaves methods?,What security features do RedLeaves methods frequently undermine?,False,True,True,True,True,True,True,True,EQUIVALENT,"The paraphrased question preserves the original meaning, entities, and relationship, with ""security features"" and ""security measures"" being synonymous in this context."
What was the primary target of the FunnyDream cyberattack's focus?,What platform was the focal point of the FunnyDream's cyberattack?,False,False,False,False,False,False,False,False,EQUIVALENT,"The paraphrased question still asks about the central target of the FunnyDream cyberattack, preserving the original meaning and entities."
On which platforms or devices are the Magic Hound tactics and methods primarily designed to operate?,What types of platforms or devices are the Magic Hound tactics and methods primarily intended to target?,True,False,True,True,True,False,True,False,EQUIVALENT,"The paraphrased question still inquires about the primary target of the Magic Hound tactics and methods, with only a minor rewording from ""intended to target"" to ""designed to operate""."
What behavior can be expected from Sakula?,How does the Sakula behave?,True,True,True,True,True,False,True,True,EQUIVALENT,"The paraphrased question still inquires about the behavior of the same entity, Sakula, without adding or changing any constraints."
What security protocols are commonly evaded by SpyDealer exploits?,Which security protocols are often bypassed by SpyDealer exploits?,True,True,True,True,True,True,True,False,EQUIVALENT,"The paraphrased question uses ""evaded"" instead of ""bypassed"", but both words convey the same meaning in this context, referring to the same relationship between SpyDealer exploits and security protocols."
What security measures do various TEXTMATE tactics manage to circumvent?,What security measures do TEXTMATE techniques manage to evade?,False,False,True,True,True,True,True,True,EQUIVALENT,"The paraphrased question uses the synonym ""circumvent"" in place of ""evade"", preserving the original meaning and entities."
What are the specific actions that the ObliqueRAT malware performs?,What actions does the ObliqueRAT take?,True,True,True,True,True,True,True,True,EQUIVALENT,"The paraphrased question still asks about the actions of the same entity, ObliqueRAT, without adding or changing any constraints."
What methodology has been utilized in the context of FunnyDream?,What approach has been taken in the FunnyDream?,True,True,True,True,True,False,True,True,EQUIVALENT,"The paraphrased question uses synonymous terms (""approach"" and ""methodology"", ""taken"" and ""utilized"", ""in"" and ""in the context of"") without changing the entity or relationship being asked about."
What security measures can Peppy tactics successfully bypass?,What security measures do Peppy techniques manage to evade?,True,True,True,True,True,True,True,True,EQUIVALENT,"The paraphrased question preserves the original meaning, entities, and relationship, with ""evade"" and ""bypass"" being synonymous in this context."
What methods do TURNEDUP techniques utilize to remain undetected by firewalls and other security-related software?,In what ways do TURNEDUP techniques evade detection by firewalls and other security tools?,False,False,False,False,False,False,True,False,EQUIVALENT,"The paraphrased question preserves the original meaning, entities, and relationship, with only superficial rewording changes."
What malware is believed to have been utilized during the 2022 Ukraine Electric Power Attack?,What kind of virus is being employed by the 2022 Ukraine Electric Power Attack?,True,False,True,False,True,True,False,True,EQUIVALENT,"The terms ""virus"" and ""malware"" are often used interchangeably in this context, referring to the same entity and relationship."
What characteristics are inherent to the GrimAgent?,What characteristics does the GrimAgent exhibit?,True,False,True,True,True,True,True,False,EQUIVALENT,"The paraphrased question still inquires about the characteristics of the GrimAgent, with ""inherent to"" being a synonymous rewording of ""exhibit""."
What type of attack vector is most frequently associated with the LAPSUS$?,Which attack vector is commonly linked to the LAPSUS$?,False,False,True,True,True,True,True,True,EQUIVALENT,"The paraphrased question preserves the original meaning, asking about the same entity (LAPSUS$) and relationship (commonly linked/associated attack vector), with only a minor rewording."
What types of security measures typically get bypassed by Marcher tactics?,What kinds of protection do Marcher techniques usually sidestep?,True,True,True,True,True,True,True,True,EQUIVALENT,"The paraphrased question preserves the original meaning, asking about the same entity (Marcher techniques/tactics) and relationship (sidestepping/bypassing), with only a superficial rewording of ""protection"" to ""security measures""."
What types of security measures are commonly bypassed by BLACKCOFFEE tactics?,Which types of defenses are typically circumvented by BLACKCOFFEE methods?,True,True,True,True,True,True,True,True,EQUIVALENT,"The paraphrased question preserves the original meaning, replacing ""defenses"" with ""security measures"" and ""circumvented"" with ""bypassed"", which are semantically equivalent in this context."
What typical behaviors are commonly linked to the Misdat?,What are the typical behaviors associated with the Misdat?,True,True,True,True,True,True,True,True,EQUIVALENT,"The paraphrased question preserves the original meaning and entities, only rephrasing the wording with synonymous terms like ""associated"" and ""linked""."
What are the defining traits of the Xbash's operational patterns?,What are the primary characteristics of the Xbash's behavior?,True,True,True,True,True,True,True,True,EQUIVALENT,"The paraphrased question still inquires about the primary characteristics of the Xbash's behavior, using synonymous terms."
What was the primary focus of the C0017 attack?,What was the primary target in the C0017?,False,False,False,False,False,False,False,False,EQUIVALENT,"The terms ""primary target"" and ""primary focus"" convey the same meaning in the context of the C0017, referring to the main objective or aim."
What methods do malicious actors employ to avoid detection by firewalls and other security tools when utilizing the Trojan-SMS.AndroidOS.OpFake.a threat?,In what ways do Trojan-SMS.AndroidOS.OpFake.a techniques evade detection by firewalls and other security tools?,False,False,False,False,False,False,False,False,EQUIVALENT,"The paraphrased question still asks about the same techniques used by the same entity, Trojan-SMS.AndroidOS.OpFake.a, to evade detection, with only a superficial rewording of the query."
What behaviors are characteristic of the Azorult malware?,What are the typical behaviors associated with the Azorult?,True,True,True,True,True,True,True,True,EQUIVALENT,"The paraphrased question still inquires about the typical behaviors of the Azorult, with ""characteristic"" being a synonym for ""typical"" and ""malware"" being an inherent property of Azorult."
What behavior can be expected from GolfSpy?,How does the GolfSpy behave?,True,True,True,True,True,True,True,True,EQUIVALENT,"The paraphrased question still inquires about the behavior of the GolfSpy entity, with no change in scope or relationship."
What platforms are likely to be targeted by the Fox Kitten cyber threats?,Which platforms are most vulnerable to the attacks carried out by the Fox Kitten?,False,False,False,False,False,False,True,False,EQUIVALENT,"The paraphrased question still asks about the same entity (Fox Kitten) and its relationship to platforms (vulnerability/targeting), with only a minor rewording of the threat aspect."
What malware does the C0017 virus typically employ?,What virus is the C0017 known to use?,True,False,True,False,True,False,True,True,NOT_EQUIVALENT,"The original question asks about a virus used by the C0017, while the paraphrased question asks about malware employed by the C0017 virus, reversing the relationship and adding an entity type."
What tactics do Pegasus for iOS exploits employ to bypass security protocols?,What security measures do Pegasus for iOS techniques manage to evade?,False,False,False,False,False,False,False,False,EQUIVALENT,"The paraphrased question still inquires about the methods used by Pegasus for iOS to circumvent security, with ""evade"" and ""bypass"" conveying the same meaning."
What security measures are typically evaded by DarkGate exploits?,Which security protocols are often bypassed by DarkGate exploits?,True,True,True,True,True,True,True,True,EQUIVALENT,The paraphrased question still inquires about the same type of security mechanisms (protocols/measures) being bypassed/evaded by the same entity (DarkGate exploits).
What types of security measures are typically circumvented by MobileOrder methods?,What kinds of protection do MobileOrder techniques usually sidestep?,False,True,True,True,True,True,True,True,EQUIVALENT,"The paraphrased question preserves the original meaning, asking about the same entity (MobileOrder techniques/methods) and relationship (sidestepping/circumventing), with only a superficial rewording of ""protection"" to ""security measures""."
What methods does XLoader utilize to remain undetected by firewalls and other security software?,In what ways do XLoader techniques evade detection by firewalls and other security tools?,False,False,False,False,False,False,False,False,EQUIVALENT,"The paraphrased question preserves the original meaning, entities (XLoader, firewalls, security tools/software), and relationship (evading detection), with only superficial rewording."
What characteristics are most distinctive of SysUpdate's operational behavior?,What are the primary characteristics of the SysUpdate's behavior?,True,True,True,True,True,True,True,True,EQUIVALENT,"The paraphrased question still inquires about the primary characteristics of SysUpdate's behavior, using synonymous terms."
What technique does Taidoor utilize?,What method does the Taidoor employ?,True,True,True,True,True,True,True,True,EQUIVALENT,"The paraphrased question preserves the same entity (Taidoor) and relationship (method/technique), with only a synonymous term change."
What security protocols typically get circumvented by Remexi exploits?,Which security protocols are often bypassed by Remexi exploits?,False,True,True,True,True,True,True,True,EQUIVALENT,"The paraphrased question uses synonymous terms, with ""bypassed"" and ""circumvented"" conveying the same meaning in the context of security protocols and Remexi exploits."
What does FIN5's behavior typically manifest as?,What is the nature of the FIN5's behavior?,True,True,True,True,True,True,True,True,EQUIVALENT,"The paraphrased question still inquires about the nature of FIN5's behavior, using ""typically manifest as"" as a synonym for describing its nature."
What defensive measures are typically circumvented by Cryptoistic attacks?,Which defensive strategies are commonly bypassed by Cryptoistic attacks?,False,True,True,True,True,True,True,True,EQUIVALENT,"The paraphrased question uses synonymous terms ""defensive measures"" and ""circumvented"" to convey the same meaning as the original question."
What approach does xCmd employ?,What strategy does the xCmd use?,True,True,True,True,True,True,True,True,EQUIVALENT,"The paraphrased question still asks about the strategy or method used by xCmd, with ""approach"" being a synonym for ""strategy""."
What are the operational mechanisms behind the Leviathan?,How does the Leviathan operate?,True,True,True,False,True,True,True,True,EQUIVALENT,"The paraphrased question still inquires about the functioning of the Leviathan, using different wording to ask the same thing."
What method does GCMAN utilize?,What method is employed by the GCMAN?,True,True,True,True,True,True,True,True,EQUIVALENT,"The paraphrased question uses a synonym for ""employ"", which preserves the original meaning and relationship being asked about."
What functionality does ThreatNeedle possess?,How does the ThreatNeedle function?,True,True,False,False,True,True,True,True,EQUIVALENT,"The paraphrased question still inquires about the functionality of the same entity, ThreatNeedle, without adding or changing any constraints."
What are the key behavioral traits associated with the CosmicDuke?,What are the primary characteristics of the CosmicDuke's behavior?,True,True,True,True,True,True,True,True,EQUIVALENT,"The paraphrased question still inquires about the primary characteristics of the CosmicDuke's behavior, using synonymous terms."
What behavior is most characteristic of the Desert Scorpion?,What type of behavior is typical for the Desert Scorpion?,True,True,True,True,True,True,True,True,EQUIVALENT,"The paraphrased question still asks about the typical behavior of the Desert Scorpion, using synonymous language."
What tactics do malicious actors use in Bandook attacks to remain undetected by intrusion detection systems and other security software?,How do Bandook attacks manage to evade detection by intrusion detection systems and other security software?,False,False,False,False,False,False,True,False,EQUIVALENT,"The paraphrased question still asks about the methods used by Bandook attacks to evade detection, with only a superficial rewording of the original question."
What features are inherent to the TYPEFRAME?,What characteristics does the TYPEFRAME exhibit?,False,True,False,True,True,True,False,True,EQUIVALENT,"The paraphrased question still inquires about the inherent properties of the TYPEFRAME, using ""features"" as a synonym for ""characteristics""."
What security measures are frequently circumvented by GLOOXMAIL threats?,Which defensive strategies are commonly bypassed by GLOOXMAIL attacks?,True,True,True,True,True,True,True,False,EQUIVALENT,"The paraphrased question preserves the original meaning, asking about the same type of strategies (defensive/security measures) in relation to the same entity (GLOOXMAIL attacks/threats)."
What sets the BRONZE BUTLER apart from other types of cyber threats?,What are the distinguishing characteristics of the BRONZE BUTLER?,False,False,True,False,True,False,False,False,NOT_EQUIVALENT,"The paraphrased question introduces a new context of comparison to ""other types of cyber threats"" that is not present in the original question."
What tactics do Octopus attacks employ to avoid being detected by intrusion detection systems and other types of security software?,How do Octopus attacks manage to evade detection by intrusion detection systems and other security software?,False,False,True,False,False,False,False,False,EQUIVALENT,"The paraphrased question preserves the original meaning, entities, and relationship, with only superficial rewording of ""manage to evade detection"" to ""avoid being detected""."
How does the Calisto function?,In what way does the Calisto operate?,True,True,True,True,True,True,True,True,EQUIVALENT,"The paraphrased question still inquires about the mode of operation of the Calisto, using ""function"" as a synonym for ""operate""."
What types of defense can be circumvented by using Forfiles?,What defense Forfiles can be sidestepped by?,True,False,False,True,True,False,True,False,EQUIVALENT,"The paraphrased question still asks about the same entity ""Forfiles"" and the same relationship of being sidestepped or circumvented, with only a superficial rewording of ""defense"" to ""types of defense"" and ""sidestepped"" to ""circumvented""."
How does the EventBot function?,In what way does the EventBot operate?,False,True,True,True,True,True,True,True,EQUIVALENT,"The paraphrased question still inquires about the operation of the EventBot, using the synonym ""function"" instead of ""operate""."
What types of malicious activities is APT29 commonly known to conduct?,What kind of actions does the APT29 typically undertake?,True,True,True,False,True,True,True,True,EQUIVALENT,"The paraphrased question still inquires about the same entity (APT29) and its typical actions, using synonymous terms for ""actions"" and ""malicious activities""."
What security protocols are commonly circumvented by SpyNote RAT malware?,Which security protocols are often bypassed by SpyNote RAT exploits?,False,True,True,True,False,False,False,True,EQUIVALENT,"The paraphrased question preserves the original meaning, entities (security protocols and SpyNote RAT), and relationship (being bypassed/circumvented), with only a superficial rewording."
What types of defenses do BlackMould methods typically evade?,What kinds of protection do BlackMould techniques usually sidestep?,True,True,True,True,True,True,True,True,EQUIVALENT,"The paraphrased question preserves the original meaning, entities, and relationship, with ""protection"" and ""defenses"" being synonymous in this context."
What type of defense can be compromised by a Ping?,Which defense Ping can be compromised by?,False,False,False,False,False,False,False,False,NOT_EQUIVALENT,"The original question asks which defense ""Ping"" can compromise, while the paraphrased question asks which defense can be compromised by a ""Ping""."
What methods does the Sidewinder utilize to evade and bypass multiple layers of security defenses?,How do techniques used by the Sidewinder outsmart various security defenses?,False,False,True,False,False,False,True,False,EQUIVALENT,"The paraphrased question preserves the original's meaning, entities, and relationship, using synonymous terms like ""outsmart"" and ""evade and bypass"" to describe the Sidewinder's actions."
What security measures are commonly circumvented by COATHANGER attacks?,Which security protocols are often bypassed by COATHANGER exploits?,True,True,True,True,True,True,True,True,EQUIVALENT,"The paraphrased question preserves the original meaning, entities (COATHANGER exploits/attacks), and relationship (bypassed/circumvented), with only superficial rewording."
What methods do security systems struggle to detect due to the nature of BOOTRASH tactics?,How do BOOTRASH tactics avoid detection by security systems?,False,False,False,False,False,False,False,False,EQUIVALENT,"The paraphrased question still inquires about the methods or tactics of BOOTRASH that evade detection, with the focus merely shifted from BOOTRASH tactics to security systems."
What strategies employed by the Ajax Security Team enable them to evade detection by different types of security defenses?,How do techniques utilized by the Ajax Security Team manage to evade detection by various defenses?,True,False,True,False,True,True,True,False,EQUIVALENT,"The paraphrased question preserves the original meaning, entities, and relationship, with only superficial rewording of ""techniques"" to ""strategies"" and ""various defenses"" to ""different types of security defenses""."
What actions does AcidRain typically undertake?,What actions does the AcidRain take?,True,True,True,True,True,True,True,True,EQUIVALENT,"The addition of ""typically"" slightly nuances the scope but does not change the entities or relationship being asked about."
What kinds of actions are commonly associated with the Frankenstein?,What kind of actions does the Frankenstein typically undertake?,True,True,True,True,True,True,True,True,EQUIVALENT,"The paraphrased question still inquires about the actions of the Frankenstein, with only a minor rewording of the original question."
In which domains does the malicious activity of Out1 take place?,In what domains does Out1 carry out its malicious activities?,False,False,False,False,False,False,False,False,EQUIVALENT,"The paraphrased question still asks about the domains where Out1's malicious activities occur, preserving the original meaning and entities."
What platform does Pupy specifically operate on?,What is the target platform for Pupy?,False,False,False,False,False,False,False,False,EQUIVALENT,"The paraphrased question still asks about the target platform for Pupy, using synonymous wording."
What security controls do FakeSpy tactics successfully bypass?,What security measures do FakeSpy techniques manage to evade?,True,True,True,True,True,True,True,True,EQUIVALENT,"The paraphrased question preserves the original meaning, entities, and relationship, with ""security measures"" and ""security controls"" being synonymous, and ""evade"" and ""bypass"" conveying the same concept."
What types of security measures are evaded by the SpicyOmelette techniques?,What security measures do SpicyOmelette techniques manage to evade?,True,True,True,True,True,True,True,True,EQUIVALENT,The paraphrased question still inquires about the same security measures and their relationship to being evaded by SpicyOmelette techniques.
What method does the Turla utilize?,What method is employed by the Turla?,True,True,True,True,True,True,True,True,EQUIVALENT,"The paraphrased question uses a synonym for ""employ"", preserving the original meaning and entities."
What traits or features are associated with ShimRat?,What characteristics does the ShimRat exhibit?,True,True,True,True,False,True,True,False,EQUIVALENT,"The paraphrased question still inquires about the same entity, ShimRat, and its characteristics, using synonymous terms ""traits or features"" instead of ""characteristics""."
What method does the Gelsemium utilize?,What method is employed by the Gelsemium?,True,True,True,True,True,True,True,True,EQUIVALENT,"The paraphrased question uses a synonym for ""employ"", which preserves the original meaning and relationship."
What security measures are often compromised by the use of LoudMiner tactics?,What security features do LoudMiner methods frequently undermine?,False,True,True,True,False,True,True,True,EQUIVALENT,"The paraphrased question preserves the original meaning, entities (LoudMiner methods/tactics), and relationship (undermining/compromising security features/measures)."
What is the primary tactic employed by the Unitronics Defacement Campaign?,What has been the primary method used by the Unitronics Defacement Campaign?,True,False,True,True,True,True,True,True,EQUIVALENT,"The terms ""primary method"" and ""primary tactic"" are synonymous in this context, referring to the same entity and relationship."
What types of security measures do DarkWatchman tactics successfully bypass?,What security measures do DarkWatchman techniques manage to evade?,True,True,True,True,True,True,True,True,EQUIVALENT,"The paraphrased question preserves the original meaning, entities, and relationship, with only a superficial rewording from ""evade"" to ""bypass"" and ""techniques"" to ""tactics""."
What platforms are usually targeted by the techniques commonly associated with Group5?,What platforms do the techniques employed by the Group5 typically target?,True,False,True,True,True,True,True,False,EQUIVALENT,"The paraphrased question preserves the original meaning, entities, and relationship, with only a superficial rewording of the sentence structure."
What behaviors are commonly linked to the malware known as Trojan.Karagany?,What are the typical behaviors associated with the Trojan.Karagany?,False,True,True,True,True,True,False,True,EQUIVALENT,"The paraphrased question still inquires about the behaviors associated with the same entity, Trojan.Karagany, without adding or changing any constraints."
What methods are used by EnvyScout threats to remain undetected by intrusion detection systems and other security software?,How do EnvyScout attacks manage to evade detection by intrusion detection systems and other security software?,False,False,False,False,False,False,False,False,EQUIVALENT,"The paraphrased question preserves the original meaning, entities (EnvyScout attacks/threats), and relationship (evading detection by security software), with only superficial rewording."
What are the specific actions performed by the Hancitor?,What actions does the Hancitor take?,True,True,True,True,True,True,True,True,EQUIVALENT,"The paraphrased question still asks about the actions of the Hancitor, with only a minor rewording that does not change the scope or meaning of the query."
In which areas or networks does MCMD conduct its malicious operations?,In what domains does MCMD carry out its malicious activities?,False,False,False,False,False,False,False,False,EQUIVALENT,"The paraphrased question still asks about the domains or areas where MCMD carries out its malicious activities, with ""areas or networks"" being a synonymous rewording of ""domains""."
What security measures are often compromised by BS2005 techniques?,What security features do BS2005 methods frequently undermine?,False,True,True,False,True,True,True,True,EQUIVALENT,"The paraphrased question preserves the original meaning, entities (BS2005 methods/techniques), and relationship (undermining/compromising security features/measures)."
What methods does ToddyCat commonly employ to execute its operations?,What approach does the ToddyCat typically use to carry out its operations?,True,True,True,True,True,True,True,True,EQUIVALENT,"The paraphrased question preserves the original meaning, entities, and relationship, with only a superficial rewording of ""approach"" to ""methods"" and ""carry out"" to ""execute""."
What manner in which the Ramsay functions?,In what way does the Ramsay operate?,True,True,True,True,True,True,True,True,EQUIVALENT,"The paraphrased question preserves the original meaning and entities, with only a superficial rewording of the syntax."
What methods do security tools struggle to detect due to ZLib?,In what ways do ZLib techniques evade detection by firewalls and other security tools?,False,False,False,False,False,False,False,False,NOT_EQUIVALENT,"The paraphrased question inverts the relationship, asking about security tools' limitations rather than ZLib techniques' evasive methods."
What techniques do ACAD/Medre.A use to avoid being detected by intrusion detection systems and other security software?,How do ACAD/Medre.A attacks manage to evade detection by intrusion detection systems and other security software?,False,False,False,False,False,False,False,False,EQUIVALENT,"The paraphrased question still asks about the same entity (ACAD/Medre.A attacks) and its relationship with detection by security software, using synonymous terms like ""evade detection"" and ""avoid being detected""."
What sets the Turla apart from other cyber threats?,What are the distinguishing characteristics of the Turla?,False,True,True,False,False,False,False,False,EQUIVALENT,"The paraphrased question still asks about the unique features of the Turla, just framing it as a comparison to other cyber threats."
What behaviors are commonly linked to the use of Machete?,What are the typical behaviors associated with the Machete?,True,True,True,True,True,True,True,True,EQUIVALENT,"The paraphrased question still inquires about the typical behaviors associated with the Machete, using synonymous language."
What types of activities are usually characteristic of the Ember Bear?,What kind of actions does the Ember Bear typically undertake?,True,True,True,True,True,True,True,True,EQUIVALENT,"The paraphrased question preserves the original meaning, entity (Ember Bear), and relationship (types of actions/activities), with only a superficial rewording."
The Unitronics Defacement Campaign defense measure was successfully circumvented.,The Unitronics Defacement Campaign defense measure was bypassed,False,True,False,False,False,True,True,False,EQUIVALENT,"The paraphrased sentence conveys the same meaning as the original, with ""bypassed"" and ""successfully circumvented"" being synonymous in this context."
On which platform does PowerSploit most commonly operate?,On which type of platform is PowerSploit typically found?,False,False,False,False,False,False,True,False,EQUIVALENT,"The paraphrased question still asks about the platform where PowerSploit is typically found, with ""most commonly operate"" being a synonymous expression."
What traits are exhibited by the Mis-Type?,What characteristics does the Mis-Type exhibit?,True,True,True,True,True,True,True,True,EQUIVALENT,"The paraphrased question still inquires about the characteristics of the Mis-Type, using the synonym ""traits"" and reversing the sentence structure."
What defensive measures are typically circumvented by NETEAGLE attacks?,Which defensive strategies are commonly bypassed by NETEAGLE attacks?,False,True,True,False,True,False,True,True,EQUIVALENT,"The paraphrased question uses synonymous terms ""defensive measures"" and ""circumvented"" to convey the same meaning as the original question."
What behavior is commonly linked to GALLIUM?,What is the typical behavior associated with the GALLIUM?,True,True,True,True,True,True,True,False,EQUIVALENT,"The paraphrased question preserves the same entity (GALLIUM) and relationship (typical behavior associated with), using synonymous wording."
What security measures do methods associated with IcedID often compromise?,What security features do IcedID methods frequently undermine?,True,True,True,True,False,True,True,True,EQUIVALENT,"The paraphrased question preserves the original meaning, entities (IcedID methods), and relationship (undermining security features), with only a superficial rewording of ""undermine"" to ""compromise"" and ""security features"" to ""security measures""."
What tactic is linked to the Leafminer?,What strategy is associated with the Leafminer?,True,True,True,True,True,True,True,True,EQUIVALENT,"The terms ""strategy"" and ""tactic"" are often used interchangeably, and in this context, they refer to the same concept related to the Leafminer."
What security protocols are commonly circumvented by OLDBAIT exploits?,Which security protocols are often bypassed by OLDBAIT exploits?,True,True,True,True,True,True,True,True,EQUIVALENT,"The paraphrased question uses synonymous terms (""bypassed"" vs ""circumvented"") without altering the entities or relationship being asked about."
How does Fgdump typically function?,What is the Fgdump's mode of operation?,True,True,True,True,True,True,True,True,EQUIVALENT,"The paraphrased question still inquires about the operational method of Fgdump, using synonymous terms."
What types of security measures are typically evaded by NetTraveler tactics?,What kinds of protection do NetTraveler techniques usually sidestep?,False,True,False,True,True,True,True,True,EQUIVALENT,"The paraphrased question still inquires about the types of protection or security measures that NetTraveler techniques evade, preserving the original meaning and entities."
What types of systems or networks are targeted by the Silent Librarian tactics for compromise or disruption?,What platforms do the Silent Librarian techniques aim to compromise or disrupt?,False,False,False,False,False,False,False,False,EQUIVALENT,"The paraphrased question still asks about the targets of the Silent Librarian techniques, with ""platforms"" being essentially synonymous with ""types of systems or networks"" in this context."
What types of systems and networks are commonly targeted by the APT37 for unauthorized entry?,What platforms are typically exploited by the APT37 to gain unauthorized access?,False,False,False,False,False,False,False,False,EQUIVALENT,"The paraphrased question still refers to the APT37 exploiting systems for unauthorized access, using synonymous terms like ""platforms"" and ""systems and networks"", and ""gain unauthorized access"" and ""unauthorized entry""."
What types of security measures are commonly bypassed by DealersChoice tactics?,Which types of defenses are typically circumvented by DealersChoice methods?,True,True,False,True,True,True,True,True,EQUIVALENT,"The paraphrased question preserves the original meaning, replacing ""defenses"" with ""security measures"" and ""circumvented"" with ""bypassed"", which are semantically equivalent in this context."
What types of security measures often fall prey to the cunning strategies employed by the Brave Prince?,What types of safeguards are typically outsmarted by Brave Prince tactics?,False,True,True,True,False,True,True,True,EQUIVALENT,"The paraphrased question preserves the original meaning, entities, and relationship, with ""safeguards"" and ""security measures"" being synonymous, and ""outsmarted"" and ""fall prey to"" conveying the same idea."
What is the primary characteristic of FunnyDream?,What is the primary behavior of the FunnyDream?,False,True,False,False,True,False,False,False,EQUIVALENT,"The terms ""behavior"" and ""characteristic"" are used interchangeably in this context, referring to the same aspect of FunnyDream."
What behaviors are commonly linked to the NanHaiShu?,What are the typical behaviors associated with the NanHaiShu?,True,True,True,True,True,True,True,True,EQUIVALENT,"The paraphrased question preserves the original meaning and entities, using synonymous language to inquire about the same relationship between behaviors and the NanHaiShu."
What strategy has been linked to Operation Wocao?,Which strategy has been associated with the Operation Wocao?,True,True,True,False,True,False,True,True,EQUIVALENT,"The paraphrased question uses ""linked"" instead of ""associated"", but preserves the same relationship and entities as the original question."
What method was employed in the Maroochy Water Breach?,What approach has been taken in the Maroochy Water Breach?,True,True,True,True,True,True,True,True,EQUIVALENT,"The paraphrased question uses the synonym ""method"" in place of ""approach"", preserving the original meaning and entities."
What methods used by TA459 enable it to avoid being detected by different types of defenses?,How do techniques utilized by the TA459 manage to evade detection by various defenses?,True,False,True,False,False,False,True,True,EQUIVALENT,"The paraphrased question preserves the original meaning, entities (TA459 and defenses), and relationship (evading detection), with only superficial rewording."
What methods do INCONTROLLER tactics employ to evade detection by security systems?,How do INCONTROLLER tactics avoid detection by security systems?,False,False,False,False,False,False,True,False,EQUIVALENT,"The paraphrased question preserves the original meaning, entities, and relationship, with only a superficial rewording of ""avoid detection"" to ""evade detection"" and ""how do"" to ""what methods do""."
What type of malware is utilized by the C0033?,What kind of malicious software is used by the C0033?,False,False,True,False,False,False,False,False,EQUIVALENT,"The paraphrased question uses synonymous terms, with ""malicious software"" and ""malware"" referring to the same entity, and ""used"" and ""utilized"" describing the same relationship."
Which operating systems or devices are typically targeted by the Dark Caracal methods?,What operating systems or devices are commonly affected by the Dark Caracal techniques?,True,True,True,True,True,True,True,True,EQUIVALENT,"The paraphrased question preserves the original meaning, asking about the same entities (operating systems or devices) and relationship (being affected/targeted) with only a minor rewording of ""affected"" to ""targeted"" and ""techniques"" to ""methods""."
How does the Lizar function?,In what way does the Lizar operate?,True,True,True,True,True,True,True,True,EQUIVALENT,"The paraphrased question still inquires about the operation of the Lizar, using the synonym ""function"" instead of ""operate""."
What types of actions does LockerGoga typically execute?,What actions does the LockerGoga  take?,True,True,False,False,True,True,False,False,EQUIVALENT,"The paraphrased question still inquires about the actions of LockerGoga, with only a minor rewording that does not change the entity or relationship being asked about."
How do PipeMon methods avoid being detected by firewalls and other security tools?,In what ways do PipeMon techniques evade detection by firewalls and other security tools?,False,False,True,False,False,False,True,False,EQUIVALENT,"The paraphrased question preserves the original meaning, entities, and relationship, with only minor wording changes."
How do the tactics employed by DroidJack RAT enable it to avoid being detected by firewalls and other security measures?,In what ways do DroidJack RAT techniques evade detection by firewalls and other security tools?,False,False,True,False,False,False,True,False,EQUIVALENT,"The paraphrased question preserves the original meaning, entities (DroidJack RAT, firewalls, security tools), and relationship (evading detection), with only superficial rewording."
In what ways does the Gamaredon Group make its presence known?,How does the Gamaredon Group manifest its presence?,True,True,True,True,True,True,True,True,EQUIVALENT,"The paraphrased question preserves the original meaning and asks about the same entity and relationship, using synonymous phrases ""manifest its presence"" and ""make its presence known""."
What security protocols are typically evaded by the EvilBunny exploits?,Which security protocols are often bypassed by EvilBunny exploits?,False,True,True,True,True,True,True,True,EQUIVALENT,"The paraphrased question preserves the same entities (security protocols, EvilBunny exploits) and relationship (being bypassed/evaded), with only a superficial rewording of the verb."
How was the CostaRicto operation conducted?,In what way has the CostaRicto been carried out?,False,True,True,True,True,True,False,True,EQUIVALENT,"The paraphrased question still inquires about the manner in which the CostaRicto was carried out, with ""operation"" being a synonym for the event."
What behaviors are most commonly observed with RCSAndroid?,What are the typical behaviors associated with the RCSAndroid?,True,True,True,True,True,True,True,True,EQUIVALENT,"The paraphrased question preserves the original meaning, asking about the same entity (RCSAndroid) and relationship (typical behaviors), with only a superficial rewording of the query."
What behaviors are commonly observed with the RogueRobin?,What are the typical behaviors associated with the RogueRobin?,True,True,True,True,True,True,True,True,EQUIVALENT,"The paraphrased question preserves the same entity (RogueRobin) and relationship (typical behaviors), with only a superficial rewording of ""typical"" to ""commonly observed""."
What security measures can the tactics used by the Silent Librarian evade or bypass?,What types of security measures can techniques employed by the Silent Librarian circumvent?,False,True,True,True,False,True,True,True,EQUIVALENT,"The paraphrased question preserves the original meaning, entities, and relationship, using synonyms ""evade or bypass"" for ""circumvent"" without altering the scope or constraints."
What are the operational capabilities of CrossRAT?,How does the CrossRAT function?,True,True,True,True,True,True,True,False,EQUIVALENT,"The paraphrased question still inquires about the functionality of CrossRAT, using ""operational capabilities"" as a synonym for ""function""."
What characteristics are most representative of FlawedGrace's behavior?,What are the primary characteristics of the FlawedGrace's behavior?,True,True,True,True,True,True,True,True,EQUIVALENT,"The paraphrased question still asks about the primary characteristics of FlawedGrace's behavior, using synonymous wording."
What types of security measures are frequently evaded by Fakecalls tactics?,What types of safeguards are typically outsmarted by Fakecalls tactics?,True,True,False,True,True,True,True,True,EQUIVALENT,"The paraphrased question uses synonymous terms ""safeguards"" and ""security measures"", preserving the original meaning and scope."
What security measures can be evaded by the tactics used by TA505?,What types of security measures can techniques employed by the TA505 circumvent?,False,True,True,True,True,True,True,True,EQUIVALENT,"The paraphrased question still asks about the same entity (TA505) and the same relationship (circumventing security measures), with only a superficial rewording of ""circumvent"" to ""evaded"" and ""techniques"" to ""tactics""."
What kind of behavior is exhibited by IceApple?,How does the IceApple behave?,True,True,True,True,True,True,True,True,EQUIVALENT,"The paraphrased question still inquires about the behavior of the IceApple entity, with no change in scope or relationship."
What defensive measures are frequently evaded by Catchamas attacks?,Which defensive strategies are commonly bypassed by Catchamas attacks?,False,True,True,True,True,True,True,True,EQUIVALENT,"The paraphrased question uses synonymous terms ""defensive measures"" and ""evasion"" instead of ""defensive strategies"" and ""bypassed"", preserving the original meaning and entities."
What is the operational mechanism of the Akira?,How does the Akira operate?,True,True,True,True,True,True,True,True,EQUIVALENT,"The paraphrased question still inquires about the operational aspect of the Akira, using different wording."
What method is used by the ALLANITE?,What method is employed by the ALLANITE?,True,True,True,True,True,True,True,True,EQUIVALENT,"The paraphrased question uses the synonym ""used"" in place of ""employed"", preserving the original meaning and entities."
What distinguishes the Chimera from other threats in terms of its fundamental nature?,What are the distinguishing characteristics of the Chimera?,False,False,False,False,False,False,False,False,EQUIVALENT,"The paraphrased question still asks about the characteristics of the Chimera, with the added phrase providing context rather than altering the entity or relationship being asked about."
What behavior is typically associated with the HOPLIGHT?,What kind of behavior is characteristic of the HOPLIGHT?,True,True,True,True,True,True,True,True,EQUIVALENT,"The paraphrased question preserves the original meaning and entity, only rephrasing ""characteristic of"" as ""typically associated with""."
What is the operational mechanism of Exobot?,How does the Exobot function?,True,True,True,True,True,True,True,True,EQUIVALENT,"The paraphrased question still inquires about the functioning of the Exobot, using different wording to ask the same thing."
What security features are commonly compromised by OBAD methods?,What security features do OBAD methods frequently undermine?,False,True,True,False,True,True,True,True,EQUIVALENT,"The paraphrased question preserves the original meaning, asking about the same security features and their relationship to OBAD methods, with ""undermine"" and ""compromised"" conveying similar notions of negatively impacting security."
What was the primary goal of the Triton Safety Instrumented System Attack in relation to the targeted industrial control system?,What was the main objective of the Triton Safety Instrumented System Attack in terms of the target platform?,False,False,False,False,False,False,False,False,EQUIVALENT,"The paraphrased question still refers to the same entity, the Triton Safety Instrumented System Attack, and asks about its primary objective in relation to the target, which is equivalently described as the ""target platform"" and the ""targeted industrial control system""."
What tactics do attackers employing AuditCred utilize to successfully avoid being detected by intrusion detection systems and other security software?,How do AuditCred attacks manage to evade detection by intrusion detection systems and other security software?,False,False,True,False,False,False,False,False,EQUIVALENT,"The paraphrased question still inquires about the methods used by AuditCred attacks to evade detection, with no change in entities or relationship being asked about."
What are the defining features of the SHOTPUT's operational behavior?,What are the primary characteristics of the SHOTPUT's behavior?,True,True,True,True,True,True,True,True,EQUIVALENT,"The paraphrased question still inquires about the primary characteristics of the SHOTPUT's behavior, using synonymous terms."
What security mechanisms are commonly circumvented by LIGHTWIRE techniques?,What security features do LIGHTWIRE methods frequently undermine?,True,True,True,True,True,True,True,True,EQUIVALENT,"The paraphrased question preserves the original meaning, entities (LIGHTWIRE methods/techniques), and relationship (undermining/circumventing security features/mechanisms)."
What actions are typically undertaken by the Axiom?,What kind of actions does the Axiom typically undertake?,True,True,True,True,True,True,True,True,EQUIVALENT,"The paraphrased question preserves the original meaning and entities, with only a superficial change in sentence structure."
What security protocols typically fall victim to evasion tactics employed by Carberp exploits?,Which security protocols are often bypassed by Carberp exploits?,False,True,True,True,False,True,True,True,EQUIVALENT,"The paraphrased question still inquires about the same security protocols and their relationship to Carberp exploits, using synonymous language."
What is the functionality of the HALFBAKED function?,How does the HALFBAKED function?,False,False,False,True,True,False,False,False,EQUIVALENT,"The paraphrased question still inquires about the functionality of the same entity, the HALFBAKED function, with no change in scope or relationship."
What kinds of security measures are commonly bypassed by KEYPLUG tactics?,What types of safeguards are typically outsmarted by KEYPLUG tactics?,True,True,True,True,True,True,True,True,EQUIVALENT,"The paraphrased question preserves the original meaning, asking about the same entity (KEYPLUG tactics) and relationship (being outsmarted or bypassed), with only a superficial rewording of ""safeguards"" to ""security measures"" and ""outsmarted"" to ""bypassed""."
Where does Cachedump's primary impact typically occur?,Where does Cachedump typically exert its influence?,False,False,False,False,False,False,False,False,EQUIVALENT,"The paraphrased question still asks about the typical location of influence of the same entity, Cachedump."
In what environment or platform does FTP carry out its operations?,Where does FTP execute its functions?,False,False,False,False,False,False,False,False,EQUIVALENT,"The paraphrased question still inquires about the environment where FTP performs its functions, preserving the original meaning and scope."
What properties are associated with the DEFENSOR ID?,What characteristics does the DEFENSOR ID exhibit?,False,True,False,True,False,False,False,False,EQUIVALENT,"The paraphrased question still inquires about the same entity, DEFENSOR ID, and its attributes, using synonymous terms ""characteristics"" and ""properties""."
What types of security measures do Shark techniques typically bypass.,What kinds of protection do Shark techniques usually sidestep?,True,True,True,True,True,True,True,True,EQUIVALENT,"The paraphrased question preserves the original meaning, asking about the same entity (Shark techniques) and relationship (avoiding certain measures), with ""protection"" and ""security measures"" being semantically equivalent."
What is the primary function or operation characteristic of Saint Bot?,What is the primary behavior of the Saint Bot?,False,True,True,False,False,False,True,False,EQUIVALENT,"The paraphrased question still inquires about the main behavior or characteristic of the same entity, Saint Bot."
What tactic was employed by Operation CuckooBees?,The Operation CuckooBees utilized which tactic?,True,True,True,True,True,True,True,True,EQUIVALENT,"The paraphrased question still inquires about the same entity, Operation CuckooBees, and the same relationship, the tactic utilized by it."
What is the main function of the Prikormka?,What is the primary behavior of the Prikormka?,False,False,False,False,False,False,False,False,EQUIVALENT,"The terms ""primary behavior"" and ""main function"" are synonymous in this context, referring to the same entity and relationship."
How do FlyTrap tactics manage to evade detection by firewalls and other security software?,In what ways do FlyTrap techniques evade detection by firewalls and other security tools?,False,False,True,False,False,False,True,False,EQUIVALENT,"The paraphrased question preserves the original meaning, entities (FlyTrap techniques/tactics and firewalls/security tools), and relationship (evading detection), with only superficial rewording."
What methods does Windshift generally employ to execute its operations?,What approach does the Windshift typically use to carry out its operations?,True,True,True,True,True,True,True,True,EQUIVALENT,"The paraphrased question preserves the original meaning, entities, and relationship, with only a superficial rewording of ""approach"" to ""methods"" and ""carry out"" to ""execute""."
What operations are carried out by Impacket across various domains?,What domains does Impacket target for its operations?,False,False,False,False,False,False,False,False,NOT_EQUIVALENT,"The original question asks for the domains targeted by Impacket, while the paraphrased question asks for the operations carried out by Impacket."
What is the primary functionality of the HyperBro?,How does the HyperBro function?,True,False,False,True,False,True,False,False,EQUIVALENT,"The paraphrased question still inquires about the main function of the HyperBro, preserving the original question's meaning and scope."
What tactics do the individuals associated with the admin@338 account employ to evade detection by diverse security measures?,How do techniques used by the admin@338 outsmart various security defenses?,True,False,True,False,False,False,True,False,EQUIVALENT,"The paraphrased question still inquires about the methods used by the same entity, admin@338, to circumvent security defenses, with only superficial rewording."
What types of defenses can be outmaneuvered by CARROTBALL?,Which defense CARROTBALL can be outmaneuvered by?,True,True,True,True,True,False,True,True,NOT_EQUIVALENT,"The original question asks about a specific defense that can be outmaneuvered by CARROTBALL, while the paraphrased question asks about types of defenses, broadening the scope."
What types of security measures are often evaded or bypassed by the Pay2Key tactics?,What types of safeguards are typically outsmarted by Pay2Key tactics?,False,True,True,True,True,True,True,True,EQUIVALENT,"The paraphrased question preserves the original meaning, asking about the same entity (Pay2Key tactics) and relationship (being outsmarted or evaded), with only a superficial rewording of ""safeguards"" to ""security measures"" and ""outsmarted"" to ""evaded or bypassed""."
What methods can bypass or compromise SDelete?,What defense SDelete can be defeated by?,False,False,False,False,False,False,False,False,EQUIVALENT,"The paraphrased question still inquires about methods that can defeat or compromise SDelete, preserving the original question's meaning and scope."
What strategies do the tactics of Trojan-SMS.AndroidOS.FakeInst.a employ to evade detection by security systems?,How do Trojan-SMS.AndroidOS.FakeInst.a tactics avoid detection by security systems?,False,False,True,False,False,False,True,False,EQUIVALENT,"The paraphrased question preserves the original meaning, entities, and relationship, using synonymous terms like ""strategies"" for ""tactics"" and ""evade"" for ""avoid""."
What security protocols are commonly circumvented by Power Loader exploits?,Which security protocols are often bypassed by Power Loader exploits?,True,True,True,True,True,True,True,True,EQUIVALENT,"The paraphrased question uses synonymous terms, with ""bypassed"" and ""circumvented"" conveying the same meaning in the context of security protocols and Power Loader exploits."
What types of defenses can be vulnerable to a netstat compromise?,Which defense netstat can be compromised by?,False,False,False,False,False,False,False,False,NOT_EQUIVALENT,"The original question asks about a specific defense netstat, while the paraphrased question broadens the scope to ""types of defenses""."
What techniques do Black Basta employ to remain undetected by intrusion detection systems and other security software?,How do Black Basta attacks manage to evade detection by intrusion detection systems and other security software?,False,False,False,False,False,False,False,False,EQUIVALENT,"The paraphrased question preserves the original meaning, entities (Black Basta attacks and security software), and relationship (evading detection), with only superficial rewording."
What types of security measures are able to be evaded by Killdisk methods?,What security measures do Killdisk techniques manage to evade?,False,False,True,True,True,True,True,True,EQUIVALENT,"The paraphrased question still asks about the same entity (Killdisk techniques/methods) and the same relationship (evading security measures), with only a superficial rewording of the sentence structure."
What typical behaviors are associated with the RAPIDPULSE?,What are the typical behaviors associated with the RAPIDPULSE?,True,True,True,True,True,True,True,True,EQUIVALENT,"The paraphrased question preserves the original meaning, entities, and relationship, with only a superficial rewording of the sentence structure."
What behavior can be observed from Judy?,How does the Judy behave?,True,True,True,True,True,False,True,True,EQUIVALENT,"Both questions ask about the behavior of the same entity, Judy, without adding or changing any constraints."
What is Lucifer's primary mode of operation?,What is the primary behavior of the Lucifer?,False,True,True,True,True,False,True,True,EQUIVALENT,"The paraphrased question still inquires about the primary behavior or mode of operation of the same entity, Lucifer."
What platforms are commonly targeted by the tactics and techniques used by Threat Group-3390?,What platforms do the techniques employed by the Threat Group-3390 typically target?,True,True,True,True,True,False,True,False,EQUIVALENT,The paraphrased question still asks about the same entity (Threat Group-3390) and the same relationship (targeted platforms) as the original question.
What behavior is most commonly linked to the Orangeworm?,What is the typical behavior associated with the Orangeworm?,True,True,True,True,True,True,True,True,EQUIVALENT,"The paraphrased question still inquires about the typical behavior of the Orangeworm, using synonymous language."
What devices or systems are most frequently targeted by the Dust Storm tactics?,What types of devices or systems are the primary targets of the Dust Storm tactics?,False,True,False,False,False,False,False,False,EQUIVALENT,"The paraphrased question still asks about the primary targets of the Dust Storm tactics, with ""most frequently targeted"" being a synonymous expression for ""primary targets""."
What defensive tactics are typically evaded by ViceLeaker attacks?,Which defensive strategies are commonly bypassed by ViceLeaker attacks?,False,True,False,False,False,True,True,True,EQUIVALENT,"The paraphrased question uses synonymous terms ""tactics"" and ""evaded"" instead of ""strategies"" and ""bypassed"", preserving the original meaning and scope."
What can evade the security measures listed in Tasklist?,What defense Tasklist can be sidestepped by?,False,False,False,False,False,False,False,False,EQUIVALENT,"The paraphrased question still asks about the same entity (Tasklist) and the same relationship (being sidestepped or evaded), with only a change in wording."
What behavior is typically associated with GPlayed?,What kind of behavior is characteristic of the GPlayed?,True,True,True,True,True,False,True,True,EQUIVALENT,"The paraphrased question preserves the original meaning and entity, only rephrasing ""characteristic of"" as ""typically associated with""."
What tactics and techniques do threat actors use to evade detection by intrusion detection systems and other security software in WastedLocker attacks?,How do WastedLocker attacks manage to evade detection by intrusion detection systems and other security software?,False,False,True,False,False,False,False,False,EQUIVALENT,"The paraphrased question still asks about the methods used to evade detection in WastedLocker attacks, preserving the original entities and relationship."
What tactics do the Gold Dragon attacks employ to successfully evade detection by intrusion detection systems and other security software?,How do Gold Dragon attacks manage to evade detection by intrusion detection systems and other security software?,False,False,False,False,False,False,False,False,EQUIVALENT,"The paraphrased question preserves the original meaning, entities (Gold Dragon attacks, intrusion detection systems, security software), and relationship (evading detection), with only a superficial rewording of the query."
What types of security measures typically get bypassed by Matroyshka tactics?,What kinds of protection do Matroyshka techniques usually sidestep?,True,True,True,True,True,True,True,True,EQUIVALENT,"The paraphrased question preserves the original meaning, asking about the same entity (Matroyshka techniques/tactics) and relationship (bypassing/sidestepping), with only a superficial rewording of ""protection"" to ""security measures""."
Which security systems are vulnerable to the tactics utilized by the Dragonfly?,What types of security systems are susceptible to techniques employed by the Dragonfly?,False,True,True,False,False,True,False,True,EQUIVALENT,"The paraphrased question preserves the original meaning, entities, and relationship, with only a superficial rewording of ""susceptible"" to ""vulnerable"" and ""techniques"" to ""tactics""."
What types of security measures are commonly evaded by the tactics used by Lokibot?,What types of safeguards are typically outsmarted by Lokibot tactics?,True,False,True,False,True,True,True,True,EQUIVALENT,"The paraphrased question preserves the original meaning, asking about the same entity (Lokibot tactics) and relationship (being outsmarted or evaded), with only a superficial rewording of ""safeguards"" to ""security measures""."
What security controls are evaded by the techniques employed by the Frankenstein?,Which security controls are bypassed by the techniques used by the Frankenstein?,True,True,True,True,True,True,True,True,EQUIVALENT,"The paraphrased question uses synonymous terms ""evaded"" and ""employed"" instead of ""bypassed"" and ""used"", preserving the original meaning and scope."
What typical behaviors are commonly linked to Adups?,What are the typical behaviors associated with the Adups?,True,True,True,True,True,True,True,True,EQUIVALENT,"The paraphrased question preserves the original meaning, entities, and relationship, with only a superficial rewording of the sentence structure."
What is the operational mechanism behind the Teardrop?,How does the Teardrop function?,True,True,True,False,True,True,True,True,EQUIVALENT,"The paraphrased question still inquires about the functioning of the Teardrop, using different wording to ask the same thing."
What kinds of security measures are commonly bypassed by CreepyDrive tactics?,Which types of defenses are typically circumvented by CreepyDrive methods?,True,True,True,True,True,True,True,True,EQUIVALENT,"The paraphrased question preserves the original meaning, asking about the same entity (CreepyDrive methods/tactics) and relationship (bypassing/circumventing), with only a superficial rewording of ""defenses"" to ""security measures""."
What actions does HyperBro  perform?,What actions does the HyperBro  take?,True,True,True,True,True,True,True,True,EQUIVALENT,"The paraphrased question uses a synonym ""perform"" for the original word ""take"", preserving the same meaning and scope."
What technique is most typical of the DarkVishnya's actions?,What type of technique is characteristic of the DarkVishnya's activities?,True,True,True,True,True,True,True,True,EQUIVALENT,"The paraphrased question still asks about the characteristic technique of the DarkVishnya's activities, with only a minor rewording from ""characteristic"" to ""most typical""."
In what ways does the Scarlet Mimic signify its presence?,How does the Scarlet Mimic manifest its presence?,True,True,True,False,True,True,True,True,EQUIVALENT,"The paraphrased question uses synonymous language to inquire about the same entity and its manifestation, with ""signify"" and ""manifest"" conveying the same meaning in this context."
What methods does SilverTerrier characteristically employ to execute its operations?,What approach does the SilverTerrier typically use to carry out its operations?,True,True,True,True,True,True,True,True,EQUIVALENT,"The paraphrased question preserves the original meaning, entities, and relationship, with only a superficial rewording of ""approach"" to ""methods"" and ""carry out"" to ""execute""."
What behavior is typically associated with the SOUNDBITE?,What kind of behavior is characteristic of the SOUNDBITE?,True,True,True,True,True,True,True,True,EQUIVALENT,"The paraphrased question preserves the original meaning and entity, only rephrasing ""characteristic of"" as ""typically associated with""."
What types of defenses are commonly bypassed by Mosquito methods?,Which types of defenses are typically circumvented by Mosquito methods?,False,True,False,True,True,True,True,True,EQUIVALENT,"The paraphrased question uses the synonym ""bypassed"" instead of ""circumvented"", preserving the original meaning and entities."
How do Mivast tactics manage to evade detection by firewalls and other security software systems?,In what ways do Mivast techniques evade detection by firewalls and other security tools?,False,False,True,False,False,False,True,False,EQUIVALENT,"The paraphrased question preserves the original meaning, entities, and relationship, with only minor wording changes that do not alter the scope or constraints of the query."
What kinds of security measures do typical Rover methods generally bypass?,What kinds of protection do Rover techniques usually sidestep?,True,False,True,True,True,True,True,True,EQUIVALENT,"The paraphrased question preserves the original meaning, replacing ""protection"" with ""security measures"" and ""sidestep"" with ""bypass"", which are semantically equivalent in this context."
What security measures do these metaMain tactics succeed in avoiding?,What security measures do metaMain techniques manage to evade?,True,True,True,True,False,True,True,True,EQUIVALENT,"The paraphrased question preserves the original meaning, entities, and relationship, with ""evade"" and ""succeed in avoiding"" conveying the same idea."
What can we anticipate from the Dragonfly 2.0 in terms of behavior?,What behavior can be expected from the Dragonfly 2.0?,False,True,True,True,True,True,True,True,EQUIVALENT,"The paraphrased question preserves the original meaning and asks about the same entity, the Dragonfly 2.0, and its behavior."
Which of the following platforms are most susceptible to the Mofang carried out attacks?,Which platforms are most vulnerable to the attacks carried out by the Mofang?,False,True,False,False,True,False,True,False,EQUIVALENT,"The paraphrased question preserves the original meaning, entities, and relationship, with only superficial rewording changes."
What defensive measures are typically evaded by ServHelper attacks?,Which defensive strategies are commonly bypassed by ServHelper attacks?,True,True,True,True,False,True,True,True,EQUIVALENT,"The paraphrased question uses synonymous terms ""defensive measures"" and ""evasion"" instead of ""defensive strategies"" and ""bypassed"", but retains the same meaning and scope."
What are the core behavioral traits associated with the WhisperGate?,What are the primary characteristics of the WhisperGate's behavior?,True,True,True,True,True,True,True,True,EQUIVALENT,"The paraphrased question still inquires about the fundamental characteristics of the WhisperGate's behavior, using synonymous terms."
Which security systems are vulnerable to the methods utilized by SideCopy?,What types of security systems are susceptible to techniques employed by the SideCopy?,False,True,True,True,False,True,False,True,EQUIVALENT,"The paraphrased question preserves the original meaning, entities, and relationship, with only a superficial rewording of ""susceptible"" to ""vulnerable"" and ""techniques"" to ""methods""."
Which operating systems and devices are typically targeted by the APT39 tactics?,What operating systems or devices are commonly affected by the APT39 techniques?,True,True,True,False,True,False,True,False,EQUIVALENT,The paraphrased question still inquires about the same entities (operating systems and devices) and relationship (being affected/targeted) as the original question.
What tactic is utilized by the Naikon?,What method is employed by the Naikon?,True,True,True,True,True,True,True,True,EQUIVALENT,"The terms ""method"" and ""tactic"" are synonymous in this context, preserving the original question's meaning and scope."
What is the behavior of the CHOPSTICK?,How does the CHOPSTICK behave?,True,True,True,True,True,True,True,True,EQUIVALENT,"The paraphrased question inquires about the same entity (CHOPSTICK) and relationship (behavior), with only a superficial rewording of the original question."
What security features are commonly compromised by the Exaramel methods?,What security features do Exaramel methods frequently undermine?,False,True,True,False,True,True,True,True,EQUIVALENT,"The paraphrased question preserves the original meaning, entities, and relationship, with ""undermine"" and ""compromised"" conveying the same notion of negatively impacting security features."
In which domains does PoshC2 typically operate?,What are the domains where PoshC2 is most commonly found?,False,False,False,False,False,False,False,False,EQUIVALENT,"The paraphrased question still asks about the domains where PoshC2 is typically found, with only a superficial rewording of the original question."
What behavior patterns are generally linked to the Metador?,What is the typical behavior associated with the Metador?,True,True,True,True,True,True,True,True,EQUIVALENT,"The paraphrased question still inquires about the typical behavior associated with the Metador, using synonymous terms."
How does the GoldMax function in its operation?,In what way does the GoldMax operate?,True,True,True,False,True,True,True,True,EQUIVALENT,"The paraphrased question still inquires about the mode of operation of the GoldMax, with only superficial rewording."
What actions does eSurv typically undertake?,What actions does the eSurv take?,True,True,True,True,True,True,True,True,EQUIVALENT,"The paraphrased question still asks about the actions of the same entity, eSurv, without adding or changing any constraints."
What types of platforms are usually targeted by the tactics and techniques commonly associated with APT41?,What platforms do the techniques employed by the APT41 typically target?,True,True,True,True,True,False,True,True,EQUIVALENT,"The paraphrased question still inquires about the target platforms of APT41's techniques, with only superficial rewording."
What security protocols are typically evaded by the exploits of HermeticWizard?,Which security protocols are often bypassed by HermeticWizard exploits?,True,True,True,True,True,True,True,True,EQUIVALENT,"The paraphrased question preserves the original meaning, entities, and relationship, with only a superficial rewording of ""bypassed"" to ""evaded"" and ""often"" to ""typically""."
What does APT16's behavior typically manifest as?,What is the nature of the APT16's behavior?,True,True,True,True,True,True,True,True,EQUIVALENT,"The paraphrased question still inquires about the characteristics of APT16's behavior, using ""typically manifest as"" as a synonym for ""nature of""."
What behavior is commonly associated with the jRAT?,What type of behavior is typical for the jRAT?,True,True,True,False,True,True,True,True,EQUIVALENT,"The paraphrased question still inquires about the typical behavior of the jRAT, using synonymous language."
What methods do Bumblebee threats utilize to remain undetected by intrusion detection systems and other types of security software?,How do Bumblebee attacks manage to evade detection by intrusion detection systems and other security software?,False,False,False,False,False,False,False,False,EQUIVALENT,"The paraphrased question preserves the original meaning, entities (Bumblebee attacks/threats), and relationship (evading detection by security software), with only superficial rewording."
What security measures do various Comnie tactics successfully bypass?,What security measures do Comnie techniques manage to evade?,True,False,True,True,True,False,True,True,EQUIVALENT,"The paraphrased question preserves the original meaning, entities, and relationship, with ""evade"" and ""bypass"" being synonymous in this context and ""techniques"" and ""tactics"" referring to similar concepts."
What security protocols are commonly evaded by Orz exploits?,Which security protocols are often bypassed by Orz exploits?,True,True,True,True,True,True,True,False,EQUIVALENT,"The paraphrased question uses synonymous terms ""evaded"" and ""bypassed"", preserving the original meaning and entities."
What type of malware is utilized by the C0027?,What kind of malicious software is used by the C0027?,False,False,True,False,False,False,False,False,EQUIVALENT,"The paraphrased question uses a synonym for ""malicious software"", which is ""malware"", without changing the entity or relationship being asked about."
What tactics or strategies do the meek typically employ?,What mechanism does the meek utilize?,True,True,True,True,True,True,False,True,EQUIVALENT,"The paraphrased question still inquires about the methods or approaches used by the meek, preserving the original meaning and entities."
What can one anticipate from the behavior of APT38?,What behavior can be expected from the APT38?,False,True,True,True,False,True,False,True,EQUIVALENT,"The paraphrased question still inquires about the expected behavior of the same entity, APT38, without any change in scope or relationship."
How does the CookieMiner function?,In what way does the CookieMiner operate?,False,True,True,True,True,True,True,True,EQUIVALENT,"The paraphrased question still inquires about the operation of the CookieMiner, using the synonym ""function"" instead of ""operate""."
What techniques do GeminiDuke attacks employ to successfully evade detection by various intrusion detection systems and other types of security software?,How do GeminiDuke attacks manage to evade detection by intrusion detection systems and other security software?,False,False,False,False,False,False,True,False,EQUIVALENT,"The paraphrased question preserves the original meaning, entities, and relationship, with only minor rewording and no change in scope or constraints."
What type of malware is believed to have been used by the entity identified as C0026?,The C0026 is thought to have employed which form of malware?,False,False,False,False,False,False,False,False,EQUIVALENT,"The paraphrased question still asks about the same entity (C0026) and the same relationship (employment/use of malware), with only a superficial rewording of the sentence structure."
What platforms does QuasarRAT primarily operate on?,What is the target platform for QuasarRAT?,False,False,False,False,False,False,False,False,EQUIVALENT,"The paraphrased question still asks about the primary platform for QuasarRAT, preserving the original entity and relationship."
What techniques does the MuddyWater group utilize?,What method does the MuddyWater employ?,True,True,True,True,True,True,True,True,EQUIVALENT,"The paraphrased question still refers to the same entity, ""MuddyWater"", and asks about the same relationship, the methods or techniques it employs, with ""techniques"" being a synonym for ""method""."
What behavior is typically associated with PowerPunch?,What kind of behavior is characteristic of the PowerPunch?,True,True,True,False,True,True,True,True,EQUIVALENT,"The paraphrased question preserves the original meaning and asks about the same entity, ""PowerPunch"", and its characteristic behavior."
What operational tactics does the Sandworm Team typically employ?,What is the Sandworm Team's preferred method of operation?,True,True,True,True,True,True,True,True,EQUIVALENT,"The paraphrased question still inquires about the Sandworm Team's method of operation, using synonymous terms."
What kind of behavior is characteristic of Cerberus?,How does the Cerberus behave?,True,True,True,False,True,True,True,True,EQUIVALENT,"Both questions ask about the behavior of Cerberus, with only a superficial rewording of the query."
What behaviors are commonly linked to the Janicab?,What are the typical behaviors associated with the Janicab?,True,True,True,True,True,True,True,True,EQUIVALENT,"The paraphrased question preserves the same entity (Janicab) and relationship (association/link) as the original question, with only a superficial rewording of ""typical"" to ""commonly"" and ""associated with"" to ""linked to""."
"Where are Lslsass typically active, and which domains are often implicated in its activities?","Where does Lslsass usually operate, and what domains are involved?",False,False,False,False,False,False,False,False,EQUIVALENT,"The paraphrased question preserves the original meaning, entities, and relationship, with only minor wording changes."
What security measures are often evaded by the tactics employed by the BlackCat threat actors?,What types of safeguards are typically outsmarted by BlackCat tactics?,True,True,True,True,True,True,True,True,EQUIVALENT,The paraphrased question still inquires about the same type of defensive measures (safeguards/security measures) being evaded by the same entity (BlackCat tactics/threat actors).
What security measures can the tactics employed by APT-C-23 bypass or circumvent?,Can you identify the security measures that techniques used by the APT-C-23 can evade?,False,True,True,True,True,True,True,True,EQUIVALENT,"The paraphrased question still asks about the same entity (APT-C-23) and the same relationship (evading security measures), with only a superficial rewording of ""techniques"" to ""tactics"" and ""evade"" to ""bypass or circumvent""."
What defensive measures are often evaded by Chinoxy attacks?,Which defensive strategies are commonly bypassed by Chinoxy attacks?,False,True,True,True,True,True,True,True,EQUIVALENT,"The paraphrased question uses synonymous terms ""defensive measures"" and ""evasion"" instead of ""defensive strategies"" and ""bypassed"", preserving the original meaning and scope."
What types of security measures are commonly bypassed by Dok techniques?,Which types of defenses are typically circumvented by Dok methods?,True,True,True,True,True,True,True,False,EQUIVALENT,"The paraphrased question preserves the original meaning, replacing ""defenses"" with ""security measures"" and ""circumvented"" with ""bypassed"", which are semantically equivalent in this context."
How do Adups methods manage to avoid being detected by firewalls and other security tools?,In what ways do Adups techniques evade detection by firewalls and other security tools?,False,False,True,True,False,False,True,False,EQUIVALENT,"The paraphrased question preserves the original meaning, entities (Adups techniques/methods, firewalls, security tools), and relationship (evading/avoiding detection), with only superficial rewording."
What security controls do the tactics employed by APT28 manage to evade or circumvent?,Which security controls are bypassed by the techniques used by the APT28?,False,True,True,False,True,True,True,True,EQUIVALENT,The paraphrased question still asks about the same entity (APT28) and the same relationship (bypassing or evading security controls) as the original question.
What types of security measures do BLUELIGHT methods typically bypass?,What kinds of protection do BLUELIGHT techniques usually sidestep?,False,False,True,True,True,True,True,True,EQUIVALENT,"The paraphrased question preserves the original meaning, entities, and relationship, with ""protection"" and ""security measures"" being semantically equivalent in this context."
What types of security controls are able to be circumvented by RegDuke tactics?,What security measures do RegDuke techniques manage to evade?,False,True,True,True,True,True,True,True,EQUIVALENT,"The paraphrased question still inquires about the security measures that RegDuke techniques can evade, using synonymous terms."
What characteristics are typically associated with POORAIM?,What characteristics does the POORAIM exhibit?,False,True,True,True,True,False,True,True,EQUIVALENT,"The paraphrased question still inquires about the characteristics of POORAIM, with ""typically associated with"" being a synonymous rewording of ""exhibit""."
What types of security measures are commonly bypassed by Triada tactics?,What types of safeguards are typically outsmarted by Triada tactics?,True,True,False,True,True,True,True,True,EQUIVALENT,"The paraphrased question uses synonymous terms ""safeguards"" and ""security measures"" to refer to the same entity, preserving the original question's meaning and scope."
In what manner does the MONSOON make its presence known?,How does the MONSOON manifest its presence?,True,True,True,True,True,False,True,True,EQUIVALENT,"The paraphrased question preserves the original meaning and entity, only rephrasing the wording to convey the same inquiry about the MONSOON's presence."
What security features are commonly circumvented by gh0st RAT tactics?,What security features do gh0st RAT methods frequently undermine?,True,False,True,True,True,True,True,True,EQUIVALENT,"The paraphrased question preserves the original meaning, entities (gh0st RAT and security features), and relationship (undermining/circumventing), with only a superficial rewording of ""frequently undermine"" to ""commonly circumvented""."
What security controls can techniques employed by MoustachedBouncer circumvent?,Can you identify the security measures that techniques used by the MoustachedBouncer can evade?,True,True,True,False,True,True,True,True,EQUIVALENT,"The paraphrased question preserves the original meaning, entities, and relationship, using synonyms for ""security measures"" and ""evade"" to convey the same inquiry."
What types of defenses can Peirates evade?,What defense Peirates can be sidestepped by?,False,True,True,True,True,True,True,False,EQUIVALENT,"The paraphrased question preserves the original meaning, asking about the same entity ""Peirates"" and the same relationship of evading defenses, with ""sidestepped"" and ""evade"" being synonymous in this context."
What method does GALLIUM typically employ in its operation?,What is the GALLIUM's preferred method of operation?,True,True,True,True,True,True,True,True,EQUIVALENT,"The paraphrased question still inquires about GALLIUM's typical or preferred method of operation, preserving the original meaning and entities."
What malware is primarily utilized by APT37 for the purpose of data theft?,What is the primary malware used by the APT37 for stealing data?,False,False,False,False,False,False,False,False,EQUIVALENT,"The paraphrased question preserves the original meaning, entities (APT37 and data), and relationship (stealing/data theft), with only superficial rewording."
What malware is used by the notorious hacker group known as Sharpshooter to gain unauthorized access or extort victims?,What is the identity of the backdoor or ransomware used by the Sharpshooter?,False,False,False,False,False,False,False,False,EQUIVALENT,"The paraphrased question still asks about the malware used by the Sharpshooter, preserving the original entities and relationship."
What methods can be employed to identify the occurrence of OBAD within a system?,How do you detect the presence of OBAD in a system?,False,False,False,False,False,False,False,False,EQUIVALENT,"The paraphrased question still asks about detecting the presence of OBAD in a system, using synonymous terms like ""identify"" and ""occurrence"" instead of ""detect"" and ""presence""."
What malware does the malicious actor known as SideCopy utilize?,What is the name of the rootkit or spyware used by the SideCopy?,False,False,False,False,False,False,False,False,EQUIVALENT,"The paraphrased question still asks about the malware used by the SideCopy actor, preserving the original entities and relationship."
What malware variant is associated with the threat actor known as Honeybee?,What backdoor or ransomware variant is employed by the Honeybee?,False,False,False,False,False,False,False,False,NOT_EQUIVALENT,"The original question specifically asks about backdoor or ransomware variants, while the paraphrased question broadens the scope to any type of malware variant."
What ransomware or backdoor is linked to the Scattered Spider?,What type of backdoor or ransomware is associated with the Scattered Spider?,False,False,False,False,True,False,False,False,EQUIVALENT,"The paraphrased question preserves the original entities and relationship, only reversing the order of ""backdoor"" and ""ransomware"" and using ""linked"" instead of ""associated""."
What methods are typically employed to identify and counteract the BADHATCH threat?,What are the common methods used to detect and prevent BADHATCH infections?,False,False,False,False,False,False,True,False,EQUIVALENT,"The paraphrased question preserves the original meaning, entities, and relationship, using synonyms like ""detect"" and ""identify"", and ""prevent"" and ""counteract"", without changing the scope or constraints."
What techniques are typically employed to identify and counter the Olympic Destroyer malware?,Can you tell me about the techniques used to detect Olympic Destroyer?,False,False,True,False,False,False,False,False,EQUIVALENT,"The paraphrased question still asks about techniques for detecting the Olympic Destroyer, with ""identify and counter"" being a synonymous expansion of ""detect""."
What malware is associated with the notorious Stolen Pencil operation?,Which type of rootkit or spyware is linked to the Stolen Pencil?,False,False,False,False,False,False,False,False,EQUIVALENT,"The paraphrased question still asks about the same entity (Stolen Pencil) and relationship (associated malware), with only a superficial rewording of the terms ""rootkit or spyware"" to ""malware""."
"Which malware type, such as a rootkit or spyware, is most often associated with Akira?",What rootkit or spyware is commonly linked to the Akira?,True,True,True,True,True,True,True,True,EQUIVALENT,"The paraphrased question still asks about the same entity (Akira) and the same relationship (being linked to a rootkit or spyware), with only a superficial rewording of the question."
What FIN10 malware variant does the backdoor or ransomware employ?,What backdoor or ransomware variant is employed by the FIN10?,False,False,False,False,False,True,False,False,NOT_EQUIVALENT,"The original question asks about the malware variant employed by FIN10, while the paraphrased question asks about the malware variant that employs FIN10."
What software tools are available to identify and eliminate the threat of Hydraq?,What tools or software can be used to detect and remove Hydraq?,False,True,False,False,False,False,True,False,EQUIVALENT,"The paraphrased question still asks about software tools for detecting and removing the same entity, Hydraq, with only minor wording changes."
What type of spyware or rootkit is typically employed by APT29?,What rootkit or spyware does the APT29 commonly use?,True,True,True,True,True,True,True,True,EQUIVALENT,"The paraphrased question still asks about the same entity (APT29) and the same relationship (use of rootkit or spyware), with only superficial rewording."
What software solutions are available for identifying and uninstalling VPNFilter?,What tools or software can be used to detect and remove VPNFilter?,False,False,True,False,False,False,True,False,EQUIVALENT,"The paraphrased question still asks about software for detecting and removing VPNFilter, preserving the original entities and relationship."
What methods are employed to identify and detect SOUNDBITE?,Can you tell me about the techniques used to detect SOUNDBITE?,False,False,False,False,False,False,False,False,EQUIVALENT,"The paraphrased question still asks about the methods used to detect SOUNDBITE, preserving the original entity and relationship."
What software or tools are available to identify and eliminate the threat of NanoCore?,What tools or software can be used to detect and remove NanoCore?,False,False,False,False,False,False,True,True,EQUIVALENT,"The paraphrased question still asks about detecting and removing the same entity, NanoCore, with only superficial wording changes."
What malware is being utilized in the Operation CuckooBees?,What rootkit or spyware is being used in the Operation CuckooBees?,False,False,False,False,False,False,False,False,EQUIVALENT,"The paraphrased question still refers to the same operation and asks about the same type of malicious software, with ""malware"" being a broader category that includes rootkits and spyware."
What malware is associated with the APT1 group's malicious operations?,What is the name of the backdoor or ransomware exploited by the APT1?,False,False,False,False,False,False,False,False,NOT_EQUIVALENT,"The original question specifically asks about a backdoor or ransomware, while the paraphrased question broadens the scope to any type of malware."
What techniques are utilized to detect or identify HotCroissant?,What methods can be used to identify HotCroissant?,False,False,False,False,False,False,False,False,EQUIVALENT,"The paraphrased question preserves the original meaning and entities, using synonyms for ""methods"" and ""identify"" that do not alter the scope or relationship being asked about."
"What kind of malware, specifically backdoors or ransomware, does Threat Group-1314 predominantly utilize?",What is the primary backdoor or ransomware used by the Threat Group-1314?,True,False,False,True,True,True,True,False,EQUIVALENT,"The paraphrased question still asks about the primary malware used by Threat Group-1314, specifically backdoors or ransomware, without changing the entity or relationship."
What C0021 typically utilizes as its preferred Remote Access Trojan?,What is the RAT software of choice for C0021?,False,True,False,True,True,True,False,True,EQUIVALENT,"The paraphrased question still asks about the preferred RAT software for C0021, preserving the original entities and relationship."
What types of malware are utilized by UNC788 to compromise sensitive data?,What kind of malicious software is used by the UNC788 to steal sensitive information?,False,False,False,False,False,False,False,False,EQUIVALENT,"The paraphrased question preserves the original's meaning, entities (UNC788 and sensitive information/data), and relationship (stealing/compromising), with only superficial rewording."
What methods are involved in identifying and removing Lurid from a compromised system?,What is the process of detecting and eliminating Lurid from a system?,True,True,True,True,False,False,True,False,EQUIVALENT,"The paraphrased question preserves the original meaning, entities, and relationship, with only minor rewording of ""detecting and eliminating"" to ""identifying and removing"" and adding the descriptor ""compromised"" to ""system""."
What ransomware or backdoor is primarily utilized by the APT5 group?,What is the primary backdoor or ransomware used by the APT5?,False,False,True,False,True,False,False,False,EQUIVALENT,"The paraphrased question preserves the original meaning, entities, and relationship, with only a superficial rewording of the syntax."
What steps should be taken to identify and eradicate BlackMould from a network?,How can BlackMould be identified and removed from a network?,True,False,True,True,True,False,True,False,EQUIVALENT,"The paraphrased question preserves the original meaning, entities, and relationship, using synonyms ""eradicate"" for ""removed"" and ""steps should be taken"" for ""can be identified and removed""."
What confidential data is primarily targeted by the malware used by Rocke for theft?,What is the primary malware used by the Rocke for stealing confidential data?,False,False,False,False,False,False,False,False,NOT_EQUIVALENT,"The original question asks for the malware used by Rocke, while the paraphrased question asks for the data targeted by the malware."
What malware is utilized by the Cinnamon Tempest in its operations?,What backdoor or ransomware tool is employed by the Cinnamon Tempest?,False,False,False,False,False,False,False,False,NOT_EQUIVALENT,"The paraphrased question broadens the scope by using the general term ""malware"" instead of the specific types ""backdoor or ransomware tool""."
What methods would you use to identify the presence of Gooligan within a system?,How do you detect the presence of Gooligan in a system?,False,False,False,False,False,False,False,False,EQUIVALENT,"The paraphrased question still asks about detecting the presence of Gooligan in a system, using only superficial rewording."
What type of malicious software does Sidewinder utilize for stealing sensitive data?,What malware does Sidewinder employ for data theft?,False,False,False,False,False,False,False,False,EQUIVALENT,"The paraphrased question preserves the original meaning, entities, and relationship, with only superficial rewording."
What malware is associated with the Sowbug and is utilized for illicit data access?,Which stealing software is linked to the Sowbug and used for unauthorized data access?,False,False,False,False,False,False,False,False,EQUIVALENT,"The paraphrased question preserves the original meaning, entities, and relationship, with only superficial rewording from ""stealing software"" to ""malware"" and ""unauthorized"" to ""illicit""."
What methods are employed to identify and detect DRATzarus?,Can you tell me about the techniques used to detect DRATzarus?,False,False,False,True,False,True,False,False,EQUIVALENT,"The paraphrased question still asks about the same entity (DRATzarus) and the same relationship (techniques/methods used for detection), with only a superficial rewording."
What steps are required to detect and eliminate Cadelspy from a network?,How can Cadelspy be identified and removed from a network?,True,False,True,False,False,False,True,False,EQUIVALENT,"The paraphrased question still asks about identifying and removing Cadelspy from a network, using synonyms ""detect"" and ""eliminate"" that preserve the original meaning."
What tool or software does Operation Wocao leverage for data exfiltration purposes?,What malicious program does Operation Wocao use for data exfiltration?,False,False,False,False,False,False,False,False,EQUIVALENT,"The paraphrased question still asks about the same entity (Operation Wocao) and relationship (data exfiltration method), with only a minor rewording of the query."
What steps are involved in identifying and removing DarkWatchman from a compromised system?,What is the process of detecting and eliminating DarkWatchman from a system?,True,False,False,True,False,False,False,True,EQUIVALENT,"The paraphrased question preserves the original meaning, entities, and relationship, with only minor rewording of the verbs ""detecting and eliminating"" to ""identifying and removing""."
What are the primary countermeasures employed to mitigate and identify RainyDay threats?,What are the common methods used to detect and prevent RainyDay infections?,True,True,False,True,True,False,True,False,EQUIVALENT,"The paraphrased question preserves the original meaning, entities (RainyDay infections/threats), and relationship (detection and prevention/mitigation and identification), with only superficial rewording."
What techniques are employed for identifying and detecting CORESHELL?,Can you tell me about the techniques used to detect CORESHELL?,False,False,False,True,False,False,False,False,EQUIVALENT,"The paraphrased question preserves the original meaning, entities, and relationship, with only superficial rewording."
What malware tools are utilized by Operation Ghost to accomplish its goals?,What type of rootkit or spyware is employed by the Operation Ghost to achieve its objectives?,False,False,False,False,False,False,False,False,EQUIVALENT,"The paraphrased question still asks about the same entity (Operation Ghost) and the same relationship (the type of malicious software it uses), with ""malware tools"" being a synonym for ""rootkit or spyware"" in this context."
What indicators suggest the presence of Machete in a computer system?,What signs or symptoms indicate the presence of Machete in a computer?,False,False,False,False,False,False,False,False,EQUIVALENT,"The paraphrased question uses synonymous terms, such as ""indicators"" for ""signs or symptoms"" and ""computer system"" for ""computer"", without changing the entity or relationship being asked about."
What software or tools are available to identify and eliminate Fakecalls?,What tools or software can be used to detect and remove Fakecalls?,False,True,False,False,False,False,True,False,EQUIVALENT,"The paraphrased question preserves the original meaning, entities, and relationship, with only superficial rewording of ""detect and remove"" to ""identify and eliminate""."
What malware is utilized by the group known as the Mustard Tempest?,What is the identity of the backdoor or ransomware used by the Mustard Tempest?,False,False,False,False,False,False,False,False,NOT_EQUIVALENT,"The paraphrased question broadens the scope by asking about any malware, rather than specifically backdoor or ransomware."
What methods are most effective in identifying and thwarting GLASSTOKEN infections?,What are the common methods used to detect and prevent GLASSTOKEN infections?,False,True,False,True,False,False,False,False,EQUIVALENT,"The paraphrased question preserves the original meaning, entities (GLASSTOKEN infections), and relationship (detecting and preventing), with only a superficial rewording of ""detect and prevent"" to ""identifying and thwarting""."
What steps should be taken to eliminate Conti and confirm its removal?,What are the steps involved in identifying and removing Conti?,False,False,True,False,False,True,True,True,EQUIVALENT,"The paraphrased question still asks about the process of removing Conti, with ""identifying and removing"" being semantically equivalent to ""eliminate and confirm its removal""."
What malware is most commonly linked to the malicious operations of Operation CuckooBees?,What ransomware or backdoor is typically associated with the malicious activities of the Operation CuckooBees?,False,False,False,False,False,False,False,False,EQUIVALENT,"The paraphrased question still asks about the same malicious activities and entity, Operation CuckooBees, and only broadens the type of malware from specific types to a general term."
What techniques can be employed to detect the presence of CHOPSTICK?,What methods can be used to identify CHOPSTICK?,False,False,False,False,False,False,False,False,EQUIVALENT,"The paraphrased question still asks about methods for identifying CHOPSTICK, with ""techniques"" and ""detect the presence of"" being synonymous with ""methods"" and ""identify""."
What malware does the EXOTIC LILY primarily utilize for exfiltrating sensitive information?,What is the primary malware used by the EXOTIC LILY for stealing confidential data?,False,False,False,False,False,False,False,False,EQUIVALENT,"The paraphrased question preserves the original meaning, entities, and relationship, with only a superficial rewording of ""stealing confidential data"" to ""exfiltrating sensitive information""."
What techniques can one utilize to detect MoleNet?,What methods can be used to identify MoleNet?,False,False,False,False,False,False,False,False,EQUIVALENT,"The paraphrased question uses synonymous terms ""techniques"" and ""utilize"" to convey the same meaning as the original question."
What malware is attributed to the operations of the notorious threat actor known as the Aquatic Panda?,What is the name of the backdoor or ransomware exploited by the Aquatic Panda?,False,False,False,False,False,False,False,False,NOT_EQUIVALENT,"The original question specifically asks about backdoor or ransomware, while the paraphrased question broadens the scope to any type of malware."
What steps can be taken to detect and eliminate the FunnyDream threat from a network?,How can FunnyDream be identified and removed from a network?,True,False,True,False,False,False,False,False,EQUIVALENT,"The paraphrased question still asks about identifying and removing the same entity, ""FunnyDream"", from a network, using synonymous terms ""detect and eliminate"" instead of ""identified and removed""."
What primary software tool is Dragonfly utilizing for the purposes of data theft and unauthorized system access?,What is the primary software tool used by Dragonfly for data theft and unauthorized access to user systems?,False,False,False,False,False,False,False,False,EQUIVALENT,"The paraphrased question preserves the original meaning, entities (Dragonfly, data theft, unauthorized access), and relationship, with only superficial rewording."
What methods are typically employed to identify and mitigate GolfSpy infections?,What are the common methods used to detect and prevent GolfSpy infections?,False,False,False,False,False,False,True,False,EQUIVALENT,"The paraphrased question preserves the original meaning, entities, and relationship, with only superficial rewording of ""detect and prevent"" to ""identify and mitigate""."
What methods would you use to identify the occurrence of yty within a system?,How do you detect the presence of yty in a system?,False,False,False,False,False,False,False,False,EQUIVALENT,"The paraphrased question preserves the original meaning, asking about the same entity ""yty"" and the same relationship of detection/identification within a system."
What steps can be taken to detect and eliminate the presence of HIDEDRV from a network?,How can HIDEDRV be identified and removed from a network?,False,True,True,False,False,False,False,False,EQUIVALENT,"The paraphrased question still asks about identifying and removing HIDEDRV from a network, using synonyms for the original verbs."
What software or tools are capable of identifying and eliminating Mispadu?,What tools or software can be used to detect and remove Mispadu?,True,False,True,False,True,False,True,True,EQUIVALENT,"The paraphrased question preserves the original meaning, entities, and relationship, with only superficial rewording of ""detect and remove"" to ""identifying and eliminating""."
What software or tools are available for identifying and uninstalling httpclient?,What tools or software can be used to detect and remove httpclient?,False,False,False,False,False,False,True,False,EQUIVALENT,"The paraphrased question preserves the original meaning, entities, and relationship, with only superficial rewording."
What are the noticeable indicators or manifestations of JHUHUGIT on a computer system?,What signs or symptoms indicate the presence of JHUHUGIT in a computer?,False,False,False,False,False,False,False,False,EQUIVALENT,"The paraphrased question preserves the original meaning, asking about the same indicators of JHUHUGIT's presence on a computer, with only superficial rewording."
What kind of malware is associated with the threat group known as APT19?,Which type of rootkit or spyware is linked to the APT19?,False,False,False,False,False,False,False,False,EQUIVALENT,"The paraphrased question still asks about the type of malware linked to APT19, preserving the original entities and relationship."
"What type of malware does C0018 primarily employ, specifically backdoors or ransomware?","What is the primary type of malware used by the C0018, namely backdoors or ransomware?",True,False,False,True,False,True,True,False,EQUIVALENT,"The paraphrased question preserves the original meaning, entities, and relationship, with only superficial rewording."
What methods are employed to identify and detect the presence of Winnti for Linux?,Can you tell me about the techniques used to detect Winnti for Linux?,False,False,False,False,False,False,False,False,EQUIVALENT,"The paraphrased question still asks about the methods used to detect Winnti for Linux, preserving the original entities and relationship."
What ransomware or backdoor is primarily associated with the group known as LAPSUS$?,What is the primary backdoor or ransomware used by the LAPSUS$?,False,False,False,False,True,False,False,False,EQUIVALENT,"The paraphrased question still inquires about the primary malware associated with the LAPSUS$ group, with only a superficial rewording of the original question."
What indicators or warning signals suggest the presence of JSS Loader on a computer system?,What signs or symptoms indicate the presence of JSS Loader in a computer?,False,False,False,False,False,False,False,False,EQUIVALENT,"The paraphrased question preserves the original meaning, asking about signs of JSS Loader's presence on a computer, with only superficial rewording of ""signs or symptoms"" to ""indicators or warning signals"" and ""computer"" to ""computer system""."
What does the term Ransomware signify within the context of cybersecurity?,What is the meaning of Ransomware in cybersecurity?,False,False,False,False,False,False,False,False,EQUIVALENT,The paraphrased question preserves the original meaning and asks about the same entity (Ransomware) and relationship (its meaning in cybersecurity) with only superficial rewording.
What type of rootkit or spyware is associated with the notorious cyber threat known as Mustard Tempest?,Can you determine the type of rootkit or spyware used by the Mustard Tempest?,True,True,True,True,True,True,True,True,EQUIVALENT,"The paraphrased question still inquires about the type of rootkit or spyware used by the Mustard Tempest, preserving the original entities and relationship."
What type of malware is commonly associated with the term Mustang Panda?,Which type of rootkit or spyware is linked to the Mustang Panda?,False,False,False,False,False,False,False,False,EQUIVALENT,"The paraphrased question still asks about the type of malware linked to Mustang Panda, with ""rootkit or spyware"" being a subset of ""malware""."
What malicious activities does POLONIUM typically rely on rootkits or spyware for?,What rootkit or spyware does the POLONIUM typically rely on for malicious activities?,False,True,False,True,False,True,False,True,NOT_EQUIVALENT,"The original question asks about the specific rootkit or spyware used by POLONIUM, while the paraphrased question asks about the activities for which POLONIUM uses rootkits or spyware."
What malware variant is associated with the threat group FIN6?,Which malicious backdoor or ransomware is linked to the FIN6?,False,False,False,False,False,False,False,False,EQUIVALENT,"The paraphrased question still asks about the malware linked to FIN6, using synonymous terms ""malicious backdoor or ransomware"" and ""malware variant"" and maintaining the same relationship between the entity and the group."
What techniques can help in detecting and identifying the DroidJack RAT?,What methods can be used to identify DroidJack RAT?,False,False,False,False,False,False,False,False,EQUIVALENT,"The paraphrased question still asks about methods for identifying the same entity, DroidJack RAT, with only a minor rewording of ""methods"" to ""techniques"" and addition of ""detecting"" which does not change the scope."
What methods are employed to identify and detect the PoetRAT?,Can you tell me about the techniques used to detect PoetRAT?,False,False,False,True,False,True,False,False,EQUIVALENT,"The paraphrased question still asks about the methods used to detect the same entity, PoetRAT, without changing the relationship or scope."
What malware does the notorious threat group APT28 specifically utilize for its espionage objectives?,Which specific malware does the APT28 employ for stealing purposes?,False,False,False,False,False,False,False,False,EQUIVALENT,"The paraphrased question still asks about the specific malware used by APT28 for stealing purposes, with ""espionage objectives"" being a synonym for ""stealing purposes""."
What steps can be taken to detect and eliminate Clop from a network?,How can Clop be identified and removed from a network?,False,True,True,False,False,False,True,False,EQUIVALENT,"The paraphrased question preserves the original meaning, entities, and relationship, using synonymous terms ""identified"" and ""detected"", and ""removed"" and ""eliminate""."
What malware specifically was utilized as part of the SolarWinds Compromise?,Can you identify the specific backdoor or ransomware used by the SolarWinds Compromise?,False,False,False,False,False,False,False,False,EQUIVALENT,"The paraphrased question still asks about the specific malware used in the SolarWinds Compromise, preserving the original entities and relationship."
What is the process of removing Prikormka from a system through identification and eradication?,What is the process of detecting and eliminating Prikormka from a system?,False,False,False,False,True,True,True,False,EQUIVALENT,"The paraphrased question preserves the original meaning, entities, and relationship, with only a superficial rewording of ""detecting and eliminating"" to ""removing through identification and eradication""."
What methods are typically employed to identify and block the spread of 4H RAT malware?,What are the common methods used to detect and prevent 4H RAT infections?,False,False,True,False,False,False,False,False,EQUIVALENT,"The paraphrased question preserves the original meaning, entities (4H RAT), and relationship (detection and prevention methods), with only superficial rewording."
Which operating systems are commonly targeted by malicious spyware?,"In the context of spyware, what platforms are considered high-risk?",True,True,True,False,True,True,True,True,EQUIVALENT,"Both questions ask about platforms or operating systems that are vulnerable to spyware, with no change in the relationship or scope being asked about."
What ransomware or backdoor is associated with the term Cleaver?,Which malicious backdoor or ransomware is linked to the Cleaver?,False,False,False,False,True,False,False,False,EQUIVALENT,"The paraphrased question preserves the original meaning, entities, and relationship, only reversing the order of ""malicious backdoor or ransomware"" to ""ransomware or backdoor"" and using ""associated with"" instead of ""linked to""."
What malware is primarily utilized by Stealth Falcon for the purposes of unauthorized data theft and access?,What is the primary malware used by Stealth Falcon for data theft and unauthorized access?,False,False,False,False,False,False,False,False,EQUIVALENT,"The paraphrased question preserves the original's meaning, entities, and relationship, with only superficial rewording."
What is the name of the remote access trojan associated with the identifier C0026?,What remote access trojan is associated with the C0026?,False,False,False,True,False,False,False,True,EQUIVALENT,"The paraphrased question still asks for the same entity (the remote access trojan) and its relationship to the same identifier (C0026), with only a superficial rewording of the question."
What methods can be employed to detect and identify the malware known as Lizar?,What methods can be used to identify Lizar?,False,False,False,False,False,False,False,False,EQUIVALENT,"The paraphrased question still asks about methods for identifying the same entity, Lizar, with ""detect"" being an implicit part of the identification process."
What malware does APT1 utilize for the purpose of exfiltrating sensitive information?,What is the name of the malware used by the APT1 for stealing sensitive data?,False,False,False,False,False,False,False,False,EQUIVALENT,"The paraphrased question still asks about the same entity (APT1) and the same relationship (using malware for stealing sensitive data), with only a change in wording."
What methods can be employed to ascertain whether a computer has been compromised by Javali?,How can one determine if a computer has been infected with Javali?,True,False,False,False,False,False,False,False,EQUIVALENT,"The paraphrased question preserves the original meaning, entities, and relationship, using synonymous terms like ""infected"" and ""compromised"" and ""determine"" and ""ascertain""."
What steps can be taken to locate and eliminate Hildegard from a network?,How can Hildegard be identified and removed from a network?,True,False,True,False,False,False,False,False,EQUIVALENT,"The paraphrased question preserves the original meaning, entities, and relationship, using synonymous terms ""identified"" and ""located"", and ""removed"" and ""eliminate""."
What methods can be employed to ascertain whether a computer is compromised by the malware known as ObliqueRAT?,How can one determine if a computer has been infected with ObliqueRAT?,False,False,True,False,False,False,False,False,EQUIVALENT,"The paraphrased question still asks about determining infection with the same malware, ObliqueRAT, on a computer, using different wording."
What spyware or rootkit is identified by the designation C0026?,What rootkit or spyware is part of the C0026?,True,True,True,True,True,True,True,True,EQUIVALENT,"The paraphrased question still asks about the same entity (the malware) and relationship (being part of/identified by the designation C0026), with only a superficial rewording of the terms ""rootkit or spyware"" and ""spyware or rootkit""."
What is the specific type of malware that is associated with the threat actor known as Mustang Panda?,Which malicious backdoor or ransomware is linked to the Mustang Panda?,False,False,False,False,False,False,False,False,EQUIVALENT,"The paraphrased question still asks about the same entity (Mustang Panda) and the same relationship (associated malware), with only a superficial rewording of the question."
What spyware or rootkit is known as ALLANITE?,What is the name of the rootkit or spyware used by the ALLANITE?,True,False,False,False,True,True,True,True,NOT_EQUIVALENT,"The original question asks for the name of the malware used by ALLANITE, while the paraphrased question asks for the malware known as ALLANITE."
What kind of malware is commonly utilized by the APT17 group?,What type of rootkit or spyware is typically employed by the APT17?,False,False,False,False,False,False,False,False,EQUIVALENT,"The paraphrased question still asks about the type of malicious software used by the APT17 group, with ""malware"" being a broader category that encompasses rootkits and spyware."
What methods are utilized for identifying Egregor?,What methods can be used to identify Egregor?,False,False,False,False,False,False,False,False,EQUIVALENT,"The paraphrased question uses synonymous wording to ask the same question about the same entity, Egregor, without changing the scope or relationship."
What tool does APT39 employ for the purpose of extracting data?,Which tool does APT39 use for exfiltrating data?,False,False,False,False,False,False,False,False,EQUIVALENT,"The paraphrased question still asks about the tool used by APT39 for data exfiltration, with ""extracting"" being a synonym for ""exfiltrating"" in this context."
What methods are employed to detect and identify KeyRaider?,What methods can be used to identify KeyRaider?,False,False,False,True,False,False,False,False,EQUIVALENT,"The paraphrased question still asks about methods for identifying KeyRaider, with ""detect"" being a synonymous step in the identification process."
"What type of malware does the DarkHydrus use, specifically a backdoor or ransomware?",What is the identity of the backdoor or ransomware used by the DarkHydrus?,True,False,False,True,False,False,True,False,EQUIVALENT,"The paraphrased question still asks about the specific type of malware, namely backdoor or ransomware, used by the DarkHydrus, preserving the original question's meaning and scope."
What malware is the backdoor or ransomware known as Machete?,What is the name of the backdoor or ransomware exploited by the Machete?,True,False,False,True,False,True,True,False,NOT_EQUIVALENT,"The original question asks for the name of the malware exploited by Machete, while the paraphrased question asks for the malware known as Machete."
What type of malware is most commonly linked to Operation Ghost?,What backdoor or ransomware is typically associated with the Operation Ghost?,False,False,False,False,False,False,False,False,EQUIVALENT,"The paraphrased question still asks about the same entity (Operation Ghost) and relationship (associated malware), with ""backdoor or ransomware"" being a specific type of malware."
What methods are employed to identify and detect WastedLocker?,Can you tell me about the techniques used to detect WastedLocker?,False,False,False,True,False,True,False,False,EQUIVALENT,"The paraphrased question still asks about the methods used to detect WastedLocker, preserving the original entity and relationship."
What methods would you use to identify and detect the presence of NKAbuse within a system?,How do you detect the presence of NKAbuse in a system?,False,False,False,False,False,False,False,False,EQUIVALENT,"The paraphrased question still asks about detecting the presence of NKAbuse in a system, using only superficial rewording."
What steps can one take to detect if a computer has been compromised by the BUSHWALK malware?,How can one determine if a computer has been infected with BUSHWALK?,False,False,True,True,False,False,False,False,EQUIVALENT,"The paraphrased question still asks about detecting the same malware, BUSHWALK, on a computer, with no change in entities or relationship."
What methods are employed to identify Mongall?,Can you tell me about the techniques used to detect Mongall?,False,False,False,False,False,False,False,False,EQUIVALENT,"The paraphrased question uses synonymous terms ""methods"" and ""employed to identify"" in place of ""techniques"" and ""detect"", preserving the original meaning and scope."
What malware or spyware is associated with the codename Operation Dust Storm?,Which rootkit or spyware is linked to Operation Dust Storm?,False,False,False,False,False,False,False,False,EQUIVALENT,"The paraphrased question still asks about the same entity (Operation Dust Storm) and relationship (being linked to or associated with a type of malware), with only a minor expansion of the malware category from ""rootkit"" to the broader ""malware""."
"What type of malware, specifically rootkits or spyware, is associated with the FIN6 threat group?",Can you determine the type of rootkit or spyware used by the FIN6?,True,True,True,True,True,True,True,True,EQUIVALENT,"The paraphrased question still inquires about the type of rootkit or spyware used by the FIN6, with only superficial rewording."
What kind of malware does Moafee primarily utilize for data theft and unauthorized system access?,What is the primary malware used by Moafee for data theft and unauthorized access?,False,False,False,False,False,False,False,False,EQUIVALENT,"The paraphrased question still asks about the primary malware used by Moafee for data theft and unauthorized access, with only minor wording changes."
What software or tools are available to identify and eliminate WINERACK?,What tools or software can be used to detect and remove WINERACK?,False,False,False,False,False,False,True,True,EQUIVALENT,"The paraphrased question preserves the original meaning, entities, and relationship, with only superficial rewording of ""detect and remove"" to ""identify and eliminate""."
What identification methods are available for Rifdoor?,What methods can be used to identify Rifdoor?,False,False,False,True,False,False,False,False,EQUIVALENT,"The paraphrased question still asks about methods for identifying the same entity, Rifdoor, without changing the relationship or scope."
What type of malware does RTM utilize for the purpose of data exfiltration?,What malware does RTM employ for data theft?,False,False,False,False,False,False,False,False,EQUIVALENT,"The paraphrased question preserves the original meaning, entities, and relationship, with ""data theft"" and ""data exfiltration"" being synonymous in this context."
What malware removal tools and software can effectively identify and uninstall jRAT?,What tools or software can be used to detect and remove jRAT?,False,False,True,False,True,False,True,False,EQUIVALENT,"The paraphrased question still asks about tools for detecting and removing jRAT, with only a superficial rewording of the original question."
What methods are used to identify the occurrence of RARSTONE within a system?,How do you detect the presence of RARSTONE in a system?,False,False,False,False,False,False,False,False,EQUIVALENT,"The paraphrased question still asks about detecting the presence of RARSTONE in a system, using synonymous terms like ""identify"" and ""occurrence"" instead of ""detect"" and ""presence""."
Which type of rootkit or spyware is linked to the CyberAv3ngers?,What kind of rootkit or spyware is associated with the CyberAv3ngers?,True,True,True,True,True,True,True,True,EQUIVALENT,"The paraphrased question preserves the original meaning, entities, and relationship, with only a superficial change in wording from ""associated"" to ""linked""."
What steps should one take to detect and eradicate TinyZBot?,What are the steps involved in identifying and removing TinyZBot?,False,True,True,True,False,False,True,False,EQUIVALENT,"The paraphrased question still asks about the same process of identifying and removing the same entity, TinyZBot, with only a change in wording from ""involved in identifying and removing"" to ""take to detect and eradicate""."
What steps are involved in removing and identifying Stuxnet from a compromised system?,What is the process of detecting and eliminating Stuxnet from a system?,True,True,True,False,True,False,True,False,EQUIVALENT,"The paraphrased question still asks about the same process of detecting and eliminating Stuxnet from a system, with only a minor rewording of the steps involved."
What malware or software is utilized by Malteiro to facilitate data theft operations?,What software does Malteiro exploit to facilitate data theft?,False,False,False,False,False,False,False,False,EQUIVALENT,"The paraphrased question still asks about the software used by Malteiro for data theft, with only minor rewording and addition of ""malware"" as a synonym."
What software or tools are available to identify and eliminate Zebrocy?,What tools or software can be used to detect and remove Zebrocy?,False,False,False,False,False,False,True,False,EQUIVALENT,"The paraphrased question preserves the original meaning, entities, and relationship, with only superficial rewording of ""detect and remove"" to ""identify and eliminate""."
What are the indicators or warning signs that suggest the FruitFly malware is present on a computer system?,What signs or symptoms indicate the presence of FruitFly in a computer?,False,False,False,False,False,False,False,False,EQUIVALENT,"The paraphrased question still asks about indicators of the same entity, FruitFly, in the same context, a computer or computer system."
What steps are necessary to detect and eliminate the AppleSeed?,What are the steps involved in identifying and removing AppleSeed?,True,True,True,True,False,False,False,False,EQUIVALENT,"The paraphrased question preserves the original meaning, entities, and relationship, with only a superficial rewording of ""identifying and removing"" to ""detect and eliminate""."
What malware or ransomware variant is associated with the DarkVishnya?,Which malicious backdoor or ransomware is linked to the DarkVishnya?,False,False,False,False,False,False,False,False,EQUIVALENT,"The paraphrased question still asks about the same entity (DarkVishnya) and relationship (linked or associated malware), with only a minor rewording of the question."
What malware is typically associated with the identifier C0010?,What backdoor or ransomware is typically associated with the C0010?,False,False,False,False,False,False,False,False,EQUIVALENT,"The paraphrased question still asks about the same identifier C0010 and its associated malware, with ""backdoor or ransomware"" being a subset of ""malware""."
What methods are employed to identify and detect the presence of Rover?,Can you tell me about the techniques used to detect Rover?,False,False,False,False,False,False,False,False,EQUIVALENT,"The paraphrased question still asks about the methods used to detect the same entity, ""Rover"", without changing the relationship or scope."
What malware is the Chimera typically known to utilize for unauthorized acquisition?,What stealing software is commonly employed by the Chimera?,False,False,False,False,False,False,False,False,EQUIVALENT,"The paraphrased question still refers to the Chimera and the act of stealing software, using synonymous terms like ""malware"" and ""unauthorized acquisition""."
What methods are typically employed to identify and thwart Babuk malware?,What are the common methods used to detect and prevent Babuk infections?,False,False,False,False,False,False,False,False,EQUIVALENT,"The paraphrased question preserves the original meaning, entities (Babuk infections/malware), and relationship (detection and prevention), with only superficial rewording."
What methods are employed to identify LIGHTWIRE?,Can you tell me about the techniques used to detect LIGHTWIRE?,False,False,False,False,False,False,False,False,EQUIVALENT,"The paraphrased question uses synonymous terms ""methods"" and ""employed to identify"" in place of ""techniques"" and ""detect"", while maintaining the same entity and relationship."
What steps are involved in identifying and removing TinyTurla from a system?,What is the process of detecting and eliminating TinyTurla from a system?,True,False,True,True,False,False,True,False,EQUIVALENT,"The paraphrased question preserves the original meaning, entities, and relationship, with only superficial rewording of ""detecting and eliminating"" to ""identifying and removing""."
What is the malware specifically used by the FIN7 group?,What is the name of the rootkit or spyware used by the FIN7?,False,False,False,False,False,False,False,False,EQUIVALENT,"The paraphrased question still refers to the same entity (FIN7) and the same relationship (the malware used by them), with ""malware"" being a broader category that includes rootkits and spyware."
What steps can be taken to detect and eliminate Maze malware from a network?,How can Maze be identified and removed from a network?,False,False,False,False,False,False,True,False,EQUIVALENT,"The paraphrased question still asks about identifying and removing the same entity, ""Maze"", referred to as ""Maze malware"", from the same context, a network."
What methods are used to detect Dok?,What methods can be used to identify Dok?,False,False,False,False,False,False,False,False,EQUIVALENT,"The terms ""identify"" and ""detect"" are synonymous in this context, preserving the original question's meaning and scope."
What type of malware is associated with the term IndigoZebra?,Which malicious backdoor or ransomware is linked to the IndigoZebra?,False,False,False,False,False,False,False,False,EQUIVALENT,"The paraphrased question still asks about the type of malware linked to IndigoZebra, preserving the original entity and relationship."
What methods do organizations typically employ to counteract EKANS malware and prevent its spread?,What are the common methods used to detect and prevent EKANS infections?,False,False,False,True,False,False,False,True,EQUIVALENT,"The paraphrased question still asks about methods to prevent EKANS infections, using synonymous terms like ""counteract"" and ""prevent its spread""."
What kind of malware is linked to the concept of Inception?,What type of backdoor or ransomware is associated with the Inception?,False,False,False,False,False,False,False,False,NOT_EQUIVALENT,"The paraphrased question broadens the scope by using the general term ""malware"" instead of the specific types ""backdoor or ransomware""."
What malware is utilized by APT19 to illicitly extract sensitive information?,What is the name of the malware used by the APT19 for stealing sensitive data?,False,False,False,False,False,False,False,False,EQUIVALENT,"The paraphrased question still asks about the same entity (APT19) and the same relationship (using malware to steal sensitive data), with only superficial rewording."
What are the procedures necessary for detecting and uninstalling Caterpillar WebShell?,What are the steps involved in identifying and removing Caterpillar WebShell?,True,False,False,True,True,False,True,False,EQUIVALENT,"The paraphrased question preserves the original meaning, entities, and relationship, with only superficial rewording of ""steps"" to ""procedures"", ""identifying"" to ""detecting"", and ""removing"" to ""uninstalling""."
What malware is associated with the backdoor or ransomware known as UNC2452?,What is the name of the backdoor or ransomware exploited by the UNC2452?,False,False,False,True,False,True,True,False,NOT_EQUIVALENT,"The original question asks for the name of the malware, while the paraphrased question asks for the malware itself, reversing the relationship between the entity and its name."
What kind of remote access Trojan is utilized by FunnyDream?,What type of RAT software is employed by the FunnyDream?,False,False,False,True,True,True,False,True,EQUIVALENT,"The paraphrased question preserves the original meaning, replacing ""RAT software"" with the full term ""remote access Trojan"" while maintaining reference to the same entity ""FunnyDream""."
What steps can be taken to detect and eliminate OopsIE from a network?,How can OopsIE be identified and removed from a network?,False,False,True,False,False,False,True,False,EQUIVALENT,"The paraphrased question preserves the original meaning, entities, and relationship, using synonyms ""detect"" and ""eliminate"" instead of ""identified"" and ""removed""."
What software does the threat actor TEMP.Veles primarily employ for illicit data exfiltration and unauthorized access to target systems?,What is the primary software tool used by TEMP.Veles for data theft and unauthorized access to user systems?,False,False,False,False,False,False,False,False,EQUIVALENT,"The paraphrased question preserves the original meaning, entities (TEMP.Veles), and relationship (primary software tool used for data theft and unauthorized access), with only superficial rewording."
What malware variant is associated with the Dragonfly 2.0 threat?,Which malicious backdoor or ransomware is linked to the Dragonfly 2.0?,False,False,False,False,False,False,False,False,EQUIVALENT,"The paraphrased question still asks about the same entity (Dragonfly 2.0) and relationship (associated malware), using synonymous terms (malicious backdoor or ransomware vs malware variant)."
What malware tools is Stolen Pencil typically used to carry out its data theft activities with?,What kind of malware does Stolen Pencil utilize for its data theft operations?,False,False,False,False,False,False,False,False,EQUIVALENT,"The paraphrased question still asks about the type of malware used by Stolen Pencil for data theft, with only a superficial rewording of the original question."
What malware is utilized by the FIN13 threat group to facilitate data theft and compromise user security?,What is the specific malware used by FIN13 to facilitate data theft and compromise user security?,False,False,False,False,False,False,False,False,EQUIVALENT,"The paraphrased question preserves the original meaning, entities (FIN13, data theft, user security), and relationship, with only minor wording changes."
What is the underlying principle behind ransomware attacks?,Can you explain the concept of Ransomware?,False,False,False,False,False,False,False,False,EQUIVALENT,"Both questions ask about the fundamental nature of ransomware, with the paraphrased question using more formal language to inquire about the same concept."
What type of rootkit or spyware was employed by the notorious cyber threat actor known as Sharpshooter?,Can you determine the type of rootkit or spyware used by the Sharpshooter?,True,True,True,True,True,True,True,True,EQUIVALENT,"The paraphrased question still asks about the type of rootkit or spyware used by the Sharpshooter, with only superficial rewording."
What methods can be used to identify whether a computer has been compromised by a BACKSPACE infection?,How can one determine if a computer has been infected with BACKSPACE?,False,False,False,False,False,False,False,False,EQUIVALENT,"The paraphrased question preserves the original meaning, entities, and relationship, using synonymous terms like ""compromised"" for ""infected"" and ""identify"" for ""determine""."
"What type of malicious software, specifically a rootkit or spyware, is linked to the Triton Safety Instrumented System Attack?",What kind of rootkit or spyware is associated with Triton Safety Instrumented System Attack?,True,True,True,True,True,True,True,True,EQUIVALENT,"The paraphrased question still asks about the same type of malicious software associated with the same entity, the Triton Safety Instrumented System Attack."
What kind of malware does GALLIUM rely on to facilitate the theft of sensitive information?,Which type of malicious software does GALLIUM use to facilitate data theft?,False,False,False,False,False,False,False,False,EQUIVALENT,"The paraphrased question still asks about the type of malicious software GALLIUM uses for data theft, with only superficial wording changes."
What type of malware does the Ajax Security Team typically utilize?,What backdoor or ransomware tool is employed by the Ajax Security Team?,False,False,False,False,False,False,False,False,NOT_EQUIVALENT,"The paraphrased question broadens the scope by asking about ""type of malware"" instead of specifically ""backdoor or ransomware tool""."
What malware is primarily utilized by the threat group FIN7 to facilitate unauthorized access and data theft?,What is the primary malware used by FIN7 for data theft and unauthorized access?,False,False,False,False,False,False,False,False,EQUIVALENT,"The paraphrased question preserves the original's meaning, entities (FIN7, data theft, unauthorized access), and relationship (primary malware used), with only superficial rewording."
What RAT software is Operation CuckooBees specifically known to employ?,Which specific RAT software does Operation CuckooBees utilize?,False,False,True,True,True,True,True,True,EQUIVALENT,"The paraphrased question still asks about the specific RAT software used by Operation CuckooBees, preserving the original meaning and entities."
What steps can be taken to detect and eliminate the presence of GuLoader malware from a network?,How can GuLoader be identified and removed from a network?,False,True,False,False,False,False,False,False,EQUIVALENT,"The paraphrased question still asks about identifying and removing the same entity, GuLoader malware, from the same context, a network."
What malware is associated with the cyber operation codenamed Operation Sharpshooter?,Which rootkit or spyware is linked to Operation Sharpshooter?,False,False,False,False,False,False,False,False,EQUIVALENT,"The paraphrased question still asks about the same entity (Operation Sharpshooter) and relationship (being linked to or associated with a type of malware), using more general terminology (malware) that encompasses the original terms (rootkit or spyware)."
What steps are involved in removing SpyDealer from a compromised system?,What is the process of detecting and eliminating SpyDealer from a system?,True,False,False,False,True,True,True,True,EQUIVALENT,"The paraphrased question still asks about the process of removing SpyDealer from a system, preserving the original entities and relationship."
What type of malware is commonly associated with the operations of Metador?,What is the identity of the backdoor or ransomware used by the Metador?,False,False,False,False,False,False,False,False,NOT_EQUIVALENT,"The paraphrased question broadens the scope to any type of malware, rather than specifically asking about backdoor or ransomware used by the Metador."
"What PROMETHIUM is typically associated with in terms of malware, specifically backdoors or ransomware?",Which malicious backdoor or ransomware is linked to the PROMETHIUM?,True,False,False,True,False,True,True,False,EQUIVALENT,"The paraphrased question still inquires about the type of malware, specifically backdoors or ransomware, associated with PROMETHIUM."
What type of malware does the Honeybee utilize in order to facilitate data theft and undermine user security?,What is the specific malware used by Honeybee to facilitate data theft and compromise user security?,False,False,False,False,False,False,False,False,EQUIVALENT,"The paraphrased question preserves the original meaning, entities, and relationship, with only minor wording changes that do not alter the scope or constraints of the query."
What methods are employed to identify or detect Judy?,Can you tell me about the techniques used to detect Judy?,False,False,False,False,False,False,False,False,EQUIVALENT,"The paraphrased question still asks about the same entity ""Judy"" and the same relationship of detection, using synonymous terms ""techniques"" and ""methods"", and ""detect"" and ""identify or detect""."
What GRIFFON-related tools or software can be used for detection and eradication purposes?,What tools or software can be used to detect and remove GRIFFON?,False,True,False,False,True,False,False,False,EQUIVALENT,"The paraphrased question still asks about tools or software for detecting and removing GRIFFON, with only superficial rewording."
What methods are employed to identify PUNCHBUGGY?,Can you tell me about the techniques used to detect PUNCHBUGGY?,False,False,False,False,False,False,False,False,EQUIVALENT,"The paraphrased question uses synonymous terms ""methods"" and ""employed to identify"" in place of ""techniques"" and ""detect"", preserving the original meaning and scope."
What kind of malware is primarily employed by Scattered Spider for unauthorized data extraction and system access?,What is the primary malware used by Scattered Spider for data theft and unauthorized access?,False,False,False,False,False,False,False,False,EQUIVALENT,"The paraphrased question still asks about the primary malware used by Scattered Spider for unauthorized activities, with only minor rewording of the original question."
What is the malware utilized by LazyScripter that is designed for exfiltrating sensitive information?,What is the name of the malware used by the LazyScripter for stealing sensitive data?,False,False,False,False,False,False,False,False,EQUIVALENT,"The paraphrased question still refers to the same entity (LazyScripter) and relationship (stealing sensitive data), with only a change in wording from ""stealing"" to ""exfiltrating"" and ""malware used"" to ""malware utilized""."
What steps can be taken to identify whether a computer has been compromised by Cheerscrypt malware?,How can one determine if a computer has been infected with Cheerscrypt?,False,False,False,False,False,False,False,False,EQUIVALENT,"The paraphrased question still asks about identifying a computer infected with Cheerscrypt, using synonymous terms like ""compromised"" and ""malware""."
What steps are required to detect and eliminate Trojan-SMS.AndroidOS.Agent.ao malware?,What are the steps involved in identifying and removing Trojan-SMS.AndroidOS.Agent.ao?,False,False,True,True,False,False,True,False,EQUIVALENT,"The paraphrased question still refers to the same entity (Trojan-SMS.AndroidOS.Agent.ao) and relationship (identification and removal), with only a superficial rewording of ""identifying and removing"" to ""detect and eliminate""."
What methods can be used to identify whether a computer has been compromised by the Vasport malware?,How can one determine if a computer has been infected with Vasport?,False,False,False,False,False,False,False,False,EQUIVALENT,"The paraphrased question still asks about identifying a computer infected with the same malware, Vasport, using different wording."
What characteristics or indicators suggest that a computer has been compromised by the presence of Umbreon?,What signs or symptoms indicate the presence of Umbreon in a computer?,True,False,False,False,False,False,False,False,EQUIVALENT,"The paraphrased question still asks about indicators of Umbreon's presence in a computer, using synonymous terms for ""signs or symptoms"" and maintaining the same entity and relationship."
What kind of malware is primarily associated with TeamTNT's tactics for exfiltrating data and gaining unauthorized access?,What is the primary malware used by TeamTNT for data theft and unauthorized access?,False,False,False,False,False,False,False,False,EQUIVALENT,"The paraphrased question still asks about the primary malware used by TeamTNT for data theft and unauthorized access, with only superficial rewording."
What kind of malware does the Strider typically utilize for stealing purposes?,What type of stealing software does the Strider typically use?,False,False,False,False,False,False,False,False,EQUIVALENT,"The paraphrased question still asks about the type of software the Strider uses for stealing, with ""malware"" being a synonym for ""stealing software"" in this context."
