Question,OriginalQuestion,phi_dsl_nocot,phi_dsl_cot,phi_sparql_nocot,phi_sparql_cot,qwen_dsl_nocot,qwen_dsl_cot,qwen_sparql_nocot,qwen_sparql_cot,judge_verdict,judge_reason
What Ferocious behaviors are specifically linked to the hcdLoader?,What unique behaviors are associated with hcdLoader and Ferocious?,False,False,False,False,False,False,False,False,EQUIVALENT,"Both questions ask about the unique behaviors associated with hcdLoader and Ferocious, maintaining the same entities and relationship."
What malicious activities are primarily associated with HUI Loader and Net Crawler?,What are the main targets of HUI Loader and Net Crawler in terms of their malicious activities?,False,False,False,False,False,False,False,False,EQUIVALENT,Both questions ask about the primary malicious activities associated with HUI Loader and Net Crawler.
What specific operational traits distinguish PHOREAL and Revenge RAT malware?,What distinct characteristics do PHOREAL and Revenge RAT exhibit in their operations?,False,True,False,False,False,False,False,False,EQUIVALENT,"Both questions ask about the distinct characteristics or specific operational traits of PHOREAL and Revenge RAT, preserving the same entities and relationship."
What impact do the characteristics of Avaddon and the functionality of INCONTROLLER have on their respective threat assessments?,How do the behaviors of Avaddon and INCONTROLLER contribute to their respective threat profiles?,False,False,False,False,False,False,False,False,EQUIVALENT,Both questions ask about the impact of the characteristics and behaviors of Avaddon and INCONTROLLER on their threat profiles.
What are the key distinctions in the system impact caused by Flame and Kinsing malware?,What are the primary differences in the impact of Flame and Kinsing on a system?,False,False,False,False,False,False,False,False,EQUIVALENT,Both questions ask about the primary differences in the impact of Flame and Kinsing on a system.
What malicious activities are primarily associated with the operations of FlyTrap and the ANDROMEDA malware?,What are the main targets of FlyTrap and ANDROMEDA in terms of their malicious activities?,False,False,False,False,False,False,False,False,EQUIVALENT,Both questions ask about the primary malicious activities associated with FlyTrap and ANDROMEDA.
What specific operational traits are common to both STEADYPULSE and Trojan.Karagany malware variants?,What distinct characteristics do STEADYPULSE and Trojan.Karagany exhibit in their operations?,False,False,False,False,False,False,False,False,NOT_EQUIVALENT,"The original question asks about distinct characteristics, while the paraphrase asks about common traits."
What entities are primarily targeted by Cannon and LitePower during their malicious activities?,What are the primary targets of Cannon and LitePower in the context of their malicious operations?,False,False,False,False,False,False,False,False,EQUIVALENT,Both questions ask about the primary targets of Cannon and LitePower in the context of their malicious activities.
What specifically differentiates the behavior profiles of ABK and Chameleon from one another?,What sets the behaviors of ABK and Chameleon apart from one another?,False,True,False,False,False,False,False,False,EQUIVALENT,Both questions ask about the specific differences in behavior between ABK and Chameleon.
What behaviors are distinctively linked to Avaddon and the X-Agent malware?,What unique behaviors are associated with Avaddon and X-Agent?,False,False,False,False,False,False,False,False,EQUIVALENT,"Both questions ask about the unique behaviors associated with Avaddon and X-Agent, preserving the entities and the relationship."
"What key features of Asacub are notable, and does it act as a covert entry point that leverages the functionality of Chat Messages?","What characteristics define the Asacub, and specifically, does it serve as a backdoor that uses the Chat Messages?",False,False,True,False,False,False,True,True,EQUIVALENT,Both questions ask about the characteristics of Asacub and whether it serves as a backdoor using Chat Messages.
"What specific features distinguish the MarkiRAT, and does this malware function as a backdoor that leverages the Password Filter DLL?","What characteristics define the MarkiRAT, and specifically, does it serve as a backdoor that uses the Password Filter DLL?",False,False,True,False,True,False,True,True,EQUIVALENT,Both questions ask about the characteristics of MarkiRAT and whether it functions as a backdoor using the Password Filter DLL.
Is the Volgmer backdoor malware reliant on the Spoof Security Alerting attack vector?,"Is the Volgmer a type of backdoor, and if yes, does it rely on the Spoof Security Alerting attack technique?",False,False,True,True,True,False,True,True,EQUIVALENT,Both questions ask if Volgmer is a backdoor and if it uses the Spoof Security Alerting technique.
"Is the PLAINTEE classified as a type of backdoor, and if so, does its functionality depend on the Gather Victim Org Information attack vector?","Is the PLAINTEE a type of backdoor, and if yes, does it rely on the Gather Victim Org Information attack technique?",False,True,True,True,True,False,True,True,EQUIVALENT,"The paraphrase maintains the same entities (PLAINTEE, backdoor, Gather Victim Org Information) and the same relationship (classification and dependency) as the original question."
"Does RedDrop function as a malicious program that sets up a backdoor, and if so, what technique, specifically Template Injection, does it leverage to do so?","Is the RedDrop a malicious program that establishes a backdoor, and if so, what is the Template Injection it exploits?",False,True,True,True,True,False,True,True,EQUIVALENT,"The paraphrase maintains the same entities and relationship, asking if RedDrop is a malicious program that sets up a backdoor and specifically inquiring about the Template Injection technique it uses."
What extent can Remote Services Mitigation techniques effectively counter the effects of MechaFlounder?,How can Remote Services Mitigation minimize the impact of MechaFlounder?,False,False,False,False,False,False,False,False,EQUIVALENT,Both questions ask about the effectiveness of Remote Services Mitigation in reducing the impact of MechaFlounder.
What measures can Resource Hijacking Mitigation take to safeguard itself against the destructive consequences of Dipsind?,How can Resource Hijacking Mitigation protect itself from the damage caused by Dipsind?,False,False,False,False,False,False,False,False,EQUIVALENT,Both questions ask about the same measures to protect Resource Hijacking Mitigation from the destructive consequences of Dipsind.
What methods can be utilized for removing POWERSOURCE from the context of Hidden Files and Directories Mitigation?,What methods can be employed to remove POWERSOURCE from Hidden Files and Directories Mitigation?,False,False,False,False,False,False,False,False,EQUIVALENT,Both questions ask about the methods to remove POWERSOURCE from the context of Hidden Files and Directories Mitigation.
What are the names of the campaigns that Truvasys and CHEMISTGAMES have been involved in?,What campaigns have Truvasys and CHEMISTGAMES participated in?,False,False,False,False,False,False,False,False,EQUIVALENT,"Both questions ask for the names of the campaigns that Truvasys and CHEMISTGAMES have participated in, preserving the same entities and relationship."
"What information or resources typically attract the attention of groups such as Clop, KEYMARBLE, and the infamous Samurai?","What types of information or resources are commonly sought after by Clop, KEYMARBLE, and Samurai?",False,False,False,True,True,True,False,False,EQUIVALENT,"Both questions ask about the types of information or resources that attract the attention of the same groups, preserving the original meaning and entities."
What measures can be taken to prevent the adverse effects of an AutoIt backdoor when implementing Install Root Certificate Mitigation?,How can Install Root Certificate Mitigation protect itself from the damage caused by AutoIt backdoor?,False,False,False,False,False,False,False,False,EQUIVALENT,Both questions ask about protective measures against the adverse effects of an AutoIt backdoor in the context of Install Root Certificate Mitigation.
Which attack tactic is most commonly associated with a Pteranodon variant of PoisonIvy malware?,Which type of PoisonIvy is more likely to employ DDoS attacks in its attack strategy?,False,False,False,False,False,False,False,False,NOT_EQUIVALENT,The paraphrase changes the entity from a type of PoisonIvy to a Pteranodon variant and the relationship from employing DDoS attacks to an attack tactic association.
"What methods can be employed to counteract and minimize the effects of threats like NetTraveler, Black Basta, and the malware known as HOMEFRY?","What are the typical methods for preventing and mitigating the impact of NetTraveler, Black Basta, and HOMEFRY?",True,True,True,True,True,True,False,True,EQUIVALENT,The paraphrase maintains the same entities and the relationship of methods to prevent and mitigate the impact of the specified threats.
What initiatives have Agent Smith and the malware strain INSOMNIA been involved in?,What campaigns have Agent Smith and INSOMNIA participated in?,False,False,False,False,False,False,False,False,EQUIVALENT,The paraphrase maintains the same entities (Agent Smith and INSOMNIA) and the same relationship (participation in campaigns/initiatives).
What impact can be minimized by implementing File System Permissions Weakness Mitigation measures against the DanBot threat?,How can File System Permissions Weakness Mitigation minimize the impact of DanBot?,False,False,False,False,False,False,False,False,EQUIVALENT,"Both questions ask about the same entities (File System Permissions Weakness Mitigation, DanBot) and the same relationship (minimizing impact)."
What malware type has utilized HEXANE in the C0015 threat?,What kind of malware has HEXANE been using in C0015?,False,False,False,False,False,False,False,False,NOT_EQUIVALENT,"The original question asks about the kind of malware HEXANE has been using, while the paraphrase asks about the malware type that has utilized HEXANE, reversing the subject and object."
In what ways do FluBot and Sys10 diverge in their reliance on distributed denial-of-service (DDoS) attacks to compromise system functionality?,How do FluBot and Sys10 differ in their use of DDoS attacks as a means of disrupting systems?,False,True,True,True,False,False,False,False,EQUIVALENT,Both questions ask about the differences in how FluBot and Sys10 use DDoS attacks to disrupt systems.
What campaigns feature the presence of SHIPSHAPE and MESSAGETAP?,In what campaigns can SHIPSHAPE and MESSAGETAP be found?,False,False,False,False,False,False,False,False,EQUIVALENT,"Both questions ask about the campaigns that include SHIPSHAPE and MESSAGETAP, preserving the same entities and relationship."
In which operations are PoetRAT and BoxCaon known to be active?,In what campaigns can PoetRAT and BoxCaon be found?,False,False,False,False,False,False,False,False,EQUIVALENT,Both questions ask about the same entities (PoetRAT and BoxCaon) and the same relationship (the campaigns/operations they are found in/active in).
How do the tactics employed by NotCompatible and NetTraveler typically compare in relation to initiating DDoS attacks?,What is the typical behavior of NotCompatible versus NetTraveler when it comes to launching DDoS attacks?,False,True,False,True,False,False,False,True,EQUIVALENT,Both questions ask about the comparison of tactics between NotCompatible and NetTraveler in the context of DDoS attacks.
"What techniques are typically employed by malicious software such as PUNCHTRACK, DEATHRANSOM, and MAZE?","What are the common techniques used by malware, specifically PUNCHTRACK, DEATHRANSOM, and MAZE?",True,True,False,True,False,True,False,False,EQUIVALENT,"The paraphrase maintains the same entities and the relationship being asked about, only varying in surface wording."
What measures can Regsvcs/Regasm Mitigation implement to safeguard against the detrimental effects of CORALDECK?,How can Regsvcs/Regasm Mitigation protect itself from the damage caused by CORALDECK?,False,False,False,False,False,False,False,False,EQUIVALENT,Both questions ask about the same measures to protect Regsvcs/Regasm Mitigation from the detrimental effects of CORALDECK.
"What techniques are involved in Compiled HTML File Mitigation that can be applied to minimize the effects of AndroRAT, specifically iKitten?",How can Compiled HTML File Mitigation be used to mitigate the impact of iKitten,False,False,False,False,False,False,False,False,NOT_EQUIVALENT,"The paraphrase introduces a new entity, AndroRAT, which was not present in the original question."
What measures can be taken to safeguard against the potential harm to Restrict Registry Permissions resulting from the actions of Kessel?,How can Restrict Registry Permissions protect itself from the damage caused by Kessel?,False,False,False,False,False,False,False,False,EQUIVALENT,"Both questions ask about protecting Restrict Registry Permissions from harm caused by Kessel, maintaining the same entities and relationship."
"What characteristics of Email Hiding Rules can be attributed to NightClub, MacMa, and LightNeuron?","What are the key characteristics of NightClub, MacMa, and LightNeuron in terms of Email Hiding Rules?",False,False,False,False,False,False,False,False,EQUIVALENT,"Both questions ask about the characteristics of Email Hiding Rules for the same entities (NightClub, MacMa, and LightNeuron)."
What initiatives have CARROTBAT and BBK been involved in?,What campaigns have CARROTBAT and BBK participated in?,False,False,False,False,False,False,False,False,EQUIVALENT,The paraphrase maintains the same entities (CARROTBAT and BBK) and the same relationship (participation in campaigns/initiatives).
"What are the key countermeasures for countering the potential threats posed by Doki, WindTail, and specifically Exaramel for Linux?","What are the primary methods for preventing and mitigating the risks associated with Doki, WindTail, and Exaramel for Linux?",True,True,False,False,True,True,False,True,EQUIVALENT,"Both questions ask about the primary methods or key countermeasures to prevent and mitigate risks or threats from the same entities (Doki, WindTail, and Exaramel for Linux)."
What distinguishes INSOMNIA from MiniDuke in its use of Distributed Denial-of-Service (DDoS) attacks?,What sets INSOMNIA apart from MiniDuke in terms of its reliance on DDoS attacks?,False,True,True,False,False,False,False,True,EQUIVALENT,Both questions ask about the distinguishing feature of INSOMNIA compared to MiniDuke in terms of DDoS attack reliance.
What campaigns have been associated with TrickBot and TinyTurla operations?,What are the known campaigns connected to TrickBot and TinyTurla?,False,False,False,False,False,False,False,False,EQUIVALENT,"Both questions ask about the same campaigns connected to TrickBot and TinyTurla, preserving the relationship and entities."
What methods does Custom Command and Control Protocol utilize to evade detection by security software and systems?,How does Custom Command and Control Protocol manage to evade the detection of security systems and software?,False,False,False,False,False,False,False,False,EQUIVALENT,Both questions ask about the methods used by Custom Command and Control Protocol to evade detection by security systems and software.
What methods do malicious actors use to successfully breach or penetrate security systems and defenses through Malicious Web Content?,How does Malicious Web Content manage to breach or penetrate security systems and defenses?,False,False,False,False,False,False,False,False,EQUIVALENT,"Both questions ask about the methods used by malicious web content to breach security systems, preserving the same entities and relationship."
On which platform is Brute Force I/O most commonly linked?,What kind of platform is Brute Force I/O most commonly associated with?,False,True,True,True,False,True,True,True,EQUIVALENT,Both questions ask about the platform most commonly associated with Brute Force I/O.
What type of platform is vulnerable to the significant threat of Reflective Code Loading?,For what type of platform is Reflective Code Loading considered a significant threat?,False,True,True,True,False,True,False,False,EQUIVALENT,Both questions ask about the type of platform that is significantly threatened by Reflective Code Loading.
What is typically sought to be undermined through Compromise Software Supply Chain?,What is the ultimate target of Compromise Software Supply Chain?,False,False,False,False,False,False,False,False,NOT_EQUIVALENT,"The original question asks for the ultimate target, while the paraphrase asks what is typically sought to be undermined, which changes the focus from a specific target to a general outcome."
What methods enable Modify cached executable code to avoid being detected and protected?,In what ways is Modify cached executable code able to evade detection and protection?,False,False,False,False,False,False,False,False,EQUIVALENT,"Both questions ask about the methods that allow ""Modify cached executable code"" to evade detection and protection."
"What security systems or defenses might be vulnerable to compromise, disablement, or bypass due to Loss of Productivity and Revenue?","What types of defenses or security systems can Loss of Productivity and Revenue compromise, disable, or bypass?",True,False,False,False,False,False,False,False,NOT_EQUIVALENT,"The original question asks what defenses can be compromised by Loss of Productivity and Revenue, while the paraphrase asks what defenses are vulnerable to being compromised by Loss of Productivity and Revenue, which shifts the focus from the capability of Loss of Productivity and Revenue to the vulnerability of the defenses."
"What types of defenses can Loss of Availability successfully evade, bypass, or disable?","What are the defenses that Loss of Availability can successfully evade, bypass, or disable?",False,True,True,False,False,True,False,True,EQUIVALENT,"The paraphrase maintains the same meaning and scope as the original question, only adding ""types of"" which does not alter the entities or relationships being asked about."
What is the primary target platform for the Data from Configuration Repository?,For which platform is Data from Configuration Repository primarily intended?,False,True,True,True,False,False,True,False,EQUIVALENT,Both questions ask about the primary platform intended for the Data from Configuration Repository.
What security protocols or measures might be vulnerable to compromise or subversion by Spearphishing Link?,What security protocols or measures can Spearphishing Link compromise or undermine?,False,True,True,True,False,False,False,False,EQUIVALENT,Both questions ask about the same security protocols or measures that can be compromised by Spearphishing Link.
What security measures can Container and Resource Discovery potentially evade or bypass?,What defenses can Container and Resource Discovery evade or circumvent?,False,False,False,False,False,False,False,False,EQUIVALENT,"The paraphrase preserves the original meaning, entities, and relationship, with only a slight variation in wording."
What countermeasures fail to mitigate the vulnerability associated with Create Process with Token?,What countermeasures are ineffective against Create Process with Token?,False,False,False,False,False,False,False,False,EQUIVALENT,"Both questions ask about countermeasures that do not effectively address the ""Create Process with Token"" issue."
Which security measures are susceptible to the PubPrn vulnerability?,What security measures are vulnerable to PubPrn?,False,False,False,False,False,False,False,False,EQUIVALENT,Both questions ask about the same security measures and their vulnerability to PubPrn.
What security protocols can NTFS Extended Attributes bypass or evade?,Identify the security protocols that NTFS Extended Attributes can circumvent.,True,True,True,False,False,False,False,False,EQUIVALENT,"Both questions ask about the same security protocols that NTFS Extended Attributes can circumvent, bypass, or evade."
What types of security controls does Indirect Command Execution successfully circumvent or compromise?,What security measures does Indirect Command Execution manage to bypass or undermine?,True,True,False,True,False,False,True,False,EQUIVALENT,Both questions ask about the same security measures and the relationship of being bypassed or compromised by Indirect Command Execution.
What is the typical platform for the deployment or execution of External Remote Services?,On which platform is External Remote Services typically deployed or executed?,False,True,True,True,False,True,True,True,EQUIVALENT,Both questions ask about the typical platform for deploying or executing External Remote Services.
What is the primary purpose of Re-opened Applications?,What is the main intention of a Re-opened Applications?,False,False,False,False,False,False,False,False,EQUIVALENT,"Both questions ask about the main/primary intention or purpose of Re-opened Applications, preserving the same entities and relationship."
What operating environment is the Havij framework specifically tailored to function on?,On which platform is Havij designed to run?,False,False,True,False,False,False,False,False,EQUIVALENT,Both questions ask about the specific operating environment or platform for which Havij is designed.
"What types of security measures can System Services successfully evade, bypass, or disable?","What are the defenses that System Services can successfully evade, bypass, or disable?",False,False,True,False,False,False,True,False,EQUIVALENT,"The paraphrase maintains the same meaning, entities, and relationship as the original question."
What is the intended primary platform for the meek protocol?,What is the primary platform that meek is intended for?,False,True,False,False,False,False,False,False,EQUIVALENT,Both questions ask about the primary platform intended for the meek protocol.
What security controls are ineffective against Reflective Code Loading attacks?,What security measures are unable to prevent Reflective Code Loading?,False,True,False,False,False,False,False,False,EQUIVALENT,Both questions ask about the same security measures and their ineffectiveness against Reflective Code Loading.
What mechanisms can malware use to evade or bypass the Prevent Application Removal defenses?,What defenses can Prevent Application Removal evade or circumvent?,False,False,False,False,False,False,False,False,NOT_EQUIVALENT,"The paraphrase changes the subject from ""defenses"" to ""mechanisms"" and shifts the focus from what defenses can be evaded to what mechanisms malware can use, altering the relationship and scope of the question."
What is the primary objective behind the strategy of Generate Fraudulent Advertising Revenue?,What is the purpose of Generate Fraudulent Advertising Revenue?,True,True,False,False,False,True,False,True,EQUIVALENT,"The paraphrase maintains the same entities and relationship, only varying in surface wording and syntax."
How do Masquerade Task or Service manage to evade the security measures that have been implemented?,In what ways does Masquerade Task or Service evade the defenses put in place?,False,False,False,False,False,False,True,True,EQUIVALENT,Both questions ask about the methods used by Masquerade Task or Service to evade security measures.
What are the known aliases used by the Nomadic Octopus group?,What are the pseudonyms of the Nomadic Octopus group?,False,False,False,True,False,False,False,False,EQUIVALENT,"Both questions ask for the same information about the same entity, using synonyms for ""pseudonyms"" and ""aliases."""
What is the primary goal of a Proxy attack?,What is the objective of an Proxy attack?,False,False,False,False,False,True,False,False,EQUIVALENT,"The paraphrase maintains the same meaning, asking about the main objective or goal of a Proxy attack."
What is the main target platform typically exploited by attackers using the Regsvr32 command?,Which platform serves as the primary focus for Regsvr32 attacks?,False,False,False,False,False,True,True,False,EQUIVALENT,Both questions ask about the primary platform targeted by Regsvr32 attacks.
What techniques are employed by Active Scanning to avoid being detected by security systems and software?,How does Active Scanning manage to evade the detection of security systems and software?,False,False,False,False,False,False,False,False,EQUIVALENT,Both questions ask about the techniques used by Active Scanning to avoid detection by security systems and software.
What is the central platform for Video Capture attacks primarily targeted by threat actors?,Which platform serves as the primary focus for Video Capture attacks?,False,True,False,False,False,True,False,True,EQUIVALENT,Both questions ask about the primary platform targeted in Video Capture attacks.
What tactics do System Binary Proxy Execution techniques typically employ to circumvent the defenses of security systems?,Can you describe the methods by which System Binary Proxy Execution evades the defenses of security systems?,False,False,False,False,False,False,False,False,EQUIVALENT,Both questions ask about the same methods or tactics used by System Binary Proxy Execution to evade security defenses.
What is the primary purpose of Application Deployment Software?,What is the intention behind Application Deployment Software?,False,False,False,False,False,False,False,False,EQUIVALENT,Both questions ask about the main goal or purpose of Application Deployment Software.
What types of security measures can be vulnerable to Unix Shell Configuration Modification?,What defensive techniques can be compromised by Unix Shell Configuration Modification?,False,False,False,False,False,True,False,False,EQUIVALENT,Both questions ask about the security measures that can be compromised by Unix Shell Configuration Modification.
For which particular platform is the Ingress Tool Transfer primarily designed?,What platform is Ingress Tool Transfer specifically tailored for?,False,False,True,True,False,True,True,True,EQUIVALENT,Both questions ask about the specific platform for which Ingress Tool Transfer is designed.
What techniques does App Delivered via Email Attachment employ to successfully bypass detection by security defenses?,How does App Delivered via Email Attachment manage to evade detection by defenses?,False,False,False,False,False,True,False,False,EQUIVALENT,Both questions ask about the techniques used by App Delivered via Email Attachment to evade detection by security defenses.
What security vulnerabilities does Hidden File System specifically target or take advantage of?,What are the security weaknesses or vulnerabilities that Hidden File System exploits or leverages?,True,False,False,False,False,False,False,False,EQUIVALENT,Both questions ask about the specific security vulnerabilities that Hidden File System exploits or leverages.
What type of platform is primarily targeted by Unix Shell Configuration Modification attacks?,Which platform serves as the primary focus for Unix Shell Configuration Modification attacks?,False,True,True,False,False,True,True,True,EQUIVALENT,Both questions ask about the primary platform targeted by Unix Shell Configuration Modification attacks.
What are the known monikers used by the Patchwork group?,What are the known aliases of the Patchwork group?,True,False,False,True,False,False,False,False,EQUIVALENT,"Both questions ask for the known aliases/monikers of the Patchwork group, preserving the same entities and relationship."
What security measures are vulnerable to being circumvented through Boot or Logon Autostart Execution?,Which defense strategies can be evaded by Boot or Logon Autostart Execution?,False,False,False,False,False,False,False,False,EQUIVALENT,Both questions ask about the same security measures and the same method of evasion.
What security controls or defenses that BITS Jobs has access to can it potentially compromise or disable?,What types of defenses or security controls can BITS Jobs compromise or disable?,False,False,True,False,False,False,False,False,EQUIVALENT,Both questions ask about the same entities (security controls or defenses) and the same relationship (compromise or disable) in the context of BITS Jobs.
What security features are typically circumvented through the use of Network Device CLI?,What security features are bypassed by Network Device CLI?,True,True,True,False,False,True,True,True,EQUIVALENT,"The paraphrase maintains the original meaning, asking about the same security features and the same relationship with Network Device CLI."
What primary target does Clear Mailbox Data attacks typically focus on?,Which platform serves as the primary focus for Clear Mailbox Data attacks?,False,False,False,False,False,False,False,False,EQUIVALENT,Both questions ask about the primary target or focus of Clear Mailbox Data attacks.
What is the primary purpose of the Login Item?,What is the main objective of Login Item?,False,False,False,False,False,False,False,False,EQUIVALENT,"Both questions ask for the main/primary objective or purpose of the Login Item, preserving the same entity and relationship."
What methods do adversaries use to evade detection by defenses within the Modify Controller Tasking framework?,How does Modify Controller Tasking manage to evade detection by defenses?,False,False,False,False,False,False,False,False,NOT_EQUIVALENT,"The paraphrase introduces a broader scope by mentioning ""adversaries"" and ""methods"" in general, rather than specifically addressing how ""Modify Controller Tasking"" evades detection."
What strategies does Prevent Application Removal employ to avoid being detected by security systems and software?,How does Prevent Application Removal manage to evade the detection of security systems and software?,False,False,False,False,False,False,False,False,EQUIVALENT,Both questions ask about the strategies or methods used by Prevent Application Removal to avoid detection by security systems and software.
What tactics do security systems and software employ that Software Deployment Tools are able to successfully circumvent?,How does Software Deployment Tools manage to evade the detection of security systems and software?,False,False,False,False,False,False,False,True,NOT_EQUIVALENT,The paraphrase shifts the focus to the tactics of security systems rather than the methods used by Software Deployment Tools to evade detection.
What types of security protocols are incapable of blocking Block Command Message?,What security measures are unable to prevent Block Command Message?,False,False,True,False,False,False,True,False,EQUIVALENT,Both questions ask about the same entities (security measures/protocols and Block Command Message) and the same relationship (inability to prevent/block).
What is the main objective behind an Engineering Workstation Compromise?,What is the primary goal of Engineering Workstation Compromise?,False,False,True,False,False,False,False,False,EQUIVALENT,Both questions ask about the main objective or primary goal of Engineering Workstation Compromise.
What types of security controls can be evaded or bypassed by Hooking?,What are the security controls or measures that Hooking can bypass or evade?,False,True,True,False,False,False,True,True,EQUIVALENT,Both questions ask about the same entities (security controls) and the same relationship (bypassing or evading) in relation to Hooking.
What is the primary purpose of Data from Removable Media?,What is the main objective of Data from Removable Media?,False,False,False,False,False,False,False,False,EQUIVALENT,"The paraphrase preserves the original meaning, asking about the main objective/purpose of the same data source."
What is the main goal of the Install Digital Certificate process?,What is the purpose of Install Digital Certificate?,False,False,False,False,False,True,False,False,EQUIVALENT,Both questions ask about the primary objective of installing a digital certificate.
What is the central target of Sharepoint exploitation efforts?,Which platform serves as the primary focus for Sharepoint attacks?,False,False,False,False,False,False,False,False,EQUIVALENT,Both questions ask about the main target or focus of attacks on Sharepoint.
What security measures are vulnerable to Point & Tag Identification?,What defensive techniques can be compromised by Point & Tag Identification?,False,False,False,False,False,False,False,False,EQUIVALENT,Both questions ask about the same security measures and the same vulnerability to Point & Tag Identification.
What tactics does Local Email Collection employ to avoid being detected by security systems?,What strategies does Local Email Collection use to evade security defenses and remain undetected?,False,False,False,False,False,False,False,False,EQUIVALENT,Both questions ask about the same strategies or tactics used by Local Email Collection to avoid detection by security systems.
What security measures or protective protocols might be vulnerable to compromise or disruption by Fake Developer Accounts?,What types of defenses or security controls can Fake Developer Accounts compromise or disable?,False,False,True,False,False,False,True,False,EQUIVALENT,Both questions ask about the same entities (security measures/defenses) and the same relationship (compromise/disruption by Fake Developer Accounts).
How does Direct Network Flood successfully avoid being detected and protected by security measures?,In what ways is Direct Network Flood able to evade detection and protection?,False,False,False,False,False,True,True,False,EQUIVALENT,Both questions ask about the methods Direct Network Flood uses to evade detection and protection.
What techniques does a Graphical User Interface utilize to avoid being detected by security defenses?,How does Graphical User Interface manage to evade detection by defenses?,False,False,False,False,False,True,False,False,EQUIVALENT,Both questions ask about the techniques used by a Graphical User Interface to avoid detection by security defenses.
What security measures are ineffective against SIP and Trust Provider Hijacking?,What security measures are unable to prevent SIP and Trust Provider Hijacking?,False,False,False,False,False,False,False,False,EQUIVALENT,"Both questions ask about the same security measures and the same vulnerabilities, maintaining the same relationship and scope."
What security measures can Multilayer Encryption potentially circumvent or avoid?,What are the security controls or measures that Multilayer Encryption can bypass or evade?,False,True,False,False,False,True,True,False,EQUIVALENT,"The paraphrase maintains the same entities and relationship, asking about the security measures that Multilayer Encryption can bypass or evade."
What are the various aliases used by the notorious group known as APT19?,What are the different names by which the APT19 group is known?,False,False,False,True,False,False,False,False,EQUIVALENT,"The paraphrase maintains the same meaning, asking for the different names or aliases of the APT19 group."
What type of platform is most frequently linked to Exfiltration Over Web Service incidents?,What kind of platform is Exfiltration Over Web Service most commonly associated with?,True,True,True,False,False,False,False,True,EQUIVALENT,"Both questions ask about the most common platform associated with Exfiltration Over Web Service, preserving the same entities and relationship."
"What types of security measures can Junk Data effectively evade, bypass, or disable?","What are the defenses that Junk Data can successfully evade, bypass, or disable?",False,False,False,False,False,False,False,True,EQUIVALENT,"The paraphrase maintains the same entities and relationship, only varying the surface wording."
What types of security measures are susceptible to Clipboard Modification?,What security measures are vulnerable to Clipboard Modification?,True,False,False,False,False,True,False,False,EQUIVALENT,"The paraphrase preserves the original meaning, entities, and relationship, with only a slight change in wording."
What security measures are commonly evaded or circumvented by the technique of Code Signing?,What techniques does Code Signing use to bypass security measures?,False,False,False,False,False,False,False,True,NOT_EQUIVALENT,"The original question asks about the techniques used by Code Signing to bypass security measures, while the paraphrase asks about the security measures evaded by Code Signing, changing the focus from the techniques to the measures themselves."
What platform is typically linked to the operation of Rogue Master Device?,What kind of platform is Rogue Master Device most commonly associated with?,False,True,True,False,False,True,False,True,EQUIVALENT,Both questions ask about the platform most commonly associated with or linked to the operation of Rogue Master Device.
Which security protocols are typically evaded or circumvented as a result of Remote System Information Discovery?,What security protocols are bypassed or compromised by Remote System Information Discovery?,False,False,False,False,False,True,True,True,EQUIVALENT,"The paraphrase maintains the same entities and relationship, asking about the security protocols bypassed or compromised by Remote System Information Discovery."
What is the main purpose of a Rogue Master Device?,What is the primary objective of a Rogue Master Device?,False,False,False,False,False,True,False,False,EQUIVALENT,"The paraphrase preserves the original meaning, asking about the main purpose or primary objective of a Rogue Master Device."
What methods does Access Sensitive Data in Device Logs employ to remain active and avoid being detected?,What techniques does Access Sensitive Data in Device Logs use to evade detection and remain active?,False,False,False,False,False,False,False,False,EQUIVALENT,"The paraphrase maintains the same entities and relationship, asking about the techniques/methods used by Access Sensitive Data in Device Logs to evade detection and remain active."
What is the purpose of XDG Autostart Entries?,What is the intention behind XDG Autostart Entries?,False,False,False,False,False,False,False,False,EQUIVALENT,"Both questions ask about the purpose or intention behind XDG Autostart Entries, which are essentially the same."
What is the purpose of Password Policy Discovery?,What is the intention behind Password Policy Discovery?,False,False,False,False,False,False,False,False,EQUIVALENT,Both questions ask about the underlying goal or reason for Password Policy Discovery.
What platforms are commonly targeted by Transport Agent malware for exploitation?,What type of platform is often compromised by Transport Agent malware?,False,False,False,True,False,False,False,True,EQUIVALENT,Both questions ask about the platforms commonly targeted or compromised by Transport Agent malware.
What is the purpose behind Malicious or Vulnerable Built-in Device Functionality?,What is the intention behind Malicious or Vulnerable Built-in Device Functionality?,False,False,False,False,False,False,False,False,EQUIVALENT,"The paraphrase preserves the original meaning, asking about the purpose or intention behind the same concept."
What is the primary goal of Uninstall Malicious Application?,What is the main intention of a Uninstall Malicious Application?,False,False,True,False,False,True,False,False,EQUIVALENT,"Both questions ask about the main/primary intention or goal of the same action, ""Uninstall Malicious Application."""
What is the main objective of Alternate Network Mediums?,What is the primary goal of Alternate Network Mediums?,False,False,False,False,False,True,False,False,EQUIVALENT,"The paraphrase preserves the original meaning, asking about the main objective, which is synonymous with the primary goal."
What tactics does the Modify Authentication Process use to circumvent the security measures in place?,Can you describe the methods by which Modify Authentication Process evades the defenses of security systems?,False,False,False,False,False,False,False,True,EQUIVALENT,Both questions ask about the methods or tactics used by the Modify Authentication Process to evade or circumvent security measures.
"What security systems and defenses can be compromised, disabled, or circumvented through RDP Hijacking?","What types of defenses or security systems can RDP Hijacking compromise, disable, or bypass?",True,True,True,False,False,True,False,True,EQUIVALENT,"Both questions ask about the same entities (defenses and security systems) and the same relationship (compromise, disable, or bypass) in the context of RDP Hijacking."
What is the primary objective behind a Dynamic-link Library Injection?,What is the main intention of a Dynamic-link Library Injection?,False,True,False,False,False,True,False,False,EQUIVALENT,"Both questions ask about the main purpose or primary objective of a Dynamic-link Library Injection, preserving the same entities and relationship."
What is the function of Additional Cloud Credentials?,What is the purpose of Additional Cloud Credentials?,False,False,False,False,False,False,False,False,EQUIVALENT,"The paraphrase maintains the same meaning, asking about the function/purpose of the same entity."
When did Operation Honeybee's most recent iteration occur?,When did the most recent instance of Operation Honeybee take place?,True,False,False,True,True,False,False,False,EQUIVALENT,Both questions ask about the timing of the most recent instance of Operation Honeybee.
What security measures fail to prevent the operation of Change Operating Mode?,What security measures are unable to prevent Change Operating Mode?,False,True,True,True,False,False,True,False,EQUIVALENT,Both questions ask about the same security measures and their inability to prevent the Change Operating Mode operation.
What types of security controls are vulnerable to exploitation via the InstallUtil utility?,Which security controls are susceptible to InstallUtil?,False,False,False,False,False,False,False,False,EQUIVALENT,"The paraphrase preserves the original meaning, asking about the same security controls and their vulnerability to InstallUtil."
"What security measures or defense systems can be compromised, disabled, or circumvented by Protected User Data?","What types of defenses or security systems can Protected User Data compromise, disable, or bypass?",False,True,False,False,False,True,True,False,EQUIVALENT,"The paraphrase maintains the same entities and relationship, asking about the security measures or defense systems that can be compromised, disabled, or circumvented by Protected User Data."
Which security measures are susceptible to exploitation through Ptrace System Calls?,What security measures are vulnerable to Ptrace System Calls?,False,False,False,False,False,False,False,True,EQUIVALENT,Both questions ask about the same security measures and their vulnerability to Ptrace System Calls.
For what platform is Indicator Removal on Host primarily designed?,For which platform is Indicator Removal on Host primarily intended?,False,True,True,True,False,True,True,True,EQUIVALENT,"Both questions ask about the primary platform for which Indicator Removal on Host is intended or designed, preserving the same entities and relationship."
What platforms are the intended users of RemoteUtilities?,Which platform is the target audience for RemoteUtilities?,False,False,False,False,False,False,True,False,NOT_EQUIVALENT,"The original question asks about a single platform, while the paraphrase asks about multiple platforms."
How does Regsvcs/Regasm manage to avoid being detected and protected by security systems?,In what ways is Regsvcs/Regasm able to evade detection and protection?,False,False,False,False,False,False,True,True,EQUIVALENT,Both questions ask about the methods Regsvcs/Regasm uses to avoid detection and protection by security systems.
On which type of platform is Impersonation typically designed to operate?,What type of platform is Impersonation typically designed for?,True,True,True,True,False,True,True,True,EQUIVALENT,Both questions ask about the type of platform Impersonation is typically designed for/operates on.
"What types of security defenses can Modify Registry successfully evade, bypass, or disable?","What are the defenses that Modify Registry can successfully evade, bypass, or disable?",False,False,True,False,False,False,False,True,EQUIVALENT,"The paraphrase maintains the original meaning and scope, only adding ""types of"" to specify the nature of the defenses."
On which system is Event Triggered Execution typically deployed or carried out?,On which platform is Event Triggered Execution  typically deployed or executed?,False,False,False,False,False,False,False,False,EQUIVALENT,"Both questions ask about the platform or system where Event Triggered Execution is typically deployed or executed/carry out, preserving the same entities and relationship."
What is the primary objective of Cloud Groups?,What does Cloud Groups aim to achieve?,False,False,True,False,False,False,False,False,EQUIVALENT,Both questions ask about the main goal or purpose of Cloud Groups.
What security controls and defenses might Domain Fronting potentially undermine or circumvent?,What types of defenses or security controls can Domain Fronting compromise or disable?,True,True,True,False,False,False,False,False,EQUIVALENT,Both questions ask about the same entities (security controls and defenses) and the same relationship (compromising or disabling) in relation to Domain Fronting.
What security measures are typically circumvented by Default Accounts?,What security features are bypassed by Default Accounts?,True,True,True,False,False,True,True,True,EQUIVALENT,"The paraphrase maintains the same entities and relationship, only varying in surface wording."
What methods does a Rogue Domain Controller employ to circumvent and compromise existing security systems and defenses?,How does Rogue Domain Controller manage to breach or penetrate security systems and defenses?,False,True,False,False,False,True,False,False,EQUIVALENT,Both questions ask about the methods a Rogue Domain Controller uses to breach or penetrate security systems and defenses.
On what platforms is Disable Cloud Logs usually implemented or activated?,On which platform is Disable Cloud Logs typically deployed or executed?,False,True,True,True,False,True,True,True,EQUIVALENT,"Both questions ask about the platforms where Disable Cloud Logs is typically deployed or executed, preserving the same entities and relationship."
What is the main goal of an Exfiltration Over Command and Control Channel cyber-attack?,What is the objective of an Exfiltration Over Command and Control Channel attack?,False,False,False,False,False,True,False,True,EQUIVALENT,"The paraphrase maintains the same entities and relationship, only varying in surface wording."
What is the primary purpose of Execution Guardrails?,What is the main intention of a Execution Guardrails?,False,False,False,False,False,False,False,False,EQUIVALENT,"Both questions ask about the main/primary purpose of Execution Guardrails, preserving the same entity and relationship."
What is the primary objective of an attacker when performing Domain Trust Discovery?,What does an attacker seek to accomplish with Domain Trust Discovery?,True,False,False,False,False,False,False,False,EQUIVALENT,Both questions ask about the primary goal of an attacker in the context of Domain Trust Discovery.
How does the Cloud Service Dashboard successfully circumvent existing security measures?,In what ways does Cloud Service Dashboard evade the defenses put in place?,False,True,False,False,False,False,True,False,EQUIVALENT,Both questions ask about the methods used by the Cloud Service Dashboard to bypass existing security defenses.
What is the primary objective of a Drive-by Compromise?,What does an attacker seek to accomplish with Drive-by Compromise?,True,False,False,False,False,False,False,False,EQUIVALENT,Both questions ask about the main goal of a Drive-by Compromise.
What is the intended function of Insecure Third-Party Libraries?,What is the purpose of Insecure Third-Party Libraries?,False,False,False,False,False,False,False,False,EQUIVALENT,Both questions ask about the intended function or purpose of Insecure Third-Party Libraries.
What is the purpose of the Trusted Developer Utilities?,What is the intention behind Trusted Developer Utilities?,False,False,False,False,False,False,False,False,EQUIVALENT,"Both questions ask about the purpose or intention behind the Trusted Developer Utilities, referring to the same entity and relationship."
What methods do System Services employ to avoid detection and continue operating?,What techniques does System Services use to evade detection and remain active?,False,True,False,False,False,False,False,False,EQUIVALENT,"The paraphrase preserves the original meaning, entities, and relationship, with only superficial changes in wording and syntax."
What methods does Data Encrypted for Impact utilize to avoid detection and persist on a system?,What techniques does Data Encrypted for Impact use to evade detection and remain active?,False,False,False,False,False,False,False,False,EQUIVALENT,"The paraphrase maintains the same entities and relationship, asking about the techniques/methods used by Data Encrypted for Impact to evade detection and remain active/persist on a system."
What is the destination endpoint of Network Address Translation Traversal?,What is the ultimate target of Network Address Translation Traversal?,False,False,False,False,False,False,False,True,EQUIVALENT,Both questions ask about the final destination or target of Network Address Translation Traversal.
What is the primary objective of conducting Network Connection Enumeration?,What is the purpose of Network Connection Enumeration?,True,False,False,False,False,False,False,True,EQUIVALENT,Both questions ask about the main goal of Network Connection Enumeration.
On which platforms does ListPlanting typically target or function?,Which platform does ListPlanting target or operate on?,True,True,True,False,False,True,False,True,EQUIVALENT,"The paraphrase maintains the same entities and relationship, only broadening the question slightly to include multiple platforms."
What security vulnerabilities or weaknesses does Network Information Discovery specifically target or utilize?,What are the security weaknesses or vulnerabilities that Network Information Discovery exploits or leverages?,True,True,False,False,False,False,False,False,EQUIVALENT,Both questions ask about the same security vulnerabilities or weaknesses that Network Information Discovery targets or utilizes.
What techniques does Compromise Software Supply Chain utilize to bypass security defenses?,What methods does Compromise Software Supply Chain employ to evade security defenses?,False,False,False,False,False,False,False,False,EQUIVALENT,"The paraphrase maintains the same entities and relationship, only varying in surface wording."
What is the primary platform targeted by Elevated Execution with Prompt type attacks?,Which platform serves as the primary focus for Elevated Execution with Prompt attacks?,False,True,True,True,False,True,False,True,EQUIVALENT,Both questions ask about the primary platform targeted by Elevated Execution with Prompt attacks.
What methods does Exfiltration Over Webhook utilize to bypass detection and maintain persistence?,What techniques does Exfiltration Over Webhook use to evade detection and remain active?,False,False,False,False,False,False,False,False,EQUIVALENT,"The paraphrase preserves the original meaning, entities, and relationship, with only superficial changes in wording."
What is the purpose behind the concept of Fileless Storage?,What is the intention behind Fileless Storage?,False,False,False,False,False,False,False,False,EQUIVALENT,Both questions ask about the purpose or intention behind the concept of Fileless Storage.
What methods do attackers utilize to successfully penetrate security systems using Dynamic-link Library Injection?,How does Dynamic-link Library Injection manage to breach or penetrate security systems and defenses?,False,False,False,False,False,False,False,False,NOT_EQUIVALENT,The paraphrase shifts focus to the methods of attackers rather than the mechanism of Dynamic-link Library Injection itself.
What measures does the Component Object Model employ to avoid being detected by security systems?,Can you explain how Component Object Model evades detection by security systems?,False,False,False,False,False,True,False,False,EQUIVALENT,Both questions ask about the methods Component Object Model uses to avoid detection by security systems.
What Confluence features or functionalities might be vulnerable to exploitation by attackers?,What defensive techniques can be compromised by Confluence?,False,False,False,False,False,False,False,False,NOT_EQUIVALENT,"The original question focuses on defensive techniques that can be compromised by Confluence, while the paraphrase shifts to Confluence features or functionalities that might be vulnerable to exploitation, changing the scope and focus."
Which security defenses are susceptible to being targeted by Client Configurations?,What defense mechanisms are vulnerable to exploitation by Client Configurations?,True,False,False,False,False,False,False,False,EQUIVALENT,Both questions ask about the same entities (defense mechanisms/security defenses) and the same relationship (vulnerability to exploitation/targeting by Client Configurations).
Which security protocols are vulnerable to exploitation through the mechanism known as Pass the Ticket?,What security protocols are bypassed or compromised by Pass the Ticket?,False,False,True,True,False,True,True,True,EQUIVALENT,Both questions ask about the security protocols that are compromised or exploited by the Pass the Ticket technique.
On which system or platform does the Activate Firmware Update Mode function operate?,Which platform does Activate Firmware Update Mode target or operate on?,False,False,True,True,False,False,True,False,EQUIVALENT,Both questions ask about the platform or system on which the Activate Firmware Update Mode function operates.
What is the primary goal of an attack involving Impair Command History Logging?,What is the objective of an Impair Command History Logging attack?,False,False,False,False,False,True,False,True,EQUIVALENT,"Both questions ask about the main objective or goal of the same attack, preserving the entity and relationship."
What security protocols or measures might Stored Application Data potentially compromise or erode?,What security protocols or measures can Stored Application Data compromise or undermine?,False,False,False,False,False,False,False,False,EQUIVALENT,"The paraphrase maintains the same entities and relationship, with only a slight change in wording that does not alter the meaning."
What is the primary objective behind the malicious operation known as Project File Infection?,What is the purpose of Project File Infection?,False,False,False,False,False,False,False,True,EQUIVALENT,"Both questions ask about the main goal of Project File Infection, preserving the entity and the relationship."
What methods enable SID-History Injection to avoid detection and protection?,In what ways is SID-History Injection able to evade detection and protection?,False,False,False,False,False,False,True,False,EQUIVALENT,Both questions ask about the methods or ways SID-History Injection can avoid detection and protection.
What security controls are most vulnerable to issues stemming from Network Trust Dependencies?,Which security controls are susceptible to Network Trust Dependencies?,False,True,False,False,False,False,False,True,NOT_EQUIVALENT,"The paraphrase introduces a subjective criterion (""most vulnerable"") not present in the original question."
What security measures are evaded or compromised through the Escape to Host tactic?,What security protocols are bypassed or compromised by Escape to Host?,False,True,False,False,False,True,False,False,EQUIVALENT,"The paraphrase maintains the same entities and relationship, asking about the security protocols/measures bypassed or compromised by the Escape to Host tactic."
What is the purpose behind Deobfuscate/Decode Files or Information?,What is the intention behind Deobfuscate/Decode Files or Information?,False,False,False,False,False,False,False,False,EQUIVALENT,"The terms ""intention"" and ""purpose"" are synonymous in this context, preserving the original meaning and scope."
What security defenses does At (Linux) typically circumvent through its evasion techniques?,What methods does At (Linux) employ to evade security defenses?,False,True,False,False,False,True,False,False,EQUIVALENT,Both questions ask about the same methods and security defenses related to At (Linux).
What security controls or measures can Proxy potentially circumvent or sidestep?,What are the security controls or measures that Proxy can bypass or evade?,False,False,True,False,False,True,False,False,EQUIVALENT,"The paraphrase maintains the same entities and relationship, asking about the same security controls or measures that Proxy can bypass or evade."
What security measures are circumvented or compromised by Data from Information Repositories?,What security measures does Data from Information Repositories manage to bypass or undermine?,True,True,False,False,False,True,True,True,EQUIVALENT,Both questions ask about the same security measures and the same actions (bypassing/undermining) by the same entity (Data from Information Repositories).
What countermeasures are ineffectual against the AppDomainManager?,What countermeasures are ineffective against AppDomainManager?,False,False,False,False,False,False,False,False,EQUIVALENT,"The paraphrase preserves the original meaning, entities, and relationship, with only a slight change in wording."
What security measures can Startup Items potentially evade or bypass?,What defenses can Startup Items evade or circumvent?,False,True,True,False,False,True,False,False,EQUIVALENT,The paraphrase maintains the same entities (Startup Items) and the same relationship (ability to evade or circumvent defenses/security measures).
What security measures are vulnerable to compromise through Lockscreen Bypass?,What defensive techniques can be compromised by Lockscreen Bypass?,False,False,True,False,False,False,False,False,EQUIVALENT,Both questions ask about the security measures or defensive techniques that can be compromised by Lockscreen Bypass.
What security protocols are circumvented by Valid Accounts?,What security protocols are bypassed or compromised by Valid Accounts?,True,True,False,False,False,True,True,True,EQUIVALENT,"The paraphrase maintains the same meaning, entities, and relationship as the original question."
What methods do malicious actors employ to remain hidden using Data from Information Repositories?,What strategies does Data from Information Repositories use to evade security defenses and remain undetected?,False,False,False,False,False,False,False,False,NOT_EQUIVALENT,"The paraphrase changes the subject from ""Data from Information Repositories"" to ""malicious actors"" and alters the focus from evasion strategies to methods of remaining hidden."
What is the primary goal of Token Impersonation/Theft?,What is the main objective of Token Impersonation/Theft?,False,False,True,True,False,True,False,False,EQUIVALENT,"The paraphrase preserves the original meaning, asking about the main objective or primary goal of the same concept."
What methods does the WHOIS protocol employ to bypass security systems and avoid detection?,What strategies does WHOIS use to evade security defenses and remain undetected?,False,False,False,False,False,False,False,False,EQUIVALENT,Both questions ask about the same entity (WHOIS) and the same relationship (methods/strategies to evade security defenses and remain undetected).
What platforms are particularly vulnerable to the risks associated with a Code Signing Policy Modification?,For what type of platform is Code Signing Policy Modification considered a significant threat?,True,True,True,True,False,True,True,True,EQUIVALENT,Both questions ask about the platforms where Code Signing Policy Modification is a significant threat or risk.
On which platform do Unix Shell attacks primarily take place?,Which platform serves as the primary focus for Unix Shell attacks?,False,True,True,True,False,True,True,True,EQUIVALENT,"Both questions ask about the primary platform for Unix Shell attacks, preserving the same entities and relationship."
What security defenses do Malicious Media Content methods typically evade?,What methods does Malicious Media Content employ to evade security defenses?,False,True,False,False,False,True,False,False,EQUIVALENT,"Both questions ask about the methods of Malicious Media Content in relation to security defenses, preserving the same entities and relationship."
What security defenses are typically evaded by Component Object Model Hijacking tactics?,What methods does Component Object Model Hijacking employ to evade security defenses?,False,True,False,False,False,True,False,True,NOT_EQUIVALENT,"The original question asks about the methods used by Component Object Model Hijacking to evade security defenses, while the paraphrase asks about the security defenses that are typically evaded, changing the focus from methods to defenses."
What security measures can Modify Controller Tasking potentially evade or bypass?,What defenses can Modify Controller Tasking evade or circumvent?,False,False,True,False,False,False,True,False,EQUIVALENT,"The paraphrase maintains the original meaning, asking about the same defenses or security measures that can be evaded or bypassed by Modify Controller Tasking."
What types of security measures can Fallback Channels bypass or evade?,What defenses can Fallback Channels evade or circumvent?,True,True,True,False,False,True,True,False,EQUIVALENT,Both questions ask about the same entities (Fallback Channels) and the same relationship (bypassing or evading security measures).
What is the primary goal of an operation designed to Generate Traffic from Victim?,What is the objective of an Generate Traffic from Victim attack?,False,False,True,False,False,True,False,False,EQUIVALENT,Both questions ask about the main purpose of the Generate Traffic from Victim attack.
What is the primary objective of the Query Registry?,What does Query Registry aim to achieve?,False,False,True,False,False,False,False,False,EQUIVALENT,Both questions ask about the main goal or purpose of the Query Registry.
How do security systems fail to detect Exfiltration to Code Repository tactics?,Can you explain how Exfiltration to Code Repository evades detection by security systems?,False,False,False,False,False,False,False,False,EQUIVALENT,"Both questions ask about the same relationship between Exfiltration to Code Repository and security systems, focusing on the evasion of detection."
"What methods does the ""Use Alternate Authentication Material"" technique employ to avoid detection and sustain its operational presence?",What techniques does Use Alternate Authentication Material use to evade detection and remain active?,False,False,False,False,False,False,False,False,EQUIVALENT,"The paraphrase maintains the same entities and relationship, asking about the methods/techniques used by ""Use Alternate Authentication Material"" to avoid detection and sustain its presence."
What security features are susceptible to exploitation through Bypass User Access Control?,What defense mechanisms are vulnerable to exploitation by Bypass User Access Control?,False,False,False,True,False,False,False,False,NOT_EQUIVALENT,"""Defense mechanisms"" and ""security features"" are not necessarily the same, and the relationship being asked about is not preserved."
What techniques does Keychain employ to avoid being detected by security systems and software?,How does Keychain manage to evade the detection of security systems and software?,False,False,False,False,False,False,False,False,EQUIVALENT,Both questions ask about the techniques Keychain uses to avoid detection by security systems and software.
What security controls does the presence of Windows Admin Shares potentially evade or compromise?,What security measures does Windows Admin Shares manage to bypass or undermine?,True,True,True,False,False,False,False,False,EQUIVALENT,Both questions ask about the security measures or controls that Windows Admin Shares can bypass or undermine.
What is the primary objective behind the exploitation of Compromise Software Dependencies and Development Tools?,What is the intention behind Compromise Software Dependencies and Development Tools?,False,False,False,False,False,False,True,True,EQUIVALENT,Both questions ask about the main purpose or goal behind the exploitation of Compromise Software Dependencies and Development Tools.
How do threat actors utilize the tactic of Generate Traffic from Victim to evade detection by security systems?,Can you explain how Generate Traffic from Victim evades detection by security systems?,False,False,False,False,False,False,False,False,EQUIVALENT,Both questions ask about the same tactic and its purpose of evading detection by security systems.
What security controls or defenses can be compromised or disabled by Exfiltration Over Unencrypted/Obfuscated Non-C2 Protocol?,What types of defenses or security controls can Exfiltration Over Unencrypted/Obfuscated Non-C2 Protocol compromise or disable?,True,False,False,False,False,True,False,False,EQUIVALENT,"The paraphrase maintains the same entities and relationship, asking about the security controls or defenses that can be compromised or disabled by the same protocol."
What security measures are exposed to potential threats from Shared Webroot?,What security measures are vulnerable to Shared Webroot?,False,False,True,True,False,False,False,False,EQUIVALENT,"Both questions ask about the same security measures and their vulnerability to Shared Webroot, with the paraphrase using ""exposed to potential threats"" to convey the same meaning as ""vulnerable to."""
What techniques does Remote File Copy employ to avoid being detected by security systems?,Can you explain how Remote File Copy evades detection by security systems?,False,False,False,False,False,False,False,False,EQUIVALENT,Both questions ask about the techniques Remote File Copy uses to avoid detection by security systems.
What security vulnerabilities does PowerShell exploit or utilize?,What are the security weaknesses or vulnerabilities that PowerShell exploits or leverages?,False,False,True,True,False,False,False,False,EQUIVALENT,"The paraphrase preserves the original meaning, entities, and relationship, with only minor surface wording changes."
For which platform is I/O Module Discovery primarily designed?,What platform is I/O Module Discovery specifically tailored for?,False,True,True,True,False,True,True,True,EQUIVALENT,Both questions ask about the specific platform for which I/O Module Discovery is designed.
What methods do threat actors employ to remain undetected by antivirus software when engaging in SIP and Trust Provider Hijacking?,How does SIP and Trust Provider Hijacking successfully evade detection by antivirus software?,False,False,False,False,False,False,False,False,EQUIVALENT,Both questions ask about the methods used to evade antivirus detection in the context of SIP and Trust Provider Hijacking.
What techniques do threat actors employ to successfully bypass the defenses of security systems while executing Gather Victim Host Information?,Can you describe the methods by which Gather Victim Host Information evades the defenses of security systems?,False,False,False,False,False,False,True,False,EQUIVALENT,Both questions ask about the techniques used to evade security defenses during the Gather Victim Host Information process.
What techniques does Trust Modification utilize to avoid detection by security defenses?,How does Trust Modification manage to evade detection by defenses?,False,False,False,True,False,False,False,False,EQUIVALENT,Both questions ask about the techniques Trust Modification uses to avoid detection by security defenses.
What is the primary goal of a Server assault?,What is the objective of an Server attack?,False,False,False,False,False,True,False,False,EQUIVALENT,"The paraphrase preserves the original meaning, entities, and relationship, with only a slight change in wording."
What security controls or measures can IP Addresses potentially circumvent or evade?,What are the security controls or measures that IP Addresses can bypass or evade?,False,False,False,False,False,True,False,True,EQUIVALENT,"The paraphrase preserves the original meaning, entities, and relationship, with only a slight change in wording."
What types of defenses can be evaded or bypassed by Proc Memory?,What defenses can Proc Memory evade or circumvent?,True,False,False,False,False,False,True,False,EQUIVALENT,"The paraphrase maintains the same entities and relationship, only varying in surface wording."
On what platforms is a Malicious Third Party Keyboard App typically intended to operate?,On which platform is Malicious Third Party Keyboard App designed to function effectively?,True,True,True,False,False,True,True,True,NOT_EQUIVALENT,"The original question asks about a single platform, while the paraphrase asks about multiple platforms."
What types of security measures can Password Spraying effectively bypass or evade?,What defenses can Password Spraying evade or circumvent?,True,True,True,False,False,True,False,False,EQUIVALENT,Both questions ask about the same entities (defenses/security measures) and the same relationship (evade or circumvent/bypass or evade).
What is the objective of an attacker's use of Local Network Connections Discovery?,What does an attacker seek to accomplish with Local Network Connections Discovery?,False,False,False,False,False,False,False,False,EQUIVALENT,Both questions ask about the objective or goal of an attacker using Local Network Connections Discovery.
What is the main purpose of One-Way Communication?,What is the primary objective of a One-Way Communication?,False,False,False,False,False,False,False,False,EQUIVALENT,"Both questions ask for the main purpose or primary objective of One-Way Communication, which are semantically equivalent."
On which system does Call Log  primarily operate?,On which platform is Call Log  typically deployed or executed?,False,False,True,True,False,False,True,False,EQUIVALENT,Both questions ask about the primary platform or system on which Call Log operates or is deployed.
What techniques do External Proxy use to avoid being detected by security software and systems?,How does External Proxy manage to evade the detection of security systems and software?,False,False,False,False,False,False,False,False,EQUIVALENT,Both questions ask about the techniques used by External Proxy to avoid detection by security systems and software.
What security protocols or measures might Data Obfuscation potentially compromise or render ineffective?,What security protocols or measures can Data Obfuscation compromise or undermine?,False,False,False,False,False,True,False,False,EQUIVALENT,Both questions ask about the same entities (security protocols or measures) and the same relationship (compromising or undermining) with Data Obfuscation.
What is the purpose of At?,What is the intention behind At?,False,False,False,False,False,False,False,False,EQUIVALENT,"Both questions ask about the underlying purpose or intention of 'At', which can be considered semantically equivalent in this context."
What is the primary purpose or intended use of a Virtual Private Server?,For which platform is Virtual Private Server primarily intended?,False,False,False,False,False,False,False,False,NOT_EQUIVALENT,"The original question asks about the platform for which VPS is intended, while the paraphrase asks about the primary purpose or use of VPS, changing the focus from platform to purpose."
What types of security controls can be compromised through Software Discovery?,Which security controls are susceptible to Software Discovery?,False,False,False,False,False,False,True,True,EQUIVALENT,Both questions ask about the same entities (security controls) and the same relationship (susceptibility to Software Discovery).
What security measures could potentially be compromised or weakened by File and Directory Permissions Modification?,What security protocols or measures can File and Directory Permissions Modification compromise or undermine?,False,False,False,True,False,True,False,False,EQUIVALENT,Both questions ask about the same security measures and the relationship of how File and Directory Permissions Modification can compromise them.
What is the purpose behind the DCShadow malware?,What is the intention behind DCShadow?,False,False,False,False,False,False,False,False,EQUIVALENT,"Both questions ask about the purpose or intention behind DCShadow, referring to the same entity and relationship."
What techniques does the LSASS Driver employ to avoid detection by security systems?,What strategies does LSASS Driver use to evade security defenses and remain undetected?,False,False,False,False,False,False,False,False,EQUIVALENT,"Both questions ask about the methods used by the LSASS Driver to avoid detection by security systems, preserving the same entities and relationship."
What is Source typically intended for use on?,What type of platform is Source typically designed for?,False,False,True,False,False,True,True,False,EQUIVALENT,"Both questions ask about the typical platform or use case for Source, preserving the same entities and relationship."
What is the purpose of exploiting a File System Permissions Weakness?,What is the objective of an File System Permissions Weakness attack?,False,False,False,False,False,False,False,False,EQUIVALENT,Both questions ask about the intent behind a File System Permissions Weakness attack.
What are the various names or monikers known to refer to the CURIUM group?,What are the known aliases of the CURIUM group?,False,False,False,True,False,False,False,False,EQUIVALENT,"The paraphrase maintains the same entities and relationship, asking for the aliases or alternative names of the CURIUM group."
"What types of defenses can App Delivered via Email Attachment effectively evade, bypass, or disable?","What are the defenses that App Delivered via Email Attachment can successfully evade, bypass, or disable?",False,False,False,False,False,False,False,True,EQUIVALENT,"The paraphrase maintains the same meaning, entities, and relationship as the original question."
Which security protocols can be evaded by Search Open Websites/Domains.,Identify the security protocols that Search Open Websites/Domains can circumvent.,False,False,True,True,False,False,True,True,EQUIVALENT,"The paraphrase maintains the same meaning, entities, and relationship as the original question."
How does the AppDomainManager manage to evade the defensive measures that have been implemented?,In what ways does AppDomainManager evade the defenses put in place?,False,False,False,False,False,False,False,True,EQUIVALENT,Both questions ask about the methods used by AppDomainManager to evade defensive measures.
What security controls or defenses does SIM Card Swap manage to circumvent or compromise?,What security measures does SIM Card Swap manage to bypass or undermine?,False,True,False,False,False,True,True,True,EQUIVALENT,"The paraphrase maintains the same meaning, entities, and relationship as the original question."
What security features are vulnerable to being circumvented by SID-History Injection?,What security features are bypassed by SID-History Injection?,False,False,False,True,False,False,False,True,EQUIVALENT,Both questions ask about the same security features and the relationship of being bypassed or circumvented by SID-History Injection.
What is the most recent instance of the Oldsmar Treatment Plant Intrusion?,When was Oldsmar Treatment Plant Intrusion last seen in action?,False,False,False,False,True,False,False,False,EQUIVALENT,Both questions ask for the most recent occurrence of the Oldsmar Treatment Plant Intrusion.
On what operating systems is Wi-Fi Discovery intended to operate smoothly?,On which platform is Wi-Fi Discovery designed to function effectively?,False,False,True,True,False,True,True,True,NOT_EQUIVALENT,"The original question asks about a platform, while the paraphrase specifies operating systems, which may not be the same."
What type of platform typically falls victim to malware that involves Patch System Image exploits?,What type of platform is often compromised by Patch System Image malware?,False,True,False,False,False,False,False,False,EQUIVALENT,Both questions ask about the type of platform commonly affected by malware involving Patch System Image exploits.
What security vulnerabilities does Device Unlock Code Guessing or Brute Force exploit or take advantage of?,What are the security weaknesses or vulnerabilities that Device Unlock Code Guessing or Brute Force exploits or leverages?,True,False,True,False,False,False,True,False,EQUIVALENT,"The paraphrase maintains the same meaning, entities, and relationship as the original question."
What security measures can be circumvented through the use of Kerberoasting?,Which defense strategies can be evaded by Kerberoasting?,True,True,True,True,False,False,True,False,EQUIVALENT,Both questions ask about the same security measures and the same relationship of being evaded/circumvented by Kerberoasting.
What security controls are circumvented by File Deletion?,What security features are bypassed by File Deletion?,True,True,True,True,False,False,True,True,EQUIVALENT,"The paraphrase maintains the same meaning, entities, and relationship as the original question."
How does the concept of Loss of Availability manage to remain undetected by antivirus software?,How does Loss of Availability successfully evade detection by antivirus software?,False,False,False,False,False,False,False,False,EQUIVALENT,"The paraphrase preserves the original meaning, entities, and relationship, only varying in surface wording."
Which defensive measures are susceptible to disruption by Call Control?,What defensive techniques can be compromised by Call Control?,False,False,False,False,False,True,False,False,EQUIVALENT,Both questions ask about the same defensive techniques and their susceptibility to Call Control.
What security measures are unable to mitigate the risks associated with Template Injection?,What countermeasures are ineffective against Template Injection?,False,False,False,False,False,False,True,False,EQUIVALENT,Both questions ask about the same entities (security measures/countermeasures) and the same relationship (ineffective against/unable to mitigate risks of Template Injection).
What techniques do Kernel Modules and Extensions employ to avoid detection by security defenses?,What strategies does Kernel Modules and Extensions use to evade security defenses and remain undetected?,True,False,False,False,False,True,False,False,EQUIVALENT,Both questions ask about the same entities (Kernel Modules and Extensions) and the same relationship (strategies/techniques to evade/avoid detection by security defenses).
What names are also linked to the threat group known as DarkHydrus?,What other names are associated with the group DarkHydrus?,False,False,False,True,False,False,True,False,EQUIVALENT,"Both questions ask for the same information about the same entity, using different but synonymous phrasing."
What is the purpose of the function known as Screen Capture?,What is the intention behind Screen Capture?,False,False,False,False,False,False,False,False,EQUIVALENT,Both questions ask about the purpose or intention behind the Screen Capture function.
What platforms are vulnerable to the significant threat of Log Enumeration?,For what type of platform is Log Enumeration considered a significant threat?,False,True,True,True,False,False,True,True,EQUIVALENT,Both questions ask about the platforms where Log Enumeration is a significant threat.
What security measures are ineffective against Data Compressed?,What security measures are unable to prevent Data Compressed?,False,False,False,False,False,False,False,False,EQUIVALENT,Both questions ask about security measures that are not effective against Data Compressed.
What is the primary purpose of Data from Information Repositories?,What is the main intention of a Data from Information Repositories?,False,False,False,False,False,False,False,False,EQUIVALENT,"The paraphrase preserves the original meaning, asking about the primary purpose or main intention of Data from Information Repositories."
What security protocols are potentially circumvented when Clear Windows Event Logs is executed?,What security protocols are bypassed or compromised by Clear Windows Event Logs?,True,True,True,False,False,True,True,False,EQUIVALENT,Both questions ask about the security protocols that are bypassed or compromised when Clear Windows Event Logs is executed.
What security controls are circumvented by the App Auto-Start at Device Boot mechanism?,What security features are bypassed by App Auto-Start at Device Boot?,True,True,False,False,False,True,False,True,EQUIVALENT,"The paraphrase maintains the same meaning, entities, and relationship as the original question."
What platform is typically linked to the task of Gather Victim Org Information?,What kind of platform is Gather Victim Org Information most commonly associated with?,False,True,False,True,False,True,False,True,EQUIVALENT,Both questions ask about the platform most commonly associated with the task of Gather Victim Org Information.
What is the primary goal of an attack that employs Debugger Evasion techniques?,What is the objective of an Debugger Evasion attack?,False,False,False,False,False,True,False,False,EQUIVALENT,Both questions ask about the main objective of an attack using Debugger Evasion techniques.
What platform is typically linked with the Modify Cloud Compute Infrastructure?,What kind of platform is Modify Cloud Compute Infrastructure most commonly associated with?,False,True,True,True,False,True,True,True,EQUIVALENT,Both questions ask about the platform most commonly associated with Modify Cloud Compute Infrastructure.
What security measures or protocols could potentially be compromised or undermined by Domain Trust Discovery?,What security protocols or measures can Domain Trust Discovery compromise or undermine?,True,False,False,True,False,True,False,False,EQUIVALENT,"The paraphrase maintains the same entities and relationship, asking about the same security protocols or measures that can be compromised or undermined by Domain Trust Discovery."
What platform is typically associated with the process of Install Digital Certificate?,What kind of platform is Install Digital Certificate most commonly associated with?,False,True,True,True,False,True,True,True,EQUIVALENT,Both questions ask about the platform most commonly or typically associated with the process of installing a digital certificate.
What security measures does Linux and Mac File and Directory Permissions Modification aim to circumvent or compromise?,What security measures does Linux and Mac File and Directory Permissions Modification manage to bypass or undermine?,False,True,False,False,False,False,False,False,EQUIVALENT,"Both questions ask about the security measures that Linux and Mac File and Directory Permissions Modification aim to bypass or undermine, preserving the same entities and relationship."
What security measures or protocols can be compromised or undermined by Patch System Image?,What security protocols or measures can Patch System Image compromise or undermine?,False,False,False,True,False,True,True,False,EQUIVALENT,"The paraphrase maintains the same entities and relationship, only altering the sentence structure."
How do security systems and software fail to detect Credentials from Password Stores.,How does Credentials from Password Stores manage to evade the detection of security systems and software?,False,False,False,False,False,False,True,False,EQUIVALENT,Both questions ask about the same relationship between Credentials from Password Stores and the detection capabilities of security systems and software.
What is the primary goal of an exploitation of Native API vulnerabilities?,What is the objective of an Native API attack?,False,False,False,False,False,False,False,False,EQUIVALENT,Both questions ask about the main purpose or goal of exploiting Native API vulnerabilities.
What is the main purpose of Loss of Protection?,What is the primary objective of a Loss of Protection?,False,False,False,False,False,False,False,False,EQUIVALENT,"The paraphrase maintains the same meaning, asking about the main purpose or primary objective of Loss of Protection."
What types of countermeasures fail to protect Domain Account?,What countermeasures are ineffective against Domain Account?,False,False,False,False,False,True,False,False,EQUIVALENT,Both questions ask about the same entities (countermeasures and Domain Account) and the same relationship (ineffectiveness/failure to protect).
What are Domain Generation Algorithms primarily intended for use on?,What type of platform is Domain Generation Algorithms typically designed for?,False,False,False,False,False,False,True,False,EQUIVALENT,Both questions ask about the primary platform or context for which Domain Generation Algorithms are designed.
Which security measures can Commonly Used Port bypass or avoid?,What defenses can Commonly Used Port evade or circumvent?,False,False,True,False,False,True,False,False,EQUIVALENT,"The paraphrase maintains the same entities and relationship, asking about the security measures that Commonly Used Port can bypass or avoid."
What Windows security measures are vulnerable to exploitation by Winlogon Helper DLL?,What defensive techniques can be compromised by Winlogon Helper DLL?,False,True,False,False,False,True,True,True,NOT_EQUIVALENT,"The original question asks about defensive techniques that can be compromised, while the paraphrase asks about security measures that are vulnerable to exploitation, which shifts the focus from the techniques to the measures and from being compromised to being exploited."
What vulnerabilities or weaknesses in system security does Process Injection specifically target or utilize?,What are the security weaknesses or vulnerabilities that Process Injection exploits or leverages?,False,False,False,False,False,False,False,False,EQUIVALENT,Both questions ask about the same security vulnerabilities or weaknesses that Process Injection exploits or leverages.
On which platforms is Dylib Hijacking considered a notable security risk?,For what type of platform is Dylib Hijacking considered a significant threat?,False,True,True,False,False,True,True,True,EQUIVALENT,Both questions ask about the platforms where Dylib Hijacking is a significant threat or notable security risk.
What security controls are vulnerable to Emond?,Which security controls are susceptible to Emond?,True,False,False,True,False,False,True,False,EQUIVALENT,Both questions ask about the same security controls and their vulnerability to Emond.
What security protocols can a Uninstall Malicious Application bypass.,Identify the security protocols that Uninstall Malicious Application can circumvent.,True,False,True,False,False,False,True,False,EQUIVALENT,"The paraphrase maintains the same meaning, entities, and relationship as the original question."
What security controls or measures can an Email Forwarding Rule potentially circumvent or sidestep?,What are the security controls or measures that Email Forwarding Rule can bypass or evade?,False,True,False,False,False,False,True,False,EQUIVALENT,"The paraphrase maintains the same entities and relationship, asking about the security controls or measures that an Email Forwarding Rule can bypass or evade."
What mechanisms does Event Triggered Execution utilize to evade detection and maintain persistence?,What techniques does Event Triggered Execution  use to evade detection and remain active?,False,False,False,False,False,False,False,False,EQUIVALENT,"The paraphrase preserves the original meaning, entities, and relationship, with only superficial changes in wording."
What system does gsecdump provide support for?,What system does gsecdump cater to?,False,True,True,False,False,True,False,False,EQUIVALENT,Both questions ask about the system that gsecdump supports or caters to.
What are the other names for the Sowbug group?,Can you list the alternative names for the Sowbug group?,False,False,False,True,False,False,False,False,EQUIVALENT,"Both questions ask for alternative names of the Sowbug group, preserving the same entities and relationship."
What security protocols are susceptible to being bypassed by using a Non-Standard Port?,Identify the security protocols that Non-Standard Port can circumvent.,True,False,False,True,False,False,True,True,EQUIVALENT,Both questions ask about the same security protocols that can be bypassed by using a Non-Standard Port.
What techniques enable System Service Discovery to avoid detection by defensive measures?,How does System Service Discovery manage to evade detection by defenses?,True,False,False,False,False,True,True,False,EQUIVALENT,Both questions ask about the techniques or methods that System Service Discovery uses to avoid detection by defensive measures.
What techniques do security systems struggle to detect when faced with File System Logical Offsets?,Can you describe the methods by which File System Logical Offsets evades the defenses of security systems?,False,False,False,False,False,False,False,False,NOT_EQUIVALENT,"The original question focuses on the methods used by File System Logical Offsets to evade security systems, while the paraphrase shifts the focus to the techniques that security systems struggle to detect, changing the subject and perspective."
What is the main objective of launching a Run Virtual Instance?,What is the primary goal of Run Virtual Instance?,False,False,False,False,False,True,False,False,EQUIVALENT,"Both questions ask about the main purpose or goal of the Run Virtual Instance, preserving the same entity and relationship."
What is the main goal behind Steal or Forge Kerberos Tickets?,What is the primary objective of a Steal or Forge Kerberos Tickets?,False,False,False,False,False,True,False,False,EQUIVALENT,"Both questions ask for the main purpose or objective of the action ""Steal or Forge Kerberos Tickets."""
What are the various aliases or names used to refer to the Cobalt Group?,What are the different names by which the Cobalt Group group is known?,False,False,False,True,False,False,False,False,EQUIVALENT,Both questions ask for the different names or aliases of the Cobalt Group.
What protocol is being targeted by Exfiltration Over Unencrypted/Obfuscated Non-C2 Protocol in its ultimate goal?,What is the ultimate target of Exfiltration Over Unencrypted/Obfuscated Non-C2 Protocol?,False,False,False,False,False,False,False,False,EQUIVALENT,"Both questions ask about the ultimate target or goal of the same protocol, maintaining the same entities and relationship."
What security features are found to be circumvented by the process of Security Software Discovery?,What security features are bypassed by Security Software Discovery?,False,False,True,False,False,False,False,True,EQUIVALENT,"The paraphrase maintains the original meaning, asking about the security features that are bypassed by the process of Security Software Discovery."
What security protocols or measures are vulnerable to being compromised or undermined by Hidden Users?,What security protocols or measures can Hidden Users compromise or undermine?,True,False,True,True,False,True,False,False,EQUIVALENT,Both questions ask about the same security protocols or measures that can be compromised or undermined by Hidden Users.
What security measures fail to prevent the presence of Invalid Code Signature?,What security measures are unable to prevent Invalid Code Signature?,False,False,False,True,False,False,True,False,EQUIVALENT,"Both questions ask about the same security measures and the same issue of Invalid Code Signature, with no change in entities or relationships."
What does Disable or Modify Linux Audit System ultimately aim to affect?,What is the ultimate target of Disable or Modify Linux Audit System?,False,False,False,False,False,False,True,False,EQUIVALENT,"Both questions ask about the ultimate target or aim of the action ""Disable or Modify Linux Audit System,"" preserving the same entities and relationship."
What is Content Injection generally intended for use on?,What type of platform is Content Injection typically designed for?,False,True,False,True,False,False,True,False,EQUIVALENT,"Both questions ask about the intended platform for Content Injection, preserving the same entities and relationship."
What is the main purpose behind executing a Downgrade System Image?,What is the primary objective of a Downgrade System Image?,False,False,False,True,False,False,False,False,EQUIVALENT,Both questions ask about the main purpose or primary objective of executing a Downgrade System Image.
In what ways does Block Reporting Message successfully avoid detection and protection?,In what ways is Block Reporting Message able to evade detection and protection?,False,False,False,False,False,False,True,False,EQUIVALENT,"The paraphrase maintains the same meaning, entities, and relationship as the original question."
What tactics does an adversary utilize for Password Policy Discovery to avoid being detected by security measures?,How does Password Policy Discovery manage to evade detection by defenses?,False,False,False,False,False,False,False,False,EQUIVALENT,Both questions ask about the tactics used to evade detection in the context of Password Policy Discovery.
What security protocols are potentially vulnerable to the methods employed by Access Sensitive Data in Device Logs.,Identify the security protocols that Access Sensitive Data in Device Logs can circumvent.,False,False,False,False,False,True,True,False,EQUIVALENT,Both questions ask about the security protocols that can be circumvented by the methods used to access sensitive data in device logs.
How do malicious actors utilize System Network Connections Discovery to circumvent the security measures of defense systems?,Can you describe the methods by which System Network Connections Discovery evades the defenses of security systems?,False,False,False,False,False,False,False,False,EQUIVALENT,Both questions ask about the methods used to evade security systems through System Network Connections Discovery.
What security measures can be circumvented through the use of Abuse Accessibility Features?,Which defense strategies can be evaded by Abuse Accessibility Features?,True,True,True,True,False,True,False,True,EQUIVALENT,Both questions ask about the same entities (defense strategies/security measures) and the same relationship (can be evaded/circumvented by Abuse Accessibility Features).
What type of platform is frequently targeted by malware that utilizes the Ignore Process Interrupts tactic?,What type of platform is often compromised by Ignore Process Interrupts malware?,False,True,False,False,False,False,False,False,EQUIVALENT,Both questions ask about the type of platform commonly affected by malware that uses the Ignore Process Interrupts technique.
What types of defenses can potentially be circumvented by Systemd Timers?,What defensive techniques can be compromised by Systemd Timers?,True,False,False,False,False,True,False,False,EQUIVALENT,Both questions ask about the same entities (defensive techniques) and the same relationship (compromised by Systemd Timers).
What type of platform does the Lock User Out of Device function primarily affect?,Which platform does Lock User Out of Device target or operate on?,False,True,True,False,False,False,False,True,EQUIVALENT,"Both questions ask about the platform that the ""Lock User Out of Device"" function targets or operates on."
What is the primary target platform for the Verclsid software?,For which platform is Verclsid primarily intended?,False,False,True,False,False,False,False,False,EQUIVALENT,Both questions ask about the primary platform for which Verclsid is intended.
What security protocols are vulnerable to being circumvented through Path Interception by Search Order Hijacking?,What security protocols are bypassed or compromised by Path Interception by Search Order Hijacking?,True,False,True,True,False,False,False,False,EQUIVALENT,Both questions ask about the same security protocols and the same method of bypassing or compromising them.
What Serverless Execution methods can be circumvented by attackers?,Which defense strategies can be evaded by Serverless Execution?,False,False,False,False,False,True,True,False,NOT_EQUIVALENT,"The original question asks about defense strategies that can be evaded by Serverless Execution, while the paraphrase asks about Serverless Execution methods that can be circumvented by attackers, changing the subject and the relationship."
What security protocols are potentially vulnerable to being circumvented by Event Triggered Execution?,Identify the security protocols that Event Triggered Execution can circumvent.,False,True,False,True,False,True,True,False,EQUIVALENT,Both questions ask about the same security protocols and the relationship of being circumvented by Event Triggered Execution.
What type of system or environment typically implements or facilitates Domain Trust Modification?,On which platform is Domain Trust Modification typically deployed or executed?,False,False,True,True,False,False,False,False,EQUIVALENT,Both questions ask about the typical platform or environment where Domain Trust Modification is deployed or executed.
What platform is intended to support the functionality of Download New Code at Runtime?,On which platform is Download New Code at Runtime designed to function effectively?,False,True,True,False,False,True,True,True,EQUIVALENT,Both questions ask about the platform intended to support the functionality of Download New Code at Runtime.
What is the primary objective of Office Test?,What is the purpose of Office Test?,False,False,False,False,False,False,False,False,EQUIVALENT,Both questions ask for the main goal or purpose of Office Test.
What is the primary objective of Time Based Evasion techniques?,What does Time Based Evasion aim to achieve?,False,True,False,False,False,True,False,False,EQUIVALENT,Both questions ask about the main goal or objective of Time Based Evasion techniques.
How does the malware utilize the Contact List to bypass security measures?,In what ways does Contact List evade the defenses put in place?,False,False,False,False,False,False,False,False,NOT_EQUIVALENT,"The paraphrase introduces ""malware"" and ""utilize"" which are not present in the original, changing the focus and scope of the question."
What tactics does Rundll32 employ to avoid detection and bypass security measures?,What strategies does Rundll32 use to evade security defenses and remain undetected?,False,False,False,False,False,True,False,False,EQUIVALENT,Both questions ask about the same entity (Rundll32) and the same relationship (strategies/tactics to evade security defenses and remain undetected/avoid detection and bypass security measures).
What measures do Default Accounts employ to successfully penetrate or breach security systems and defenses?,How does Default Accounts manage to breach or penetrate security systems and defenses?,False,False,False,False,False,False,False,False,EQUIVALENT,Both questions ask about the methods used by Default Accounts to breach security systems and defenses.
What is the primary objective behind the Exploitation of Vulnerability?,What is the primary goal of Exploitation of Vulnerability?,True,False,False,False,False,False,False,False,EQUIVALENT,"Both questions ask for the primary purpose or aim of the Exploitation of Vulnerability, using synonymous terms."
On which platform is the Capture Camera most typically found?,What kind of platform is Capture Camera most commonly associated with?,False,True,True,True,False,True,True,False,EQUIVALENT,Both questions ask about the platform most commonly associated with Capture Camera.
What security protocols are potentially circumvented or compromised when Rundll32 is utilized?,What security protocols are bypassed or compromised by Rundll32?,False,True,True,False,False,True,True,False,EQUIVALENT,"The paraphrase maintains the same entities and relationship, only varying in surface wording."
What are the alternate designations used for the Group5 entity?,What are the various names used to refer to the Group5 group?,False,False,False,False,False,False,False,False,EQUIVALENT,"Both questions ask for the different names or designations used to refer to the same entity, Group5."
What is the primary purpose or objective of Visual Basic?,What is the main intention of a Visual Basic?,False,False,True,True,False,False,False,False,EQUIVALENT,Both questions ask about the main intention or primary purpose of Visual Basic.
What security protocols can Hidden File System bypass or evade detection through?,Identify the security protocols that Hidden File System can circumvent.,False,True,True,False,False,False,True,False,EQUIVALENT,Both questions ask about the same security protocols that Hidden File System can circumvent or bypass.
What mechanisms allow Process Hollowing to avoid being detected by security defenses?,How does Process Hollowing manage to evade detection by defenses?,True,False,False,False,False,False,True,False,EQUIVALENT,Both questions ask about the mechanisms by which Process Hollowing evades detection by security defenses.
What is Stripped Payloads generally intended for deployment on?,What type of platform is Stripped Payloads typically designed for?,False,False,True,False,False,False,True,False,EQUIVALENT,Both questions ask about the typical platform or deployment environment for Stripped Payloads.
What techniques do Rootkits use to circumvent the defenses of security systems?,Can you describe the methods by which Rootkit evades the defenses of security systems?,False,False,False,False,False,False,False,False,EQUIVALENT,Both questions ask about the techniques or methods used by Rootkits to evade security system defenses.
What platform is Device Driver Discovery optimized to operate on?,On which platform is Device Driver Discovery designed to function effectively?,False,True,True,True,False,True,True,True,EQUIVALENT,Both questions ask about the platform on which Device Driver Discovery is designed to function effectively or is optimized to operate.
What is the primary objective of Exploitation for Initial Access?,What is the ultimate target of Exploitation for Initial Access?,True,False,False,False,False,False,False,False,EQUIVALENT,"Both questions ask for the main goal of Exploitation for Initial Access, using different but synonymous terms."
What is the primary goal or intention behind VDSO Hijacking?,What is the main objective of VDSO Hijacking?,False,False,True,False,False,False,False,False,EQUIVALENT,"Both questions ask for the main purpose or intent behind VDSO Hijacking, using synonymous terms."
What security protocols can be bypassed by Data Encoding.,Identify the security protocols that Data Encoding can circumvent.,False,False,True,False,True,False,True,False,EQUIVALENT,"The paraphrase maintains the same meaning, entities, and relationship as the original question."
What security defenses does Data Staged utilize evasion techniques against?,What methods does Data Staged employ to evade security defenses?,False,True,False,True,False,True,False,False,EQUIVALENT,"Both questions ask about the same relationship between Data Staged and security defenses, focusing on evasion techniques."
What security measures are insufficient to safeguard a Trusted Relationship?,What security measures are unable to prevent Trusted Relationship?,False,False,False,False,False,False,True,False,EQUIVALENT,Both questions ask about security measures that are not effective in protecting a Trusted Relationship.
"What security controls can DLL Search Order Hijacking effectively circumvent, evade, or disable?","What are the defenses that DLL Search Order Hijacking can successfully evade, bypass, or disable?",False,False,False,False,False,False,False,True,EQUIVALENT,"The paraphrase maintains the same meaning, entities, and relationship as the original question."
What is the primary goal of Multi-Factor Authentication Request Generation?,What is the main objective of Multi-Factor Authentication Request Generation?,False,False,False,False,False,True,False,False,EQUIVALENT,"The paraphrase preserves the original meaning, entities, and relationship, with only a superficial change in wording."
What is the platform most frequently linked with Network Address Translation Traversal?,What kind of platform is Network Address Translation Traversal most commonly associated with?,False,True,True,True,False,True,True,True,EQUIVALENT,Both questions ask about the platform most commonly associated with Network Address Translation Traversal.
What type of platform is particularly vulnerable to the threats posed by Network Logon Script?,For what type of platform is Network Logon Script considered a significant threat?,False,True,True,True,False,True,True,False,EQUIVALENT,Both questions ask about the type of platform that is significantly threatened by Network Logon Script.
How do attackers utilize HTML Smuggling to successfully evade security measures and compromise system defenses?,How does HTML Smuggling manage to breach or penetrate security systems and defenses?,False,False,False,False,False,False,False,False,EQUIVALENT,Both questions ask about the method by which HTML Smuggling is used to bypass security defenses.
What methods do malicious actors use to bypass or compromise security systems when Disable Cloud Logs is enabled?,How does Disable Cloud Logs manage to breach or penetrate security systems and defenses?,False,False,False,False,False,False,True,False,NOT_EQUIVALENT,"The original question asks about how Disable Cloud Logs itself breaches security, while the paraphrase asks about methods used by malicious actors when Disable Cloud Logs is enabled."
What platforms are targeted or operated on by Domain Accounts?,Which platform does Domain Accounts target or operate on?,False,True,True,True,False,True,True,True,EQUIVALENT,"The paraphrase maintains the same entities and relationship, only altering the sentence structure."
What tactics do security systems and software typically fail to detect when it comes to Automated Exfiltration?,How does Automated Exfiltration manage to evade the detection of security systems and software?,False,False,False,False,False,False,True,False,NOT_EQUIVALENT,"The original question asks about the methods Automated Exfiltration uses to evade detection, while the paraphrase asks about the failures of security systems in detecting Automated Exfiltration."
In what context is Utilize/Change Operating Mode primarily used?,For which platform is Utilize/Change Operating Mode primarily intended?,False,False,False,False,False,False,False,False,NOT_EQUIVALENT,"The original question asks about the platform, while the paraphrase asks about the context of use, which could include platforms but also other aspects."
What is the primary purpose of Port Monitors?,What is the main intention of a Port Monitors?,False,False,False,False,False,False,False,False,EQUIVALENT,"Both questions ask about the main intention or primary purpose of Port Monitors, preserving the same entities and relationship."
What was the final date of the conclusion of Operation Dream Job's operations?,When did Operation Dream Job conclude its activities?,False,False,False,False,True,False,True,True,EQUIVALENT,Both questions ask for the date when Operation Dream Job's activities concluded.
How does Trusted Developer Utilities circumvent the existing security measures?,In what ways does Trusted Developer Utilities evade the defenses put in place?,False,True,False,False,False,True,True,True,EQUIVALENT,Both questions ask about the methods Trusted Developer Utilities uses to bypass security defenses.
What methods do Insecure Third-Party Libraries employ to stay undetected and continue operating?,What techniques does Insecure Third-Party Libraries use to evade detection and remain active?,False,False,False,False,False,False,False,False,EQUIVALENT,"The paraphrase preserves the original meaning, entities, and relationship, varying only in surface wording and syntax."
What security protocols or measures can be compromised or undermined if Modify OS Kernel or Boot Partition is attempted?,What security protocols or measures can Modify OS Kernel or Boot Partition compromise or undermine?,True,True,True,False,False,True,True,False,EQUIVALENT,Both questions ask about the security protocols or measures that can be compromised or undermined by modifying the OS kernel or boot partition.
What methods do attackers use to avoid being detected by security systems through ARP Cache Poisoning attacks?,Can you explain how ARP Cache Poisoning evades detection by security systems?,False,False,False,False,False,False,False,False,EQUIVALENT,Both questions ask about the methods used to evade detection by security systems in the context of ARP Cache Poisoning.
What is the ultimate goal of an attacker when they obtain Credentials from Web Browsers?,What does an attacker seek to accomplish with Credentials from Web Browsers?,False,False,False,False,False,True,False,True,EQUIVALENT,Both questions ask about the attacker's goal in obtaining credentials from web browsers.
What is the primary target platform for Network Share Connection Removal exploits?,Which platform serves as the primary focus for Network Share Connection Removal attacks?,False,True,False,True,False,True,True,True,EQUIVALENT,Both questions ask about the primary platform targeted by Network Share Connection Removal attacks/exploits.
What mechanisms allow Thread Local Storage to avoid being detected by security software and systems?,How does Thread Local Storage manage to evade the detection of security systems and software?,False,False,False,False,False,False,True,False,EQUIVALENT,Both questions ask about the mechanisms that allow Thread Local Storage to avoid detection by security systems and software.
What security measures can Mshta potentially circumvent or render inoperable?,What types of defenses or security controls can Mshta compromise or disable?,False,True,False,False,False,True,True,True,EQUIVALENT,"Both questions ask about the same entities (Mshta, security measures/defenses) and the same relationship (compromise/disable vs. circumvent/render inoperable)."
What is the primary objective of an attacker's manipulation of the Server Software Component?,What does an attacker seek to accomplish with Server Software Component?,False,False,False,False,False,True,False,False,EQUIVALENT,Both questions ask about the goal of an attacker's actions regarding the Server Software Component.
What kind of system is frequently targeted by malware that targets Domain Controller Authentication?,What type of platform is often compromised by Domain Controller Authentication malware?,False,False,False,False,False,False,False,False,EQUIVALENT,Both questions ask about the type of system or platform frequently targeted by malware that compromises Domain Controller Authentication.
What mechanisms does Compromise Application Executable employ to successfully breach or penetrate various security systems and defenses?,How does Compromise Application Executable manage to breach or penetrate security systems and defenses?,False,True,False,False,False,False,False,True,EQUIVALENT,Both questions ask about the mechanisms or methods used by Compromise Application Executable to breach security systems and defenses.
What methods do Print Processors employ in order to avoid detection and sustain their operational presence?,What techniques does Print Processors use to evade detection and remain active?,False,False,False,False,False,False,False,False,EQUIVALENT,"The paraphrase maintains the same entities and relationship, asking about the techniques/methods Print Processors use to evade detection and remain active."
What security features do adversaries exploit in Serverless environments?,What security features are bypassed by Serverless?,False,False,False,False,False,False,False,False,NOT_EQUIVALENT,"The paraphrase introduces the concept of adversaries exploiting security features, which changes the focus from what features are bypassed to how they are exploited."
What techniques does Additional Cloud Roles employ to avoid detection by security systems and software?,How does Additional Cloud Roles manage to evade the detection of security systems and software?,False,False,False,False,False,False,False,False,EQUIVALENT,Both questions ask about the techniques used by Additional Cloud Roles to avoid detection by security systems and software.
"Which security systems or defenses can be compromised, disabled, or bypassed by Install Insecure or Malicious Configuration?","What types of defenses or security systems can Install Insecure or Malicious Configuration compromise, disable, or bypass?",True,True,False,True,False,False,True,True,EQUIVALENT,"The paraphrase maintains the same entities and relationship, asking about the same security systems and defenses that can be compromised, disabled, or bypassed by Install Insecure or Malicious Configuration."
What platform is the LC_MAIN Hijacking technique typically intended for?,What type of platform is LC_MAIN Hijacking typically designed for?,False,False,False,False,False,True,False,True,EQUIVALENT,"Both questions ask about the platform for which LC_MAIN Hijacking is typically designed, preserving the same entities and relationship."
On what platform are Unsecured Credentials typically deployed or executed?,On which platform is Unsecured Credentials typically deployed or executed?,True,True,True,True,False,False,True,True,EQUIVALENT,"The paraphrase preserves the original meaning, entities, and relationship being asked about."
What methods does the Safe Mode Boot employ to evade detection and continue its operation?,What techniques does Safe Mode Boot use to evade detection and remain active?,False,False,False,False,False,False,False,False,EQUIVALENT,"The paraphrase maintains the same entities and relationship, asking about the techniques/methods used by Safe Mode Boot to evade detection and remain active/continue its operation."
What security protocols does Active Setup have the capability to bypass or evade?,Identify the security protocols that Active Setup can circumvent.,False,True,True,True,False,True,True,True,EQUIVALENT,"Both questions ask about the security protocols that Active Setup can bypass or circumvent, preserving the same entities and relationship."
What does the SNMP (MIB Dump) operation ultimately aim to reveal?,What is the ultimate target of SNMP (MIB Dump)?,False,False,False,False,False,False,False,False,EQUIVALENT,Both questions ask about the ultimate goal or target of the SNMP (MIB Dump) operation.
How do adversaries utilize Search Open Technical Databases to circumvent existing security measures?,In what ways does Search Open Technical Databases evade the defenses put in place?,False,False,False,False,False,False,False,False,EQUIVALENT,Both questions ask about the methods used to evade security measures through the use of Search Open Technical Databases.
What techniques does Modify System Partition use to circumvent the defenses of security systems?,Can you describe the methods by which Modify System Partition evades the defenses of security systems?,False,False,False,True,False,False,True,False,EQUIVALENT,Both questions ask about the techniques or methods used by Modify System Partition to evade security system defenses.
"What security systems or defenses can potentially be compromised, disabled, or circumvented by Gather Victim Network Information?","What types of defenses or security systems can Gather Victim Network Information compromise, disable, or bypass?",True,True,False,False,False,True,False,False,EQUIVALENT,"The paraphrase maintains the same entities and relationship, asking about the same security systems and defenses that can be compromised, disabled, or bypassed by Gather Victim Network Information."
How do adversaries utilize Network Trust Dependencies to bypass established security measures?,In what ways does Network Trust Dependencies evade the defenses put in place?,False,True,False,False,False,False,False,False,EQUIVALENT,Both questions ask about the methods used to evade security measures through Network Trust Dependencies.
What mechanisms enable Sudo Caching to avoid detection by antivirus software?,How does Sudo Caching successfully evade detection by antivirus software?,False,False,False,False,False,True,True,False,EQUIVALENT,Both questions ask about the mechanisms that allow Sudo Caching to avoid detection by antivirus software.
What techniques or strategies do malicious actors use to breach or penetrate security systems and defenses via Drive-by Target attacks?,How does Drive-by Target manage to breach or penetrate security systems and defenses?,False,False,False,False,False,False,False,False,EQUIVALENT,"Both questions ask about the methods used to breach security systems through Drive-by Target attacks, preserving the same entities and relationship."
How does Autorun Image employ various tactics to stay undetected and maintain its active status?,What techniques does Autorun Image use to evade detection and remain active?,False,False,False,False,False,False,False,False,EQUIVALENT,Both questions ask about the same techniques and tactics used by Autorun Image to evade detection and remain active.
What security protocols are potentially circumvented by the Plist Modification?,What security measures does Plist Modification manage to bypass or undermine?,True,True,False,False,False,True,True,False,EQUIVALENT,Both questions ask about the security measures or protocols that Plist Modification can bypass or undermine.
What security measures does Timestomp utilize evasion techniques to circumvent?,What techniques does Timestomp use to bypass security measures?,False,True,False,True,False,True,False,False,EQUIVALENT,Both questions ask about the same entity (Timestomp) and the same relationship (bypassing security measures).
What is Multi-hop Proxy primarily designed for?,What platform is Multi-hop Proxy specifically tailored for?,False,False,False,False,False,False,False,False,NOT_EQUIVALENT,"The original question asks about the platform, while the paraphrase asks about the purpose or design, changing the relationship being queried."
What security vulnerabilities or weaknesses are being exploited or utilized by the Application Access Token?,What are the security weaknesses or vulnerabilities that Application Access Token exploits or leverages?,False,False,True,False,False,False,False,False,EQUIVALENT,Both questions ask about the same security vulnerabilities or weaknesses exploited by the Application Access Token.
How do security systems fail to detect SSH Authorized Keys?,Can you explain how SSH Authorized Keys evades detection by security systems?,False,False,False,False,False,False,False,False,EQUIVALENT,"Both questions ask about the same relationship between SSH Authorized Keys and security systems, focusing on the evasion of detection."
What techniques does an attacker utilize to evade detection by antivirus software through Process Injection?,How does Process Injection successfully evade detection by antivirus software?,False,False,False,False,False,False,False,False,EQUIVALENT,Both questions ask about the techniques used to evade antivirus detection through Process Injection.
What security measures does Silver Ticket employ to evade or circumvent?,What techniques does Silver Ticket use to bypass security measures?,False,True,False,False,False,False,False,True,NOT_EQUIVALENT,"The original question asks about techniques used by Silver Ticket to bypass security measures, while the paraphrase incorrectly asks about security measures employed by Silver Ticket to evade or circumvent."
What is the main purpose behind implementing Redundant Access?,What is the primary goal of Redundant Access?,False,False,False,False,False,False,False,False,EQUIVALENT,"Both questions ask about the main objective of Redundant Access, preserving the same entities and relationship."
What are the different monikers or designations associated with the Wizard Spider group?,What are the various names used to refer to the Wizard Spider group?,False,False,False,True,False,False,False,False,EQUIVALENT,"The paraphrase maintains the same meaning, asking for the various names or designations used to refer to the Wizard Spider group."
What security measures are vulnerable to being bypassed or undermined by the Disable or Modify Cloud Firewall functionality?,What security measures does Disable or Modify Cloud Firewall manage to bypass or undermine?,False,False,False,False,False,False,False,False,EQUIVALENT,Both questions ask about the same security measures and the same relationship regarding the Disable or Modify Cloud Firewall functionality.
What platform does the function of Change Operating Mode execute or affect?,Which platform does Change Operating Mode target or operate on?,False,True,True,True,False,True,True,False,EQUIVALENT,Both questions ask about the platform that the Change Operating Mode function targets or operates on.
What security weaknesses or vulnerabilities does Modify Trusted Execution Environment take advantage of or rely on?,What are the security weaknesses or vulnerabilities that Modify Trusted Execution Environment exploits or leverages?,False,False,True,False,False,False,True,False,EQUIVALENT,Both questions ask about the same security weaknesses or vulnerabilities that Modify Trusted Execution Environment exploits or leverages.
What is the primary purpose of the KernelCallbackTable?,What is the main intention of a KernelCallbackTable?,False,False,False,False,False,False,False,False,EQUIVALENT,"Both questions ask about the main/primary intention or purpose of the KernelCallbackTable, preserving the same entity and relationship."
What techniques do IIS Components employ to avoid detection and bypass security measures?,What strategies does IIS Components use to evade security defenses and remain undetected?,False,False,False,False,False,False,False,False,EQUIVALENT,Both questions ask about the same entity (IIS Components) and the same relationship (strategies/techniques to evade security defenses and remain undetected/avoid detection and bypass security measures).
What is the primary objective of the Serverless paradigm?,What is the ultimate target of Serverless?,False,False,False,False,False,True,False,False,EQUIVALENT,Both questions ask about the main goal or purpose of Serverless.
What methods do malicious actors employ for Network Share Connection Removal to successfully circumvent security protocols and defenses?,How does Network Share Connection Removal manage to breach or penetrate security systems and defenses?,False,False,False,False,False,False,True,False,NOT_EQUIVALENT,"The paraphrase introduces ""malicious actors"" and ""methods"" which were not present in the original question, changing the focus from the technique itself to the actors using it."
What security measures does Exploit Baseband Vulnerability employ techniques to circumvent?,What techniques does Exploit Baseband Vulnerability use to bypass security measures?,False,False,False,False,False,True,False,False,EQUIVALENT,Both questions ask about the techniques used by Exploit Baseband Vulnerability to bypass security measures.
What platform is Clear Network Connection History and Configurations intended to operate efficiently on?,On which platform is Clear Network Connection History and Configurations designed to function effectively?,True,True,True,True,False,True,True,True,EQUIVALENT,Both questions ask about the platform on which Clear Network Connection History and Configurations is designed to function effectively.
What is COR_PROFILER primarily intended for use on?,What type of platform is COR_PROFILER typically designed for?,False,False,True,True,False,True,True,False,EQUIVALENT,Both questions ask about the primary platform or environment for which COR_PROFILER is designed.
What is the intended target platform for the Expand software to operate on?,On which platform is Expand designed to run?,False,False,True,False,False,False,False,False,EQUIVALENT,"Both questions ask about the platform on which Expand is designed to run, preserving the same entities and relationship."
What security measures fail to block or mitigate Trusted Developer Utilities Proxy Execution?,What security measures are unable to prevent Trusted Developer Utilities Proxy Execution?,False,False,False,False,False,False,True,False,EQUIVALENT,Both questions ask about the same security measures and their inability to prevent or mitigate the same specific threat.
On which systems or platforms is the feature Use Alternate Authentication Material generally implemented or activated?,On which platform is Use Alternate Authentication Material typically deployed or executed?,False,True,False,True,False,True,True,True,EQUIVALENT,"Both questions ask about the platforms or systems where the feature ""Use Alternate Authentication Material"" is typically deployed or executed."
What types of security vulnerabilities can be exploited to Gather Victim Identity Information?,What security measures are vulnerable to Gather Victim Identity Information?,False,False,False,False,False,False,True,False,EQUIVALENT,Both questions ask about the security measures or vulnerabilities that can be exploited to gather victim identity information.
What vulnerabilities can be exploited by unauthorized access to Device Administrator Permissions?,What defense mechanisms are vulnerable to exploitation by Device Administrator Permissions?,False,False,True,False,False,False,False,False,NOT_EQUIVALENT,"The original question asks about defense mechanisms that are vulnerable, while the paraphrase asks about vulnerabilities that can be exploited, changing the focus from mechanisms to vulnerabilities."
What security defenses does Local Job Scheduling typically try to evade through its methods?,What methods does Local Job Scheduling employ to evade security defenses?,True,True,True,False,False,False,False,False,EQUIVALENT,"Both questions ask about the methods Local Job Scheduling uses to evade security defenses, maintaining the same entities and relationship."
What is the purpose of PubPrn?,What is the intention behind PubPrn?,False,False,False,False,False,False,False,False,EQUIVALENT,"Both questions ask about the purpose or intention behind PubPrn, referring to the same entity and relationship."
What security protocols can be bypassed or circumvented by the Windows Credential Manager?,Identify the security protocols that Windows Credential Manager can circumvent.,False,True,False,True,False,False,True,False,EQUIVALENT,Both questions ask about the same security protocols that can be circumvented by the Windows Credential Manager.
How do adversaries leverage Denial of View to bypass or evade established security defenses?,In what ways does Denial of View evade the defenses put in place?,False,True,False,False,False,False,False,False,EQUIVALENT,Both questions ask about the methods used to evade security defenses using Denial of View.
What security features are compromised by Theft of Operational Information?,What security features are bypassed by Theft of Operational Information?,False,False,False,False,False,False,True,True,EQUIVALENT,"The paraphrase maintains the same entities and relationship, with ""bypassed"" and ""compromised"" being semantically equivalent in this context."
What types of defenses are susceptible to exploitation through Scheduled Task/Job?,What defense mechanisms are vulnerable to exploitation by Scheduled Task/Job?,False,False,False,False,False,False,False,True,EQUIVALENT,Both questions ask about the same entities (defense mechanisms) and the same relationship (vulnerability to exploitation by Scheduled Task/Job).
What is the primary target of Hooking's intended use?,For which platform is Hooking primarily intended?,False,False,False,False,False,False,False,False,EQUIVALENT,Both questions ask about the primary intended platform or target for Hooking.
What platform is primarily targeted by the security feature known as Signed Binary Proxy Execution?,For which platform is Signed Binary Proxy Execution primarily intended?,False,True,False,False,False,False,False,True,EQUIVALENT,Both questions ask about the primary platform for which Signed Binary Proxy Execution is intended.
What vulnerability is the Executable Installer File Permissions Weakness ultimately aimed at?,What is the ultimate target of Executable Installer File Permissions Weakness?,False,False,False,False,False,False,False,False,NOT_EQUIVALENT,"The original question asks for the target of the weakness, while the paraphrase asks what vulnerability the weakness is aimed at, changing the focus from the target to the vulnerability itself."
What vulnerabilities or security weaknesses are exploited or utilized by Local Email Collection?,What are the security weaknesses or vulnerabilities that Local Email Collection exploits or leverages?,False,False,True,False,False,False,False,False,EQUIVALENT,"The paraphrase maintains the same entities and relationship, asking about the vulnerabilities or security weaknesses exploited by Local Email Collection."
What is the ultimate goal an attacker aims to achieve with the Golden Ticket?,What does an attacker seek to accomplish with Golden Ticket?,False,False,False,False,False,True,False,True,EQUIVALENT,"Both questions ask about the attacker's objective with the Golden Ticket, preserving the same entities and relationship."
What platforms are typically vulnerable to significant threats from Code Injection?,For what type of platform is Code Injection considered a significant threat?,False,True,True,True,False,False,True,True,NOT_EQUIVALENT,"The paraphrase broadens the scope by asking about platforms typically vulnerable to significant threats, whereas the original specifically asks for the type of platform where Code Injection is a significant threat."
What type of platform is typically linked to Runtime Data Manipulation?,What kind of platform is Runtime Data Manipulation most commonly associated with?,False,True,True,True,False,True,True,True,EQUIVALENT,Both questions ask about the type of platform commonly or typically associated with Runtime Data Manipulation.
What platform is Email Account intended to operate optimally on?,On which platform is Email Account designed to function effectively?,True,True,True,True,False,True,True,True,EQUIVALENT,Both questions ask about the platform on which Email Account is designed to function effectively.
What security controls are vulnerable to modification during the Modify Authentication Process?,Which security controls are susceptible to Modify Authentication Process?,True,True,True,False,False,True,False,False,EQUIVALENT,Both questions ask about the same security controls and the same vulnerability to modification during the Modify Authentication Process.
What security protocols or measures could be vulnerable to compromise or undermining due to Web Session Cookie?,What security protocols or measures can Web Session Cookie compromise or undermine?,True,False,True,True,False,True,False,False,EQUIVALENT,Both questions ask about the same security protocols or measures that can be compromised or undermined by Web Session Cookie.
On what platforms are Shared Modules usually run or deployed?,On which platform is Shared Modules typically deployed or executed?,True,True,True,False,False,True,True,True,EQUIVALENT,"Both questions ask about the typical platforms for running or deploying Shared Modules, preserving the same entities and relationship."
What platforms is Capture SMS Messages regarded as a considerable threat to?,For what type of platform is Capture SMS Messages considered a significant threat?,False,True,True,True,False,True,True,True,EQUIVALENT,"Both questions ask about the platforms for which Capture SMS Messages is a significant threat, preserving the same entities and relationship."
What security measures are potentially evaded by the utilization of Data from Network Shared Drive?,What security features are bypassed by Data from Network Shared Drive?,False,True,True,True,False,True,False,True,EQUIVALENT,"The paraphrase maintains the same entities and relationship, only varying in surface wording and syntax."
What methods are employed by Network Service Scanning to avoid detection by antivirus software?,How does Network Service Scanning successfully evade detection by antivirus software?,False,False,False,False,False,True,False,False,EQUIVALENT,Both questions ask about the methods used by Network Service Scanning to avoid detection by antivirus software.
What methods does Msiexec employ to avoid detection by security defenses?,How does Msiexec manage to evade detection by defenses?,False,False,False,False,False,True,False,False,EQUIVALENT,Both questions ask about the methods Msiexec uses to avoid detection by security defenses.
Which security measures are often circumvented or undermined in Sharepoint?,What security protocols are bypassed or compromised by Sharepoint?,False,True,False,True,False,False,True,False,EQUIVALENT,Both questions ask about the same security protocols or measures that are bypassed or compromised in Sharepoint.
What is Launchd primarily intended for use on?,What type of platform is Launchd typically designed for?,False,True,True,False,False,False,True,False,EQUIVALENT,"Both questions ask about the primary platform or use case for Launchd, preserving the same entities and relationship."
What is the objective of a malicious actor when targeting the LSASS Driver?,What does an attacker seek to accomplish with LSASS Driver?,False,False,False,False,False,True,False,False,EQUIVALENT,Both questions ask about the goal of an attacker targeting the LSASS Driver.
What platform is commonly used for the deployment or execution of URI Hijacking?,On which platform is URI Hijacking typically deployed or executed?,False,True,True,False,False,True,True,True,EQUIVALENT,Both questions ask about the platform commonly used for the deployment or execution of URI Hijacking.
What is the primary target environment for development using Electron Applications?,What type of platform is Electron Applications typically designed for?,True,False,True,False,False,False,True,False,EQUIVALENT,Both questions ask about the primary environment or platform for which Electron Applications are designed.
What security systems or defenses can a malicious actor attempt to Modify Parameter to disable or bypass?,"What types of defenses or security systems can Modify Parameter compromise, disable, or bypass?",False,False,False,False,False,False,False,True,NOT_EQUIVALENT,"The paraphrase shifts the focus from the types of defenses or security systems to the actions of a malicious actor, changing the subject and potentially the scope of the question."
What methods does Inter-Process Communication employ to successfully evade detection by defensive systems?,How does Inter-Process Communication manage to evade detection by defenses?,False,False,False,False,False,True,True,False,EQUIVALENT,Both questions ask about the methods Inter-Process Communication uses to evade detection by defensive systems.
"What security systems or defenses can be compromised, disabled, or circumvented by accessing /etc/passwd and /etc/shadow?","What types of defenses or security systems can /etc/passwd and /etc/shadow compromise, disable, or bypass?",False,False,False,False,False,True,True,False,EQUIVALENT,"Both questions ask about the same security systems and defenses that can be compromised, disabled, or bypassed by accessing the same files."
What methods do malicious actors use to avoid being detected by security systems when Weaken Encryption is employed?,Can you explain how Weaken Encryption evades detection by security systems?,False,False,False,False,False,False,False,False,EQUIVALENT,Both questions ask about the methods used to evade detection by security systems when Weaken Encryption is employed.
What platforms does Masquerading typically target or operate within?,Which platform does Masquerading target or operate on?,False,True,False,True,False,True,True,True,NOT_EQUIVALENT,"The original question asks about a single platform, while the paraphrased version asks about multiple platforms."
What security measures can be vulnerable to exploitation via PowerShell?,What defensive techniques can be compromised by PowerShell?,False,False,False,False,False,False,False,False,EQUIVALENT,Both questions ask about the same entities (defensive techniques/security measures) and the same relationship (compromised by/vulnerable to exploitation via PowerShell).
What techniques does Regsvcs/Regasm employ to avoid being detected by security defenses?,How does Regsvcs/Regasm manage to evade detection by defenses?,False,False,False,False,False,True,False,False,EQUIVALENT,Both questions ask about the techniques used by Regsvcs/Regasm to avoid detection by security defenses.
What security measures can Active Setup potentially compromise or weaken?,What security protocols or measures can Active Setup compromise or undermine?,False,True,True,True,False,False,False,False,EQUIVALENT,Both questions ask about the same entities (security protocols/measures) and the same relationship (compromise or undermine/compromise or weaken) with Active Setup.
What platforms are Clipboard Modification intended to operate on efficiently?,On which platform is Clipboard Modification designed to function effectively?,True,True,True,True,False,True,True,True,EQUIVALENT,Both questions ask about the platforms on which Clipboard Modification is designed to function effectively.
What platforms are commonly targeted by attacks utilizing Defacement malware?,What type of platform is often compromised by Defacement malware?,False,False,False,False,False,False,False,False,EQUIVALENT,Both questions ask about the common platforms targeted by Defacement malware.
What security measures or controls can Spearphishing Voice potentially circumvent or evade?,What are the security controls or measures that Spearphishing Voice can bypass or evade?,False,False,True,False,False,True,False,False,EQUIVALENT,"The paraphrase maintains the same entities and relationship, asking about the same security measures or controls that Spearphishing Voice can bypass or evade."
How do Control Device Identification tactics manage to bypass or circumvent existing defensive measures?,In what ways does Control Device Identification evade the defenses put in place?,False,False,False,False,False,True,True,False,EQUIVALENT,Both questions ask about the methods used by Control Device Identification to evade or bypass defensive measures.
What platforms are frequently targeted by the malware known as Indicator Removal from Tools?,What type of platform is often compromised by Indicator Removal from Tools malware?,False,False,True,False,False,False,False,False,EQUIVALENT,"Both questions ask about the platforms frequently targeted by the same malware, preserving the original meaning and entities."
What platforms does Network Boundary Bridging target or operate on?,Which platform does Network Boundary Bridging target or operate on?,False,True,False,True,False,False,True,True,NOT_EQUIVALENT,"The original question asks about a single platform, while the paraphrased question asks about multiple platforms."
For what purpose is Scripting generally intended to be utilized?,What type of platform is Scripting typically designed for?,False,False,False,False,False,False,False,False,NOT_EQUIVALENT,"The original question asks about the type of platform, while the paraphrase asks about the purpose of utilization, changing the relationship being queried."
What security measures are susceptible to being circumvented by Spoof Security Alerting?,Which defense strategies can be evaded by Spoof Security Alerting?,True,True,True,True,False,False,False,False,EQUIVALENT,Both questions ask about the same entities (defense strategies/security measures) and the same relationship (being evaded/circumvented by Spoof Security Alerting).
How do attackers utilize Capture SMS Messages to circumvent security measures in place?,In what ways does Capture SMS Messages evade the defenses put in place?,False,False,False,False,False,False,True,False,EQUIVALENT,Both questions ask about the methods used by Capture SMS Messages to bypass security defenses.
"What security measures can Input Capture successfully evade, bypass, or disable?","What are the defenses that Input Capture can successfully evade, bypass, or disable?",False,True,False,True,False,False,False,False,EQUIVALENT,"The paraphrase uses ""security measures"" as a synonym for ""defenses,"" preserving the original meaning and scope."
What techniques do Installer Packages employ to avoid being detected by security systems and software?,How does Installer Packages manage to evade the detection of security systems and software?,False,False,False,False,False,True,False,False,EQUIVALENT,Both questions ask about the techniques Installer Packages use to avoid detection by security systems and software.
What types of security measures are incapable of protecting against Firmware Corruption?,What security measures are unable to prevent Firmware Corruption?,False,False,False,True,False,False,True,False,EQUIVALENT,Both questions ask about the same entities (security measures) and the same relationship (inability to prevent Firmware Corruption).
What methods do attackers utilizing SMB/Windows Admin Shares employ to avoid being detected and sustain their presence?,What techniques does SMB/Windows Admin Shares use to evade detection and remain active?,False,False,False,False,False,False,False,False,EQUIVALENT,Both questions ask about the same techniques used by attackers employing SMB/Windows Admin Shares to evade detection and remain active.
How do malicious actors exploit the existing Accessibility Features to bypass or evade security measures?,In what ways does Accessibility Features evade the defenses put in place?,False,False,False,False,False,False,False,False,EQUIVALENT,Both questions ask about the methods used to exploit Accessibility Features to evade security defenses.
What security measures or protective controls could Clear Mailbox Data potentially compromise or disable?,What types of defenses or security controls can Clear Mailbox Data compromise or disable?,False,True,True,False,False,False,False,False,EQUIVALENT,"The paraphrase maintains the same entities and relationship, only varying in surface wording and syntax."
What platforms are typically targeted by malware that utilizes Impair Command History Logging?,What type of platform is often compromised by Impair Command History Logging malware?,False,True,True,False,False,False,True,True,EQUIVALENT,Both questions ask about the platforms typically affected by malware that impairs command history logging.
What platforms typically deploy or execute the System Network Configuration Discovery?,On which platform is System Network Configuration Discovery typically deployed or executed?,False,True,True,True,False,True,True,True,EQUIVALENT,Both questions ask about the platforms where System Network Configuration Discovery is typically deployed or executed.
What methods does Hide Infrastructure employ to bypass security defenses and remain concealed?,What strategies does Hide Infrastructure use to evade security defenses and remain undetected?,False,False,False,False,False,True,False,False,EQUIVALENT,Both questions ask about the same entity (Hide Infrastructure) and the same relationship (methods/strategies for evading security defenses and remaining undetected/concealed).
Which defensive techniques are vulnerable to Identify Roles?,What defensive techniques can be compromised by Identify Roles?,False,False,False,False,False,True,False,False,EQUIVALENT,Both questions ask about the same defensive techniques that can be compromised or are vulnerable to Identify Roles.
What is the primary objective behind RDP Hijacking?,What is the purpose of RDP Hijacking?,False,False,False,False,False,True,False,False,EQUIVALENT,Both questions ask about the main goal or purpose of RDP Hijacking.
What mechanisms does Gatekeeper Bypass employ to circumvent the detection of security software and systems?,How does Gatekeeper Bypass manage to evade the detection of security systems and software?,False,False,False,False,False,False,False,False,EQUIVALENT,Both questions ask about the same mechanisms used by Gatekeeper Bypass to evade detection by security systems and software.
What platforms are System Script Proxy Execution primarily intended for?,What type of platform is System Script Proxy Execution typically designed for?,False,True,True,True,False,False,True,True,EQUIVALENT,"Both questions ask about the primary platform(s) for which System Script Proxy Execution is designed, preserving the same entities and relationship."
What types of security measures can Bidirectional Communication bypass or sidestep?,What defenses can Bidirectional Communication evade or circumvent?,True,False,False,False,False,False,True,False,EQUIVALENT,"The paraphrase maintains the same meaning, entities, and relationship as the original question."
What types of defenses are susceptible to exploitation through Conceal Multimedia Files?,What defense mechanisms are vulnerable to exploitation by Conceal Multimedia Files?,False,False,False,False,False,True,False,True,EQUIVALENT,Both questions ask about the same entities (defense mechanisms) and the same relationship (vulnerability to exploitation by Conceal Multimedia Files).
Which defense mechanisms are susceptible to being compromised through the exploitation of Manipulate App Store Rankings or Ratings?,What defense mechanisms are vulnerable to exploitation by Manipulate App Store Rankings or Ratings?,False,False,False,False,False,False,False,False,EQUIVALENT,Both questions ask about the same defense mechanisms and their vulnerability to the same exploitation technique.
What techniques does Junk Data utilize to bypass security measures?,What methods does Junk Data employ to evade security defenses?,False,False,False,False,False,False,False,False,EQUIVALENT,Both questions ask about the same methods/techniques Junk Data uses to evade/bypass security defenses/measures.
On which platforms does Application or System Exploitation occur or function?,Which platform does Application or System Exploitation target or operate on?,True,True,True,False,False,True,True,True,EQUIVALENT,Both questions ask about the platforms on which Application or System Exploitation occurs or operates.
What security protocols are typically vulnerable to being circumvented by Phishing tactics?,Identify the security protocols that Phishing can circumvent.,False,True,False,True,False,True,False,False,EQUIVALENT,Both questions ask about the same security protocols and the relationship of being circumvented by Phishing.
"What security measures can Direct Volume Access evade, bypass, or disable effectively?","What are the defenses that Direct Volume Access can successfully evade, bypass, or disable?",False,True,True,False,False,False,False,False,EQUIVALENT,"The paraphrase maintains the same entities and relationship, asking about the same security measures that Direct Volume Access can evade, bypass, or disable."
What tactics do Broadcast Receivers use to circumvent the defenses of security systems?,Can you describe the methods by which Broadcast Receivers evades the defenses of security systems?,False,False,False,False,False,False,False,True,EQUIVALENT,Both questions ask about the same entities (Broadcast Receivers and security systems) and the same relationship (methods/tactics to evade/circumvent defenses).
What methods does the Abuse Elevation Control Mechanism utilize to avoid being detected by defense systems?,How does Abuse Elevation Control Mechanism manage to evade detection by defenses?,False,False,False,False,False,True,False,False,EQUIVALENT,Both questions ask about the methods used by the Abuse Elevation Control Mechanism to avoid detection by defense systems.
What are the other names by which the TeamTNT group is also known?,What are the alternate designations of the TeamTNT group?,False,False,False,True,False,False,False,False,EQUIVALENT,Both questions ask for the alternate names or designations of the TeamTNT group.
What security controls are vulnerable to the technique of OS Credential Dumping?,Which security controls are susceptible to OS Credential Dumping?,False,False,False,True,False,False,False,True,EQUIVALENT,Both questions ask about the same security controls and the same technique of OS Credential Dumping.
What security protocols or measures are vulnerable to being compromised or undermined by Wordlist Scanning?,What security protocols or measures can Wordlist Scanning compromise or undermine?,True,False,True,True,False,True,False,False,EQUIVALENT,Both questions ask about the same security protocols or measures that can be compromised or undermined by Wordlist Scanning.
What security protocols are vulnerable to being circumvented or compromised by an Adversary-in-the-Middle?,What security protocols are bypassed or compromised by Adversary-in-the-Middle?,False,False,True,False,False,False,False,False,EQUIVALENT,"The paraphrase maintains the same entities and relationship, only varying the surface wording."
What does DNS/Passive DNS ultimately aim to identify or track?,What is the ultimate target of DNS/Passive DNS?,False,False,False,False,False,False,False,False,NOT_EQUIVALENT,"The original question asks for the ultimate target of DNS/Passive DNS, while the paraphrase asks about what DNS/Passive DNS aims to identify or track, which could imply a different scope or intent."
What techniques do Third-party Software employ to bypass the defenses of security systems?,Can you describe the methods by which Third-party Software evades the defenses of security systems?,False,False,False,False,False,True,False,False,EQUIVALENT,Both questions ask about the techniques or methods used by Third-party Software to evade or bypass security system defenses.
What are the known aliases of the notorious group known as the Aquatic Panda?,What are the pseudonyms of the Aquatic Panda group?,False,False,False,True,False,False,False,False,EQUIVALENT,"The paraphrase preserves the original question's meaning, asking for the pseudonyms/aliases of the Aquatic Panda group."
What techniques does Asynchronous Procedure Call utilize to circumvent security systems?,What methods does Asynchronous Procedure Call employ to evade security defenses?,False,False,False,False,False,False,False,False,EQUIVALENT,Both questions ask about the same methods/techniques used by Asynchronous Procedure Call to evade/circumvent security defenses/systems.
How does Modify Parameter manage to bypass the existing security measures?,In what ways does Modify Parameter evade the defenses put in place?,True,False,False,False,False,True,True,False,EQUIVALENT,Both questions ask about the methods Modify Parameter uses to evade or bypass security defenses.
What defense mechanisms can be bypassed by an Attack PC via USB Connection?,Which defense strategies can be evaded by Attack PC via USB Connection?,True,False,True,True,False,True,True,False,EQUIVALENT,Both questions ask about the same defense strategies/mechanisms that can be bypassed by an Attack PC via USB Connection.
Which defense mechanisms can be compromised by JavaScript exploits?,What defense mechanisms are vulnerable to exploitation by JavaScript?,False,False,False,False,False,False,False,False,EQUIVALENT,Both questions ask about the same defense mechanisms and their vulnerability to JavaScript exploitation.
What is the primary target platform for Subvert Trust Controls attacks?,Which platform serves as the primary focus for Subvert Trust Controls attacks?,False,True,True,True,False,True,True,True,EQUIVALENT,Both questions ask for the primary platform targeted by Subvert Trust Controls attacks.
What is the purpose of a Domain Account?,What is the intention behind Domain Account?,False,False,False,False,False,False,False,False,EQUIVALENT,"Both questions ask about the purpose or intention behind a Domain Account, referring to the same entity and relationship."
On what operating systems or platforms is Modify System Image typically executed or deployed?,On which platform is Modify System Image typically deployed or executed?,True,True,True,True,False,True,True,True,EQUIVALENT,Both questions ask about the platforms or operating systems where Modify System Image is typically executed or deployed.
What methods do attackers employing Premium SMS Toll Fraud use to bypass or evade existing security measures?,What defenses can Premium SMS Toll Fraud evade or circumvent?,False,False,False,True,False,True,False,False,EQUIVALENT,Both questions ask about the methods used to evade or circumvent defenses against Premium SMS Toll Fraud.
On which systems does DLL Search Order Hijacking typically occur?,Which platform does DLL Search Order Hijacking target or operate on?,True,False,True,True,False,False,True,False,EQUIVALENT,Both questions ask about the systems or platforms where DLL Search Order Hijacking occurs.
What security defense evasion techniques are used by an Internet Accessible Device?,What methods does Internet Accessible Device employ to evade security defenses?,False,False,False,False,False,False,False,False,EQUIVALENT,Both questions ask about the same methods or techniques used by Internet Accessible Devices to evade security defenses.
What is Firmware primarily intended for use on?,What type of platform is Firmware typically designed for?,False,True,True,False,False,True,True,False,EQUIVALENT,Both questions ask about the primary platform or use case for Firmware.
What is the last reported time frame for the operation known as Operation Wocao?,What was the last known activity time for Operation Wocao?,False,False,False,False,True,False,False,False,EQUIVALENT,Both questions ask for the last known or reported time frame of Operation Wocao.
Which security features are vulnerable to the exploits of a Malicious File?,What security features are bypassed by Malicious File?,False,False,False,True,False,True,False,False,EQUIVALENT,Both questions ask about the security features that are compromised by a Malicious File.
What platforms are frequently targeted by malware that leverages the Cloud Instance Metadata API?,What type of platform is often compromised by Cloud Instance Metadata API malware?,False,False,False,False,False,False,False,False,EQUIVALENT,Both questions ask about the platforms frequently targeted by malware using the Cloud Instance Metadata API.
What is the fundamental purpose of Automated Collection?,What is the primary objective of a Automated Collection?,True,False,False,False,False,False,False,False,EQUIVALENT,"Both questions ask for the main goal or purpose of Automated Collection, using synonymous terms."
What is the primary focus area of Peirates concentrated on?,What platform does Peirates have its core focus on?,False,False,False,False,False,False,False,False,EQUIVALENT,"Both questions ask about the main focus of Peirates, preserving the entity and the relationship."
What platforms do Regsvcs/Regasm typically run on?,On which platform is Regsvcs/Regasm typically deployed or executed?,False,True,True,True,False,True,True,True,EQUIVALENT,Both questions ask about the platforms on which Regsvcs/Regasm are typically deployed or executed.
What is the primary purpose of Data Staged?,What is the main objective of Data Staged?,False,False,False,False,False,False,False,False,EQUIVALENT,"The paraphrase preserves the original meaning, asking about the main objective/purpose of Data Staged."
What security controls or defenses may be compromised or disabled by Re-opened Applications?,What types of defenses or security controls can Re-opened Applications compromise or disable?,True,False,False,False,False,False,False,True,EQUIVALENT,"The paraphrase maintains the same entities and relationship, asking about the security controls or defenses that can be compromised or disabled by Re-opened Applications."
What types of security controls are ineffective against Sudo?,What security measures are unable to prevent Sudo?,False,False,False,False,False,False,True,False,EQUIVALENT,Both questions ask about the same entities (security measures/controls) and the same relationship (ineffectiveness against Sudo).
What platform is typically targeted by malware that utilizes the Exploit TEE Vulnerability?,What type of platform is often compromised by Exploit TEE Vulnerability malware?,False,True,True,False,False,False,False,True,EQUIVALENT,Both questions ask about the type of platform commonly affected by malware that exploits TEE vulnerabilities.
What primary purpose do Code Signing Certificates serve on a given platform?,For which platform is Code Signing Certificates primarily intended?,False,True,True,True,False,False,False,True,NOT_EQUIVALENT,"The original question asks about the platform for which Code Signing Certificates are primarily intended, while the paraphrase asks about the primary purpose of Code Signing Certificates on a given platform, changing the focus from the platform to the purpose."
When did the 2016 Ukraine Electric Power Attack take place?,At what point in time did 2016 Ukraine Electric Power Attack last occur?,False,False,False,False,False,False,False,False,EQUIVALENT,Both questions ask for the time when the 2016 Ukraine Electric Power Attack occurred.
What security measures can Rename System Utilities potentially evade or bypass?,What are the security controls or measures that Rename System Utilities can bypass or evade?,False,True,True,False,False,True,True,True,EQUIVALENT,"The paraphrase maintains the same entities and relationship, asking about the security measures that Rename System Utilities can evade or bypass."
What system does the Mythic software support?,What system does Mythic cater to?,False,False,True,False,False,False,False,False,EQUIVALENT,"Both questions ask about the system that Mythic supports/caters to, preserving the same entity and relationship."
What is the primary objective associated with Uncommonly Used Port?,What is the primary goal of Uncommonly Used Port?,False,False,True,False,False,False,False,False,EQUIVALENT,"The paraphrase maintains the same entities and relationship, only altering the surface wording."
What types of security measures are vulnerable to exploitation by a Botnet?,What defensive techniques can be compromised by Botnet?,False,True,False,True,False,True,False,False,EQUIVALENT,Both questions ask about the same entities (defensive techniques/security measures) and the same relationship (compromised by/vulnerable to exploitation by a Botnet).
What defensive techniques are vulnerable to a Data Historian Compromise?,What defensive techniques can be compromised by Data Historian Compromise?,False,False,False,False,False,False,False,False,EQUIVALENT,Both questions ask about the defensive techniques that can be affected by a Data Historian Compromise.
What security measures can Malware evade or bypass through?,What are the security controls or measures that Malware can bypass or evade?,False,False,False,False,False,False,False,False,EQUIVALENT,Both questions ask about the same security measures and the same relationship of evasion or bypassing by Malware.
What methods enable SSH Hijacking to successfully breach or penetrate security systems and defenses?,How does SSH Hijacking manage to breach or penetrate security systems and defenses?,False,False,False,False,False,False,True,False,EQUIVALENT,Both questions ask about the methods or ways SSH Hijacking breaches security systems and defenses.
What is the purpose of an External Remote Services attack?,What is the objective of an External Remote Services attack?,False,False,False,False,False,False,False,False,EQUIVALENT,"The terms ""objective"" and ""purpose"" are synonymous in this context, preserving the meaning and intent of the original question."
What security measures do Threat Intel Vendors typically employ evasion techniques against?,What techniques does Threat Intel Vendors use to bypass security measures?,False,False,False,False,False,False,False,True,EQUIVALENT,"Both questions ask about the techniques Threat Intel Vendors use to evade security measures, preserving the same entities and relationship."
On what typical platform does Component Object Model Hijacking occur?,On which platform is Component Object Model Hijacking typically deployed or executed?,True,True,True,True,False,True,True,True,EQUIVALENT,Both questions ask about the typical platform where Component Object Model Hijacking occurs.
What security vulnerabilities or weaknesses does Subvert Trust Controls target or take advantage of?,What are the security weaknesses or vulnerabilities that Subvert Trust Controls exploits or leverages?,False,True,False,False,False,False,False,False,EQUIVALENT,Both questions ask about the same security vulnerabilities or weaknesses that Subvert Trust Controls exploits or leverages.
What platform is Confluence specifically intended to operate on?,On which platform is Confluence designed to function effectively?,False,True,True,True,False,True,True,True,EQUIVALENT,Both questions ask about the specific platform on which Confluence is designed to function.
What is Rogue Wi-Fi Access Points primarily designed for use on?,What platform is Rogue Wi-Fi Access Points specifically tailored for?,False,True,True,False,False,False,True,False,EQUIVALENT,Both questions ask about the specific platform or use case for which Rogue Wi-Fi Access Points are designed.
What platform is primarily linked to the SILENTTRINITY malware?,What is the main platform associated with SILENTTRINITY?,False,True,False,False,False,False,False,False,EQUIVALENT,Both questions ask about the primary platform associated with SILENTTRINITY.
What type of platform is targeted or exploited by the Denial of View attack?,Which platform does Denial of View target or operate on?,False,False,True,True,False,True,False,True,EQUIVALENT,Both questions ask about the platform targeted or operated on by the Denial of View attack.
What vulnerabilities or weaknesses does External Defacement typically target or take advantage of?,What are the security weaknesses or vulnerabilities that External Defacement exploits or leverages?,True,False,False,False,False,False,True,False,EQUIVALENT,Both questions ask about the same vulnerabilities or weaknesses that External Defacement exploits.
What defense mechanisms are vulnerable to Malicious Shell Modification?,Which defense strategies can be evaded by Malicious Shell Modification?,False,False,False,False,False,False,False,False,EQUIVALENT,Both questions ask about the same entities (defense strategies/mechanisms) and the same relationship (vulnerability to Malicious Shell Modification).
"What security systems or defenses can Permission Groups Discovery potentially compromise, disable, or circumvent?","What types of defenses or security systems can Permission Groups Discovery compromise, disable, or bypass?",True,False,True,False,False,False,False,False,EQUIVALENT,"The paraphrase maintains the same entities and relationship, only varying the surface wording and syntax."
What platforms does the Standard Cryptographic Protocol specifically target or operate on?,Which platform does Standard Cryptographic Protocol target or operate on?,False,True,False,True,False,True,True,True,EQUIVALENT,"The paraphrase maintains the same entities and relationship, only broadening the scope slightly with ""platforms"" instead of ""platform,"" which does not change the core meaning."
Which countermeasures fail to be effective against the Authentication Package?,What countermeasures are ineffective against Authentication Package?,False,False,False,False,False,False,False,False,EQUIVALENT,"Both questions ask about the same entities and relationship, seeking countermeasures that are ineffective against the Authentication Package."
What security measures can potentially be compromised or disabled by assigning the Add Office 365 Global Administrator Role?,What types of defenses or security controls can Add Office 365 Global Administrator Role compromise or disable?,False,True,False,False,False,False,False,False,EQUIVALENT,Both questions ask about the same security measures that can be compromised or disabled by the Add Office 365 Global Administrator Role.
What security features can be circumvented by Taint Shared Content?,What security features are bypassed by Taint Shared Content?,True,True,True,False,False,False,True,False,EQUIVALENT,Both questions ask about the same security features and the relationship of being bypassed or circumvented by Taint Shared Content.
What security controls are vulnerable to the Masquerade Task or Service?,Which security controls are susceptible to Masquerade Task or Service?,False,False,False,True,False,False,True,False,EQUIVALENT,"The paraphrase maintains the same meaning, entities, and relationship as the original question."
What security controls are vulnerable to exploitation through the Windows Command Shell?,Which security controls are susceptible to Windows Command Shell?,False,False,True,True,False,False,False,False,EQUIVALENT,Both questions ask about the same security controls and their vulnerability to the Windows Command Shell.
Which security measures are susceptible to exploitation by Credentials from Password Stores?,What defense mechanisms are vulnerable to exploitation by Credentials from Password Stores?,True,False,False,True,False,False,False,False,EQUIVALENT,Both questions ask about the same entities (defense mechanisms/security measures) and the same relationship (vulnerability to exploitation by Credentials from Password Stores).
What methods does Environmental Keying utilize to avoid being detected and sustain its malicious presence?,What techniques does Environmental Keying use to evade detection and remain active?,False,False,False,False,False,False,False,False,EQUIVALENT,"The paraphrase maintains the same entities and relationship, asking about the techniques/methods Environmental Keying uses to evade detection and remain active."
What other names are associated with the TA2541 group?,What are the alternate designations of the TA2541 group?,False,False,False,True,False,False,False,False,EQUIVALENT,Both questions ask for the alternate names or designations of the TA2541 group.
How do attackers typically employ Downgrade to Insecure Protocols to bypass the defenses of security systems?,Can you describe the methods by which Downgrade to Insecure Protocols evades the defenses of security systems?,False,False,False,False,False,False,True,False,EQUIVALENT,Both questions ask about the methods used to evade security systems through Downgrade to Insecure Protocols.
What is the primary goal of exploiting Access Calendar Entries?,What is the objective of an Access Calendar Entries attack?,False,False,False,False,False,True,False,True,EQUIVALENT,Both questions ask about the main purpose or goal of the Access Calendar Entries attack.
What is the core objective of Symmetric Cryptography?,What is the primary goal of Symmetric Cryptography?,False,False,False,False,False,False,False,False,EQUIVALENT,Both questions ask for the main purpose or primary goal of Symmetric Cryptography.
What security features does Timestomp typically evade or circumvent?,What security features are bypassed by Timestomp?,False,True,True,False,False,True,False,False,EQUIVALENT,Both questions ask about the same security features and the relationship of being bypassed or evaded by Timestomp.
"What PowerShell scripts are a hallmark of, and what asset is the focal point of, the Triada attack pattern?","What asset is at the center of the attack pattern that utilizes PowerShell scripts, a distinguishing feature of the Triada?",False,False,False,False,True,False,True,False,EQUIVALENT,Both questions ask about the same asset and the relationship between PowerShell scripts and the Triada attack pattern.
What countermeasure is most likely to effectively mitigate the risks posed by PlugX?,What defensive strategy is most effective in mitigating the risks associated with PlugX?,False,True,True,True,True,False,True,True,EQUIVALENT,"Both questions ask about the most effective method to mitigate risks associated with PlugX, using different but synonymous terms."
"What kind of target asset is typically compromised by the Sykipot, often using PowerShell scripts as part of its attack strategy?","What type of asset is the Sykipot typically designed to compromise, often employing PowerShell scripts in its attack?",False,True,False,False,False,False,True,False,EQUIVALENT,Both questions ask about the type of asset typically compromised by Sykipot and mention the use of PowerShell scripts in its attack.
What attack pattern is utilized by the Ginp?,What type of attack pattern does the Ginp employ?,False,False,False,False,False,False,False,False,EQUIVALENT,"Both questions ask about the attack pattern used by Ginp, preserving the same entities and relationship."
How might operating on Windows Registers contribute to preventing the dissemination of the Cerberus attack pattern?,In what way can the course of action that involves operating on Windows Registers help to prevent the spread of Cerberus and its associated attack pattern?,False,False,False,False,False,False,False,False,EQUIVALENT,Both questions ask about the same relationship between operating on Windows Registers and preventing the spread of the Cerberus attack pattern.
What malware tools such as AuTo Stealer are typically associated with which type of attack pattern?,What kind of attack pattern is characteristic of malware tools like AuTo Stealer?,False,False,False,False,False,True,True,False,EQUIVALENT,Both questions ask about the attack pattern characteristic of malware tools like AuTo Stealer.
"What asset is primarily targeted by the attack pattern that utilizes PowerShell scripts, as seen in the BOOTRASH?","What asset is the main focus of the attack pattern that incorporates PowerShell scripts, used by the BOOTRASH?",False,False,False,False,True,False,True,False,EQUIVALENT,"Both questions ask about the primary asset targeted by the attack pattern that uses PowerShell scripts, as associated with BOOTRASH."
How does the malware associated with the American campaigns attributed to Ajax Security Team execute its malicious operations?,In what way does the malware used in American campaigns attributed to Ajax Security Team conduct its attack?,False,False,False,False,False,False,False,False,EQUIVALENT,Both questions ask about the method of attack used by the malware in American campaigns attributed to Ajax Security Team.
What asset is being targeted by the attack pattern that utilizes PowerShell scripts operated by the gh0st?,Which asset is the target of the attack pattern that employs PowerShell scripts used by the gh0st?,False,False,False,False,True,False,False,False,EQUIVALENT,Both questions ask about the same asset targeted by the same attack pattern using PowerShell scripts by the gh0st.
What asset typically becomes the focus of an attack that leverages PowerShell scripts as part of the POSHSPY tactic?,What asset is usually targeted by the attack pattern that utilizes PowerShell scripts as a tool of the POSHSPY?,False,False,False,False,True,True,True,False,EQUIVALENT,Both questions ask about the same asset targeted by the same attack pattern using PowerShell scripts in the context of POSHSPY.
What impact do modular backdoor behaviors have on the progression of a MuddyWater operation?,How do the behaviors of a modular backdoor influence the progression of a MuddyWater campaign?,False,False,False,False,False,False,True,False,EQUIVALENT,Both questions ask about the impact of modular backdoor behaviors on the progression of a MuddyWater campaign/operation.
What tactics can be employed to identify the malicious operations associated with the malware operated by the group behind Operation CuckooBees?,How can we detect the malicious activities of the malware used by the group responsible for Operation CuckooBees?,True,True,True,False,True,True,True,True,EQUIVALENT,Both questions ask about methods to identify the malicious activities/operations of the malware used by the group responsible for Operation CuckooBees.
What course of action targets Windows Registers and mitigates an attack pattern associated with the presence of DCSrv?,"What attack pattern is mitigated by the course of action that targets Windows Registers, and is associated with the presence of DCSrv?",False,False,False,False,False,False,False,False,NOT_EQUIVALENT,"The original question asks for the attack pattern mitigated by a specific course of action, while the paraphrase asks for the course of action that mitigates the attack pattern."
To what extent does the implementation of Connection Proxy Mitigation reduce the consequences of a worm attack?,To what extent does Connection Proxy Mitigation mitigate the impact of worm?,True,True,True,True,True,True,True,True,EQUIVALENT,Both questions ask about the extent to which Connection Proxy Mitigation reduces the impact of a worm attack.
What action taken on Windows Registers could potentially prevent the OSX/Shlayer attack pattern from unfolding?,How can the course of action that involves operating on Windows Registers help to prevent the attack pattern associated with OSX/Shlayer?,False,False,False,False,False,False,False,False,EQUIVALENT,"Both questions ask about the same action on Windows Registers to prevent the same attack pattern, OSX/Shlayer."
"What is the primary target of the attack pattern that leverages PowerShell scripts, as employed by the Zen?","What asset is the main focus of the attack pattern that incorporates PowerShell scripts, used by the Zen?",False,False,False,False,True,False,False,False,EQUIVALENT,"Both questions ask about the primary target or main focus of the attack pattern that uses PowerShell scripts, as employed by the Zen."
What types of attack patterns are typically utilized by Dendroid to disperse and compromise systems?,What kind of attack pattern is commonly used by Dendroid to spread and infect systems?,False,False,False,False,False,False,False,False,EQUIVALENT,"The paraphrase maintains the same entities and relationship, asking about the types of attack patterns used by Dendroid to spread and infect systems."
Can Resource Hijacking Mitigation techniques effectively stop the spread of a worm?,Can Resource Hijacking Mitigation prevent the propagation of worm?,True,True,True,False,True,True,True,True,EQUIVALENT,"The paraphrase maintains the same entities (Resource Hijacking Mitigation, worm) and the same relationship (preventing propagation/spread)."
What methods are typically used by malicious software to obtain unauthorized access to users' bank account information?,How do malware programs steal bank account details?,False,False,False,False,False,False,False,False,EQUIVALENT,Both questions ask about the methods used by malware to access bank account details.
What is the main target of the attack pattern that utilizes PowerShell scripts as a key component of Kwampirs?,"What asset is the primary target of the attack pattern that employs PowerShell scripts, a key component of the Kwampirs?",False,False,False,False,True,False,False,False,EQUIVALENT,Both questions ask about the main target of the attack pattern that uses PowerShell scripts as a key component of Kwampirs.
What attack pattern is typically linked to the exploitation of DEATHRANSOM malware?,What is the attack pattern associated with DEATHRANSOM tools?,False,False,False,False,False,False,False,False,EQUIVALENT,"Both questions ask about the attack pattern associated with DEATHRANSOM tools, preserving the same entities and relationship."
What attack pattern is employed by the tool known as USBStealer?,What is the attack pattern utilized by the tool associated with the USBStealer?,True,False,True,True,True,True,True,False,EQUIVALENT,Both questions ask about the attack pattern used by the tool USBStealer.
What measures can be implemented to avoid the installation of TangleBot on a system?,What crucial step can be taken to prevent the installation of TangleBot on a system?,False,False,True,False,True,True,True,False,EQUIVALENT,Both questions ask about the same measures to prevent the installation of TangleBot on a system.
What asset is typically targeted by an attack employing PowerShell scripts as a component of the 4H RAT?,What asset is usually targeted by the attack pattern that utilizes PowerShell scripts as a tool of the 4H RAT?,False,True,False,False,True,False,True,False,EQUIVALENT,Both questions ask about the same asset targeted by the same attack pattern using PowerShell scripts in the context of the 4H RAT.
What type of attack pattern is typically employed by DRATzarus?,Which attack pattern does DRATzarus usually utilize?,False,False,False,False,False,False,False,False,EQUIVALENT,Both questions ask about the typical attack pattern used by DRATzarus.
What malicious tactics does the WastedLocker employ to execute its operations?,What kind of attack pattern does the WastedLocker use to carry out its malicious activities?,False,False,False,False,False,False,False,False,EQUIVALENT,Both questions ask about the specific tactics or attack patterns used by WastedLocker for its malicious activities.
What malware technique is utilized by the malware in American campaigns associated with the Chimera threat actor?,What attack technique does the malware employed in American campaigns attributed to Chimera utilize?,False,False,False,False,False,False,False,False,EQUIVALENT,Both questions ask about the same malware technique used in American campaigns linked to the Chimera threat actor.
What steps can a network administrator take to mitigate the impact of Mori on a computer network?,What countermeasure can be taken to minimize the effects of Mori on a computer network?,False,True,True,True,False,False,True,False,EQUIVALENT,"Both questions ask about the same entities (Mori, computer network) and the same relationship (mitigation steps)."
What impact do modular backdoors have within the scope of a Ke3chang operation?,What effects do the actions of a modular backdoor have in the context of a Ke3chang campaign?,False,False,True,False,False,False,False,False,EQUIVALENT,Both questions ask about the impact of modular backdoors in the context of a Ke3chang campaign.
What asset is primarily targeted by the attack pattern that incorporates PowerShell scripts as part of the Saint Bot?,What asset is primarily affected by the attack pattern that utilizes PowerShell scripts as part of the Saint Bot?,False,False,False,False,True,False,True,False,EQUIVALENT,Both questions ask about the primary asset affected/targeted by the attack pattern involving PowerShell scripts in the Saint Bot.
What asset is being targeted by an attack pattern that utilizes PowerShell scripts associated with Tangelo?,Which asset is the target of the attack pattern that employs PowerShell scripts used by the Tangelo?,False,False,False,False,True,False,True,True,EQUIVALENT,Both questions ask about the same asset targeted by the same attack pattern using PowerShell scripts associated with Tangelo.
What level of effectiveness does Transmitted Data Manipulation Mitigation have in countering the threat of worm attacks?,How well does Transmitted Data Manipulation Mitigation protect against worm attacks?,True,True,True,True,True,True,True,True,EQUIVALENT,Both questions ask about the effectiveness of Transmitted Data Manipulation Mitigation in protecting against worm attacks.
What asset is typically targeted by an attack that leverages PowerShell scripts as part of the MirageFox attack pattern?,What asset is usually targeted by the attack pattern that utilizes PowerShell scripts as a tool of the MirageFox?,False,True,False,False,False,False,False,False,EQUIVALENT,Both questions ask about the same asset targeted by the same attack pattern using PowerShell scripts in the context of MirageFox.
What domains did the perpetrators of Operation Wocao use malware for launching their DDoS attacks against?,What domains did the group behind Operation Wocao target with their DDoS attacks using malware?,False,False,False,False,False,False,False,False,EQUIVALENT,Both questions ask about the same entities (domains targeted by the group behind Operation Wocao) and the same relationship (DDoS attacks using malware).
What are the malicious tactics employed by the Woody RAT to conduct its cyber attacks?,What kind of attack pattern does the Woody RAT use to carry out its malicious activities?,False,False,False,False,False,False,False,False,EQUIVALENT,Both questions ask about the tactics or attack patterns used by the Woody RAT for its malicious activities.
What malicious activities does the OopsIE execute by employing its attack pattern?,What kind of attack pattern does the OopsIE use to carry out its malicious activities?,False,False,False,False,False,False,False,False,EQUIVALENT,"Both questions ask about the malicious activities of OopsIE and its attack pattern, preserving the same entities and relationship."
What measures can be implemented to mitigate the impact of Egregor on a computer network?,What countermeasure can be taken to minimize the effects of Egregor on a computer network?,False,True,True,True,False,True,True,True,EQUIVALENT,Both questions ask about the same measures to reduce the impact of Egregor on a computer network.
How can taking control of Windows Registers impact the dissemination of Pisloader and its affiliated malicious tactics?,In what way can the course of action that involves operating on Windows Registers help to prevent the spread of Pisloader and its associated attack pattern?,False,False,False,False,False,False,False,False,EQUIVALENT,Both questions ask about the impact of operating on Windows Registers to prevent the spread of Pisloader and its related attack patterns.
What tool is primarily linked to the attack pattern employed by Kinsing?,What is the primary attack pattern associated with the tool employed by the Kinsing?,False,False,False,False,False,False,False,False,NOT_EQUIVALENT,"The original question asks for the primary attack pattern associated with the tool, while the paraphrase asks for the tool linked to the attack pattern."
What steps can be taken to prevent and minimize the impact of the Android/Chuli.A threat?,What method can effectively prevent and mitigate the damage caused by Android/Chuli.A?,False,True,True,True,True,True,True,True,EQUIVALENT,"Both questions ask about methods to prevent and reduce the impact of the Android/Chuli.A threat, maintaining the same entities and relationship."
What step must be taken to avert the installation of EvilBunny on a system?,What crucial step can be taken to prevent the installation of EvilBunny on a system?,False,False,False,False,False,False,True,False,EQUIVALENT,Both questions ask about the same crucial step to prevent the installation of EvilBunny on a system.
What attack pattern is typically employed by the entity known as Hi-Zor?,Which attack pattern does Hi-Zor usually utilize?,False,False,False,False,False,False,False,False,EQUIVALENT,Both questions ask about the typical attack pattern used by Hi-Zor.
How does the modular backdoor's behavior contribute to the objectives of a Patchwork campaign?,What is the role of a modular backdoor's behavior in facilitating the goals of a Patchwork campaign?,False,False,False,False,False,False,False,False,EQUIVALENT,Both questions ask about the contribution of a modular backdoor's behavior to the objectives of a Patchwork campaign.
What kind of attack pattern is utilized by the Briba?,What type of attack pattern does the Briba employ?,False,False,False,False,False,False,False,False,EQUIVALENT,Both questions ask about the type of attack pattern used by the Briba.
What are the implications of a modular backdoor within the scope of a Mofang operation?,What effects do the actions of a modular backdoor have in the context of a Mofang campaign?,False,False,False,False,False,False,False,False,EQUIVALENT,Both questions ask about the consequences of a modular backdoor in the context of a Mofang campaign.
What type of attack pattern is employed by the FunnyDream tool to compromise systems?,What type of attack pattern is used by the FunnyDream's tool to compromise systems?,True,True,True,True,True,True,True,False,EQUIVALENT,"The paraphrase preserves the original meaning, entities, and relationship being asked about."
"What type of attack pattern can be thwarted by a course of action centered on manipulating Windows Registers, particularly in the context of Pillowmint?","What type of attack pattern can be prevented by the course of action that involves operating on Windows Registers, specifically in relation to Pillowmint?",False,False,False,False,False,False,False,False,EQUIVALENT,"The paraphrase maintains the same entities (Windows Registers, Pillowmint) and the same relationship (type of attack pattern that can be prevented/thwarted)."
What level of protection does CMSTP Mitigation offer against worm-related cyber threats?,How well does CMSTP Mitigation protect against worm attacks?,True,True,True,True,True,True,True,True,EQUIVALENT,Both questions ask about the level of protection CMSTP Mitigation provides against worm attacks.
What cybersecurity measures help prevent and mitigate attacks from the threat actor DDKONG?,What key component of cybersecurity helps to prevent and mitigate the attacks of DDKONG?,False,False,True,True,True,False,False,True,EQUIVALENT,"Both questions ask about the same cybersecurity measures to prevent and mitigate attacks by the same threat actor, DDKONG."
What methods can be used to prevent and mitigate the malware tactics employed by the groups associated with C0011?,How can we prevent and remediate the malware methods employed by groups involved in C0011?,False,False,False,False,False,False,False,False,EQUIVALENT,Both questions ask about the same methods to prevent and mitigate malware tactics used by the same groups associated with C0011.
What type of attack pattern can be thwarted by a course of action that involves manipulating Windows Registers in relation to X-Agent?,"What type of attack pattern can be prevented by the course of action that involves operating on Windows Registers, specifically in relation to X-Agent?",False,False,False,False,False,False,False,False,EQUIVALENT,Both questions ask about the same attack pattern and the same course of action involving Windows Registers in relation to X-Agent.
What measures can be taken to prevent the dissemination of the Skeleton Key?,What strategy should be implemented to prevent the spread of Skeleton Key?,True,True,True,True,True,True,True,True,EQUIVALENT,Both questions ask about the same entities (Skeleton Key) and the same relationship (prevention of spread/dissemination).
"What type of asset is commonly targeted by VBShower, which often utilizes PowerShell scripts as part of its attack strategy?","What type of asset is the VBShower typically designed to compromise, often employing PowerShell scripts in its attack?",False,True,False,False,True,False,True,False,EQUIVALENT,Both questions ask about the type of asset targeted by VBShower and its use of PowerShell scripts.
What asset is commonly targeted in the attack pattern that utilizes PowerShell scripts as part of the Dridex operation?,"What asset is typically compromised by the attack pattern involving PowerShell scripts, which is used by the Dridex?",False,False,False,False,False,True,False,False,EQUIVALENT,Both questions ask about the same asset targeted by the same attack pattern involving PowerShell scripts used by Dridex.
What measures can be taken to effectively minimize the risks associated with the notorious Crimson threat?,What defensive strategy is most effective in mitigating the risks associated with Crimson?,False,True,False,True,True,False,True,True,EQUIVALENT,Both questions ask about the most effective measures to minimize the risks associated with the Crimson threat.
What characteristic attack pattern is associated with the tool employed by the Conficker?,What attack pattern is characteristic of the tool used by the Conficker?,True,True,True,True,True,True,True,True,EQUIVALENT,Both questions ask about the same attack pattern characteristic of the tool used by the Conficker.
What type of attack pattern does the tool that utilizes SHARPSTATS employ?,What type of attack pattern is employed by the tool that SHARPSTATS utilizes?,True,False,True,False,True,True,True,False,NOT_EQUIVALENT,"The original question asks about the attack pattern employed by the tool that SHARPSTATS utilizes, while the paraphrase asks about the attack pattern employed by the tool that utilizes SHARPSTATS, reversing the relationship."
What impact does a modular backdoor's functionality have on the operational dynamics of an Inception campaign?,How does a modular backdoor's behavior affect the dynamics of a Inception campaign?,False,False,True,False,False,False,False,False,EQUIVALENT,Both questions ask about the impact of a modular backdoor's behavior/functionalality on the dynamics/operational dynamics of an Inception campaign.
What kind of malware technique does SodaMaster usually use to compromise computer systems?,What type of attack does SodaMaster typically employ to infect systems?,False,False,False,False,False,False,False,False,EQUIVALENT,"Both questions ask about the typical method SodaMaster uses to infect or compromise systems, using synonymous terms."
Which asset is primarily impacted by an attack pattern that leverages PowerShell scripts within the CrossRAT?,What asset is primarily affected by the attack pattern that utilizes PowerShell scripts as part of the CrossRAT?,False,False,False,False,True,False,True,False,EQUIVALENT,Both questions ask about the same asset affected by the same attack pattern using PowerShell scripts in CrossRAT.
What course of action operating on Windows Registers is specifically related to mitigating the DustySky attack pattern?,"What attack pattern is mitigated by the course of action that operates on Windows Registers, and is specifically related to DustySky?",False,False,False,False,False,False,False,False,EQUIVALENT,Both questions ask about the same course of action that mitigates the DustySky attack pattern by operating on Windows Registers.
What domains were targeted by the group behind C0033 as part of their DDoS attacks conducted via malware?,What domains did the group behind C0033 target with their DDoS attacks using malware?,False,False,True,False,True,False,False,False,EQUIVALENT,Both questions ask about the same entities (domains targeted by the group behind C0033) and the same relationship (DDoS attacks using malware).
What Windows Registers-related mitigation action is associated with the presence of GravityRAT malware?,"What attack pattern is mitigated by the course of action that targets Windows Registers, and is associated with the presence of GravityRAT?",False,False,False,False,False,False,False,False,NOT_EQUIVALENT,"The paraphrased question omits the specific attack pattern being mitigated and instead focuses on the mitigation action related to Windows Registers, changing the scope of the question."
What method is primarily used to mitigate the effects of BUBBLEWRAP on a system's overall security?,Which key approach helps to neutralize the impact of BUBBLEWRAP on a system?,False,True,True,True,True,False,True,True,EQUIVALENT,Both questions ask about the primary method to counteract the effects of BUBBLEWRAP on a system's security.
What steps can be taken to prevent the FALLCHILL attack pattern by utilizing operations on Windows Registers?,How can the course of action that involves operating on Windows Registers help to prevent the attack pattern associated with FALLCHILL?,False,False,False,False,False,False,False,False,EQUIVALENT,"Both questions ask about the same entities (Windows Registers, FALLCHILL attack pattern) and the same relationship (prevention through operations on Windows Registers)."
Would employing Disabling Security Tools Mitigation constitute a viable approach to countering worm infections?,Can Disabling Security Tools Mitigation be considered a successful strategy for combating worm?,True,True,True,True,True,True,True,True,EQUIVALENT,Both questions ask about the effectiveness of Disabling Security Tools Mitigation as a strategy to combat worm infections.
What countermeasure is commonly utilized to mitigate the NotPetya threat?,What crucial tactic is employed to counter the threat posed by NotPetya?,True,False,True,True,True,True,True,True,EQUIVALENT,Both questions ask about the same tactic or countermeasure used to address the NotPetya threat.
What impact do the characteristics of a modular backdoor have on the unfolding of an ALLANITE operation?,How do the behaviors of a modular backdoor influence the progression of a ALLANITE campaign?,False,False,False,False,False,False,False,False,EQUIVALENT,Both questions ask about the influence of modular backdoor behaviors on the progression of an ALLANITE campaign.
Which systems or networks are vulnerable to the propagation of a worm?,What platforms are susceptible to the actions of a worm?,False,True,False,False,False,True,False,True,EQUIVALENT,Both questions ask about the same entities (platforms/systems or networks) and the same relationship (susceptibility to worm actions/propagation).
What countermeasures can be implemented to prevent or mitigate potential DustySky threats?,What proactive measure can be taken to protect against DustySky attacks?,False,True,True,True,True,True,True,True,EQUIVALENT,"Both questions ask about measures to protect against DustySky attacks, preserving the same entities and relationship."
What countermeasure is utilized to neutralize the threat emanating from QuietSieve?,What crucial tactic is employed to counter the threat posed by QuietSieve?,False,True,True,False,True,False,True,False,EQUIVALENT,Both questions ask about the same tactic or countermeasure used to address the threat from QuietSieve.
"What key component is central to the attack pattern characterized by the use of PowerShell scripts, a notable hallmark of Gelsemium?","What asset is at the center of the attack pattern that utilizes PowerShell scripts, a distinguishing feature of the Gelsemium?",False,False,False,False,False,False,False,False,EQUIVALENT,"Both questions ask about the same asset central to the attack pattern that uses PowerShell scripts, a hallmark of Gelsemium."
What actions would a modular backdoor's presence entail within a HAFNIUM campaign?,What are the consequences of a modular backdoor's actions within a HAFNIUM campaign?,False,False,False,False,False,False,False,False,NOT_EQUIVALENT,"The original question asks about the consequences of the backdoor's actions, while the paraphrase asks about the actions themselves."
What systems is SPACESHIP primarily known to compromise using a particular attack pattern?,What is the primary attack pattern used by SPACESHIP to compromise systems?,False,False,False,False,False,False,False,False,NOT_EQUIVALENT,"The original question asks for the primary attack pattern used by SPACESHIP, while the paraphrased question asks about the systems compromised by a particular attack pattern, shifting the focus."
What method of attack is commonly associated with the actions of Amadey?,What type of attack does Amadey typically employ to infect systems?,False,False,False,False,False,False,False,False,EQUIVALENT,Both questions ask about the common method of attack used by Amadey to infect systems.
What typical attack patterns are associated with the malware tool known as Maze?,"What is the typical attack pattern used by malware tools, specifically Maze?",False,False,False,True,True,True,True,False,EQUIVALENT,Both questions ask about the typical attack patterns associated with the specific malware tool known as Maze.
What kind of attack pattern does BADFLICK utilize?,What type of attack pattern does the BADFLICK employ?,False,False,False,False,False,False,False,False,EQUIVALENT,"The paraphrase preserves the original meaning, asking about the same entity (BADFLICK) and the same relationship (type of attack pattern)."
What malware tools are employed by the individuals behind the operation known as Operation Dream Job?,What are the malware tools used by the group responsible for the operation Operation Dream Job?,False,True,True,True,False,False,False,False,EQUIVALENT,Both questions ask about the same malware tools used by the same group responsible for Operation Dream Job.
What proactive steps can be implemented to safeguard against the threat of Triada attacks?,What proactive measure can be taken to protect against Triada attacks?,True,True,True,True,True,True,True,True,EQUIVALENT,"Both questions ask about proactive measures to protect against Triada attacks, using synonymous terms."
What type of attack pattern is commonly employed by Carbon to spread malware and infect systems?,What kind of attack pattern is commonly used by Carbon to spread and infect systems?,False,False,False,False,False,False,False,False,EQUIVALENT,"The paraphrase preserves the original meaning, entities, and relationship, with only superficial changes in wording."
"What attack pattern is typically associated with the malware employed by the Bouncing Golf group in American campaigns, and what are the specifics of its tactics?","What attack pattern is commonly linked to the malware used in American campaigns attributed to the Bouncing Golf group, and how does",False,False,False,False,False,False,False,False,EQUIVALENT,"Both questions ask about the same attack pattern and malware used by the Bouncing Golf group in American campaigns, with the paraphrase slightly rephrasing the query for specifics."
What techniques does CARROTBAT usually utilize to compromise systems?,What type of attack does CARROTBAT typically employ to infect systems?,False,False,False,False,False,False,False,False,EQUIVALENT,"Both questions ask about the methods CARROTBAT uses to infect or compromise systems, preserving the same entities and relationship."
How does a modular backdoor's behavior affect the progression of an operation referred to as a Sharpshooter campaign?,How do the behaviors of a modular backdoor influence the progression of a Sharpshooter campaign?,False,False,False,False,False,False,True,False,EQUIVALENT,"The paraphrase maintains the same entities and relationship, only altering the surface wording and syntax."
What attack pattern is most commonly linked to the tool utilized by TERRACOTTA?,What is the primary attack pattern associated with the tool employed by the TERRACOTTA?,True,True,True,True,True,True,True,False,EQUIVALENT,Both questions ask for the primary/most common attack pattern associated with the tool used by TERRACOTTA.
What are the potential repercussions of a modular backdoor's operations within a known APT29 operation?,What are the consequences of a modular backdoor's actions within a APT29 campaign?,True,False,False,False,False,False,True,True,EQUIVALENT,"The paraphrase maintains the same entities and relationship, only varying in surface wording."
Can InstallUtil Mitigation be viewed as an effective tactic in countering worm attacks?,Can InstallUtil Mitigation be considered a successful strategy for combating worm?,True,True,True,True,True,True,True,True,EQUIVALENT,Both questions ask about the effectiveness of InstallUtil Mitigation in combating worm attacks.
"What is the asset most commonly targeted by the attack method characterized by the use of PowerShell scripts, which is a hallmark of Cryptoistic tactics?","What asset is frequently compromised by the attack pattern that involves PowerShell scripts, a hallmark of the Cryptoistic?",False,True,False,False,True,True,False,False,EQUIVALENT,"Both questions ask about the same asset targeted by the same attack pattern involving PowerShell scripts, which is a hallmark of Cryptoistic tactics."
What malicious activities does the Turian tool execute?,How does the Turian tool carry out its malicious operations?,True,True,True,True,True,False,True,False,EQUIVALENT,Both questions ask about the malicious activities or operations of the Turian tool.
"What systems do the attackers typically target with the ZxShell tool, and what is the attack pattern used to compromise them?",What type of attack pattern is used by the ZxShell's tool to compromise systems?,False,False,False,False,False,False,False,False,NOT_EQUIVALENT,The paraphrased question introduces a new element (target systems) that was not present in the original question.
"What feature of an attack pattern is centered on the use of PowerShell scripts, which is a characteristic that distinguishes the Allwinner?","What asset is at the center of the attack pattern that utilizes PowerShell scripts, a distinguishing feature of the Allwinner?",False,False,False,False,False,False,False,False,NOT_EQUIVALENT,"The original question asks about the asset at the center of the attack pattern, while the paraphrase asks about the feature of the attack pattern."
What are the impacts of the malicious actions carried out by groups involved in Operation Sharpshooter on the systems compromised by their malware?,What effects do the malicious activities of groups participating in Operation Sharpshooter have on the systems infected by their malware?,True,False,True,False,True,False,True,True,EQUIVALENT,Both questions ask about the impacts of the malicious activities of groups involved in Operation Sharpshooter on the systems affected by their malware.
What RemoteCMD tool is known for employing a particular attack pattern?,What is the attack pattern utilized by the tool associated with the RemoteCMD?,True,False,False,False,True,False,False,False,NOT_EQUIVALENT,The paraphrase shifts the focus to identifying the tool rather than the attack pattern it uses.
What malicious activities does the Cryptoistic tool execute through its attack pattern?,What attack pattern does the Cryptoistic tool use to carry out its malicious activities?,False,False,False,True,True,True,True,False,EQUIVALENT,"Both questions ask about the attack pattern and malicious activities of the Cryptoistic tool, preserving the same entities and relationship."
What malicious functions are executed by the CrossRAT through its attack pattern?,What attack pattern does the CrossRAT use to execute its malicious functions?,False,False,False,False,False,False,False,False,EQUIVALENT,Both questions ask about the attack pattern of CrossRAT and the malicious functions it executes.
What measures can be taken to counteract and minimize the tactics utilized by Elderwood?,What are the essential measures to prevent and mitigate the methods employed by Elderwood?,False,False,True,True,True,False,True,False,EQUIVALENT,Both questions ask about the same measures to prevent and mitigate the tactics used by Elderwood.
"What core resource is being targeted by the attack pattern characterized by the use of PowerShell scripts, a key indicator often seen in the YAHOYAH?","What asset is at the center of the attack pattern that utilizes PowerShell scripts, a distinguishing feature of the YAHOYAH?",False,False,False,False,False,False,False,False,EQUIVALENT,"Both questions ask about the same core resource targeted by the attack pattern that uses PowerShell scripts, which is a key feature of YAHOYAH."
What primary attack pattern is most commonly linked to the tool utilized by the Squirrelwaffle?,What is the primary attack pattern associated with the tool employed by the Squirrelwaffle?,True,True,True,True,True,True,True,False,EQUIVALENT,Both questions ask for the primary attack pattern associated with the tool used by the Squirrelwaffle.
What methods of attack does NightClub commonly utilize to infect computer systems?,What type of attack does NightClub typically employ to infect systems?,False,False,False,False,False,False,False,False,EQUIVALENT,"Both questions ask about the common methods or types of attack NightClub uses to infect systems, preserving the same entities and relationship."
What asset is primarily targeted by an attack pattern that incorporates PowerShell scripts as part of the P8RAT?,What asset is primarily affected by the attack pattern that utilizes PowerShell scripts as part of the P8RAT?,False,False,False,False,True,False,False,False,EQUIVALENT,Both questions ask about the primary asset affected by the same attack pattern involving PowerShell scripts in P8RAT.
What steps can be taken proactively to safeguard against attacks from Judy?,What proactive measure can be taken to protect against Judy attacks?,True,True,True,True,True,True,True,True,EQUIVALENT,"Both questions ask about proactive measures to protect against attacks from Judy, preserving the same entities and relationship."
"What action pattern, directly associated with the presence of Action RAT, can be mitigated by targeting Windows Registers?","Which attack pattern is prevented by operating on Windows Registers, and is directly linked to the presence of Action RAT?",False,False,False,False,False,False,False,False,EQUIVALENT,"Both questions ask about the same attack pattern, its association with Action RAT, and the mitigation through Windows Registers."
"What type of attack can be mitigated by the course of action that involves manipulating Windows Registers, specifically with regards to the tactics of a Cherry Picker?","What type of attack pattern can be prevented by the course of action that involves operating on Windows Registers, specifically in relation to Cherry Picker?",False,False,False,False,False,False,False,False,EQUIVALENT,Both questions ask about the type of attack that can be prevented or mitigated by manipulating Windows Registers in relation to Cherry Picker tactics.
What malicious operations are typically executed by the FrozenCell tool?,How does the FrozenCell tool carry out its malicious operations?,False,False,True,False,True,False,True,False,EQUIVALENT,Both questions ask about the malicious operations performed by the FrozenCell tool.
What Carbanak primarily utilizes for its malicious operations is which attack pattern?,What is the primary attack pattern associated with the tool employed by the Carbanak?,False,False,False,False,False,False,False,False,EQUIVALENT,"Both questions ask for the primary attack pattern used by Carbanak, maintaining the same entities and relationship."
What technique does the PLEAD tool primarily exploit?,Which attack pattern does the PLEAD's tool rely on?,True,False,False,False,True,False,True,False,EQUIVALENT,Both questions ask about the primary attack pattern or technique used by the PLEAD tool.
What malicious activities are carried out through the use of the BoomBox's attack pattern?,What kind of attack pattern does the BoomBox use to carry out its malicious activities?,False,False,False,False,False,False,False,False,EQUIVALENT,Both questions ask about the malicious activities carried out by the BoomBox's attack pattern.
What strategies does Valid Accounts Mitigation employ to counteract the spread of a worm?,How does Valid Accounts Mitigation address the issue of worm?,True,True,True,True,True,True,True,True,EQUIVALENT,Both questions ask about the strategies or methods used by Valid Accounts Mitigation to address the issue of worms.
"What is the primary target of the attack pattern employing PowerShell scripts, specifically PUNCHBUGGY?","What asset is the main focus of the attack pattern that incorporates PowerShell scripts, used by the PUNCHBUGGY?",False,False,False,False,True,False,False,False,NOT_EQUIVALENT,"The paraphrase incorrectly specifies PUNCHBUGGY as the attack pattern itself, rather than the entity using the attack pattern."
What steps can be taken to prevent the zwShell-related attack pattern by utilizing Windows Registers in a strategic manner?,How can the course of action that involves operating on Windows Registers help to prevent the attack pattern associated with zwShell?,False,False,False,False,False,False,False,False,EQUIVALENT,"Both questions ask about the same entities (Windows Registers, zwShell attack pattern) and the same relationship (prevention strategy)."
What attack pattern is utilized by the tool known as SNUGRIDE?,What type of attack pattern is employed by the tool that SNUGRIDE utilizes?,True,True,True,True,True,False,True,False,EQUIVALENT,Both questions ask about the attack pattern used by the tool SNUGRIDE.
What kind of malware tactics are commonly linked to campaigns conducted by the American perpetrators known as APT34?,What type of malware attack pattern is typically associated with American campaigns linked to the APT34 group?,False,False,False,False,False,False,False,False,EQUIVALENT,Both questions ask about the type of malware tactics or attack patterns associated with American campaigns linked to APT34.
What impact does the implementation of Data Encrypted for Impact Mitigation have on the dissemination of a worm?,What effect does Data Encrypted for Impact Mitigation have on the spread of worm?,True,True,True,False,True,True,True,True,EQUIVALENT,Both questions ask about the impact of Data Encrypted for Impact Mitigation on the spread/dissemination of a worm.
What attack pattern is associated with the presence of Hornbill and is mitigated by manipulating Windows Registers?,"Which attack pattern is prevented by operating on Windows Registers, and is directly linked to the presence of Hornbill?",False,False,False,False,False,False,False,False,EQUIVALENT,"Both questions ask about the same attack pattern, its association with Hornbill, and the mitigation through Windows Registers."
What countermeasures are typically employed to minimize the vulnerabilities linked to Torisma threats?,What defensive strategy is most effective in mitigating the risks associated with Torisma?,False,True,True,False,True,True,True,True,NOT_EQUIVALENT,"The original question asks for the most effective defensive strategy, while the paraphrase asks about typically employed countermeasures, which may not be the most effective."
What countermeasures can be employed to neutralize and reduce the risks associated with admin@338?,What options are available to prevent and mitigate the methods used by admin@338?,True,False,True,True,True,True,True,False,EQUIVALENT,"Both questions ask about methods to prevent and mitigate risks associated with the same entity, admin@338."
What remediation steps are needed to counter the malware tactics employed by groups associated with the FunnyDream malware?,What remediation procedures are required to address the malware tactics used by groups involved in FunnyDream?,False,False,True,True,True,False,False,False,EQUIVALENT,Both questions ask about the same remediation procedures for the same malware tactics used by the same groups involved in FunnyDream.
What measures can be implemented to prevent and counteract the harmful effects of XTunnel?,What method can effectively prevent and mitigate the damage caused by XTunnel?,False,True,True,True,True,True,True,True,EQUIVALENT,"Both questions ask about methods to prevent and mitigate the damage caused by XTunnel, using different but synonymous terms."
What system security strategy is most effective at countering the effects of the Wiper malware?,Which key approach helps to neutralize the impact of Wiper on a system?,True,False,True,True,False,False,False,True,EQUIVALENT,Both questions ask about the most effective method to counter the impact of the Wiper malware on a system.
What countermeasures can be put in place to effectively prevent and minimize the impact of ROKRAT?,What method can effectively prevent and mitigate the damage caused by ROKRAT?,False,True,True,True,True,True,True,True,EQUIVALENT,"Both questions ask about methods to prevent and reduce the impact of ROKRAT, maintaining the same entities and relationship."
What tactic does one utilize to effectively counter the threat emanating from CozyCar?,What crucial tactic is employed to counter the threat posed by CozyCar?,False,False,True,True,True,True,True,True,EQUIVALENT,Both questions ask about the same tactic to counter the threat from CozyCar.
What malicious functions are carried out by the gh0st RAT through its typical attack pattern?,What attack pattern does the gh0st RAT use to execute its malicious functions?,False,False,False,False,False,False,False,False,EQUIVALENT,Both questions ask about the same entities (gh0st RAT) and the same relationship (attack pattern and malicious functions).
What behaviors associated with the malware exploited by the group behind C0027 are primarily detected?,What are the primary detection operations for the behaviors of the malware exploited by the group behind C0027?,False,False,False,False,True,False,True,True,EQUIVALENT,Both questions ask about the primary detection operations for the behaviors of the malware used by the group behind C0027.
What malicious functions does DarkWatchman execute through its specific attack pattern?,What attack pattern does the DarkWatchman use to execute its malicious functions?,False,False,False,False,False,False,False,False,EQUIVALENT,Both questions ask about the same entities (DarkWatchman) and the same relationship (attack pattern and malicious functions).
"What specific attack pattern does the course of action targeting Windows Registers aim to counteract, which is directly associated with EventBot?","What attack pattern is mitigated by the course of action that operates on Windows Registers, and is specifically related to EventBot?",False,False,False,False,False,False,False,False,EQUIVALENT,Both questions ask about the same attack pattern mitigated by a course of action on Windows Registers related to EventBot.
What malware tools have been identified as being utilized by the group behind the operation known as Operation Sharpshooter?,What tools have been identified as being used by malware exploited by the group that conducted the operation Operation Sharpshooter?,False,True,True,True,False,False,False,False,EQUIVALENT,"Both questions ask about the same tools used by the same group in the same operation, preserving the original meaning and entities."
What malware tools were employed by the Bot malware in the course of the Operation Spalax?,What tools were used by the Bot malware to carry out the Operation Spalax?,False,False,True,True,False,False,False,False,EQUIVALENT,Both questions ask about the same tools used by the Bot malware in the context of Operation Spalax.
What propagation method does the tool that utilizes Carbon inherently employ?,Which attack pattern is inherent in the tool that the Carbon uses to spread?,True,False,False,True,True,False,True,False,EQUIVALENT,Both questions ask about the inherent propagation method or attack pattern used by the tool associated with Carbon.
What measures can be taken through operating on Windows Registers to prevent the DownPaper attack pattern from occurring?,How can the course of action that involves operating on Windows Registers help to prevent the attack pattern associated with DownPaper?,False,False,False,False,False,False,False,False,EQUIVALENT,Both questions ask about the same measures to prevent the DownPaper attack pattern by operating on Windows Registers.
Which asset is most susceptible to exploitation via the PowerShell scripts attack pattern that is characteristic of Prestige?,"What asset is most vulnerable to the attack pattern that utilizes PowerShell scripts, which is characteristic of the Prestige?",False,False,False,False,True,False,False,True,EQUIVALENT,Both questions ask about the same asset's vulnerability to the same attack pattern characteristic of Prestige.
What is the primary attack pattern being targeted by the course of action that involves modifying Windows Registers within the context of PULSECHECK?,Which attack pattern is the primary target of the course of action that involves modifying Windows Registers in the context of PULSECHECK?,False,False,False,False,False,False,False,False,EQUIVALENT,Both questions ask for the primary attack pattern targeted by the same course of action within the same context.
What countermeasures can be employed to prevent and counteract the tactics utilized by Stealth Falcon?,What options are available to prevent and mitigate the methods used by Stealth Falcon?,True,False,True,True,True,True,True,False,EQUIVALENT,Both questions ask about the same entities (Stealth Falcon) and the same relationship (prevention and mitigation of methods/tactics).
Can Email Collection Mitigation effectively prevent the spread of worms?,Is Email Collection Mitigation a reliable solution for eliminating worm?,True,True,True,True,True,True,True,True,EQUIVALENT,"Both questions ask about the effectiveness of Email Collection Mitigation in dealing with worms, preserving the same entities and relationship."
What is the central attack pattern being targeted by the course of action that involves altering Windows Registers within the context of Comnie?,Which attack pattern is the primary target of the course of action that involves modifying Windows Registers in the context of Comnie?,False,False,False,False,False,False,False,False,EQUIVALENT,Both questions ask about the same attack pattern targeted by the same course of action within the same context.
"What kind of asset is typically targeted by the EnvyScout for compromise, frequently utilizing PowerShell scripts in its malicious activities?","What type of asset is the EnvyScout typically designed to compromise, often employing PowerShell scripts in its attack?",False,True,False,False,True,False,True,False,EQUIVALENT,Both questions ask about the type of asset targeted by EnvyScout and its use of PowerShell scripts.
What are the attack patterns and implications associated with the malware used in campaigns attributed to Lotus Blossom in the United States?,"Which attack pattern is employed by the malware used in American campaigns attributed to Lotus Blossom, and what are its implications?",False,False,False,False,False,False,False,False,EQUIVALENT,Both questions ask about the same attack pattern and its implications for the malware used in American campaigns attributed to Lotus Blossom.
What asset is predominantly impacted by the malicious activity involving PowerShell scripts as part of the RogueRobin attack pattern?,What asset is primarily affected by the attack pattern that utilizes PowerShell scripts as part of the RogueRobin?,False,False,False,False,False,False,False,False,EQUIVALENT,Both questions ask about the primary asset affected by the RogueRobin attack pattern that uses PowerShell scripts.
Can Exfiltration Over Physical Medium Mitigation be considered a dependable method for eradicating a worm?,Is Exfiltration Over Physical Medium Mitigation a reliable solution for eliminating worm?,True,True,True,True,True,True,True,True,EQUIVALENT,Both questions ask about the reliability of Exfiltration Over Physical Medium Mitigation for eliminating a worm.
What threat mitigation strategy is used to combat the menace presented by BRATA?,What crucial tactic is employed to counter the threat posed by BRATA?,False,True,True,False,True,True,True,True,EQUIVALENT,Both questions ask about the same tactic or strategy used to counter the threat or menace posed by BRATA.
What mitigation strategies does Registry Run Keys / Start Folder Mitigation employ to counter worm-related threats?,How does Registry Run Keys / Start Folder Mitigation address the issue of worm?,True,True,True,True,True,True,True,True,EQUIVALENT,Both questions ask about the same mitigation strategies and the same threat (worms) in the context of Registry Run Keys / Start Folder.
What phases of the kill chain are typically associated with the patterns of tools used by malware employed by groups responsible for the Oldsmar Treatment Plant Intrusion?,Which kill chain phases are characteristic of the patterns exhibited by tools associated with the malware used by groups engaged in the Oldsmar Treatment Plant Intrusion?,True,True,True,True,True,False,True,False,EQUIVALENT,Both questions ask about the kill chain phases associated with the patterns of tools used by malware involved in the Oldsmar Treatment Plant Intrusion.
Will the use of Encrypt Sensitive Information be effective in limiting the spread of a worm outbreak?,Will Encrypt Sensitive Information help to contain the worm outbreak?,True,True,True,True,True,True,True,True,EQUIVALENT,Both questions ask about the effectiveness of Encrypt Sensitive Information in limiting the spread of a worm outbreak.
What are the consequences of a modular backdoor's activities within the context of a MONSOON campaign?,What are the outcomes of a modular backdoor's actions in a MONSOON campaign?,False,False,True,False,True,False,True,False,EQUIVALENT,"The paraphrase maintains the same entities and relationship, only varying in surface wording and syntax."
What is the typical attack methodology employed by Backdoor.Oldrea for disseminating and infecting systems?,What kind of attack pattern is commonly used by Backdoor.Oldrea to spread and infect systems?,False,False,False,False,False,False,False,False,EQUIVALENT,Both questions ask about the same attack pattern or methodology used by Backdoor.Oldrea to spread and infect systems.
"What type of asset does the FALLCHILL typically target, frequently utilizing PowerShell scripts as part of its attack strategy?","What type of asset is the FALLCHILL typically designed to compromise, often employing PowerShell scripts in its attack?",False,True,False,False,True,False,True,False,EQUIVALENT,Both questions ask about the type of asset targeted by FALLCHILL and its use of PowerShell scripts in attacks.
What techniques does the CHEMISTGAMES tool utilize to infiltrate and compromise computer systems?,What type of attack pattern is used by the CHEMISTGAMES's tool to compromise systems?,True,False,False,False,True,False,True,False,EQUIVALENT,"Both questions ask about the methods used by the CHEMISTGAMES tool to compromise systems, preserving the same entities and relationship."
What kind of attack pattern typically employs the technique known as CHOPSTICK?,Which attack pattern does CHOPSTICK usually utilize?,False,False,False,False,False,False,False,False,NOT_EQUIVALENT,"The original question asks about the attack pattern CHOPSTICK uses, while the paraphrase asks about what attack pattern typically employs CHOPSTICK, reversing the subject and object."
What countermeasures can be implemented to effectively mitigate the threat of SideCopy?,What are the necessary countermeasures to take against SideCopy?,True,False,True,False,False,False,True,False,EQUIVALENT,Both questions ask about the same entities (countermeasures and SideCopy) and the same relationship (measures to address the threat).
What method can effectively mitigate the effects of SYNful Knock on a system?,Which key approach helps to neutralize the impact of SYNful Knock on a system?,False,False,True,False,True,False,True,False,EQUIVALENT,Both questions ask about the method to mitigate the effects of SYNful Knock on a system.
What countermeasure is most commonly utilized to neutralize the threat posed by BOULDSPY?,What crucial tactic is employed to counter the threat posed by BOULDSPY?,True,True,True,False,True,False,True,True,EQUIVALENT,Both questions ask about the primary tactic or countermeasure used to address the threat from BOULDSPY.
What attack pattern does NETWIRE typically utilize to disseminate and compromise systems?,What kind of attack pattern is commonly used by NETWIRE to spread and infect systems?,False,False,False,False,False,False,False,False,EQUIVALENT,Both questions ask about the same attack pattern used by NETWIRE to spread and infect systems.
What attack patterns are typically associated with the Get2 suite of tools?,What is the attack pattern associated with Get2 tools?,False,False,False,True,False,True,True,False,EQUIVALENT,"The paraphrase maintains the same entities (attack pattern, Get2 tools) and the same relationship (association), with only a slight broadening in the wording that does not change the core meaning."
"What asset is most susceptible to the SynAck attack pattern, particularly when it employs PowerShell scripts?","What asset is most vulnerable to the attack pattern that utilizes PowerShell scripts, which is characteristic of the SynAck?",False,False,False,False,True,False,True,False,EQUIVALENT,Both questions ask about the same asset's vulnerability to the SynAck attack pattern using PowerShell scripts.
What cybersecurity measures are crucial in countering and minimizing the malicious activities of Valak?,What key component of cybersecurity helps to prevent and mitigate the attacks of Valak?,False,True,True,False,False,False,True,False,EQUIVALENT,Both questions ask about the same cybersecurity measures to prevent and mitigate attacks by Valak.
What malware tools have been utilized by the Bot malware in relation to the C0021?,Which tools have been employed by the Bot malware in the context of the C0021?,False,False,True,False,False,False,False,False,EQUIVALENT,Both questions ask about the same tools used by the Bot malware in the context of C0021.
What countermeasures should be employed to prevent the proliferation of RainyDay?,What strategy should be implemented to prevent the spread of RainyDay?,False,True,True,True,True,True,True,False,EQUIVALENT,Both questions ask about the same strategy or countermeasures to prevent the spread or proliferation of RainyDay.
"What plays a crucial role in countering the malicious activities of BONDUPDATER, effectively preventing and minimizing its potential threats?",What key component of cybersecurity helps to prevent and mitigate the attacks of BONDUPDATER?,True,False,True,False,True,True,True,False,EQUIVALENT,Both questions ask about the key component or crucial role in cybersecurity that helps prevent and mitigate the attacks or malicious activities of BONDUPDATER.
What steps can be taken with Windows Registers to prevent the proliferation of Stealth Mango and its corresponding malicious tactics?,In what way can the course of action that involves operating on Windows Registers help to prevent the spread of Stealth Mango and its associated attack pattern?,False,False,False,False,False,False,False,False,EQUIVALENT,"Both questions ask about the same entities (Windows Registers, Stealth Mango, and its associated/corresponding attack pattern) and the same relationship (preventing the spread/proliferation)."
What countermeasure is most effective in neutralizing the threat associated with OSX_OCEANLOTUS.D?,What crucial tactic is employed to counter the threat posed by OSX_OCEANLOTUS.D?,False,True,True,True,True,False,True,True,NOT_EQUIVALENT,"The original question asks for a crucial tactic, while the paraphrase asks for the most effective countermeasure, which may not be the same."
"What is the primary asset being targeted by an attack pattern that is characterized by the use of PowerShell scripts, a key component of the HAWKBALL?","What asset is at the center of the attack pattern that utilizes PowerShell scripts, a distinguishing feature of the HAWKBALL?",False,False,False,False,True,False,False,False,EQUIVALENT,"Both questions ask about the primary asset targeted by an attack pattern that uses PowerShell scripts, a key feature of HAWKBALL."
What strategies would be effective in countering the tactics employed by CostaRicto?,How can one effectively counter the methods used by CostaRicto?,True,False,True,False,True,False,False,False,EQUIVALENT,Both questions ask about effective strategies to counter the methods or tactics used by CostaRicto.
What is the crucial aspect of cybersecurity that helps to counteract and minimize the impact of Volgmer attacks?,What key component of cybersecurity helps to prevent and mitigate the attacks of Volgmer?,True,True,True,False,True,True,True,True,EQUIVALENT,Both questions ask about the same key component of cybersecurity that helps to prevent and mitigate Volgmer attacks.
What course of action involving Windows Registers can help prevent the exploitation of the vulnerability associated with the FlawedAmmyy attack pattern?,"What type of attack pattern can be prevented by the course of action that involves operating on Windows Registers, specifically in relation to FlawedAmmyy?",False,False,False,False,False,False,False,False,EQUIVALENT,Both questions ask about the same course of action involving Windows Registers to prevent the FlawedAmmyy attack pattern.
Is the implementation of Fallback Channels Mitigation an effective countermeasure against worm attacks?,Is Fallback Channels Mitigation a suitable countermeasure against worm?,True,True,True,True,True,True,True,True,EQUIVALENT,Both questions ask about the effectiveness of Fallback Channels Mitigation as a countermeasure against worm attacks.
What is the key countermeasure employed to mitigate the malicious actions of MiniDuke?,What essential technique is used to combat the malicious activities of MiniDuke?,False,True,True,True,False,True,True,True,EQUIVALENT,Both questions ask about the primary method used to counteract the malicious activities of MiniDuke.
What part does a modular backdoor play in the objectives of a Honeybee operation?,What is the role of a modular backdoor's behavior in facilitating the goals of a Honeybee campaign?,False,False,False,False,False,False,False,False,EQUIVALENT,Both questions ask about the role or part a modular backdoor plays in the goals or objectives of a Honeybee campaign or operation.
How can operating on Windows Registers contribute to mitigating the spread of BOULDSPY and its affiliated attack pattern?,In what way can the course of action that involves operating on Windows Registers help to prevent the spread of BOULDSPY and its associated attack pattern?,False,False,False,False,False,False,False,False,EQUIVALENT,Both questions ask about the same method (operating on Windows Registers) and its effect on preventing the spread of BOULDSPY and its related attack pattern.
What is the main asset being targeted by the attack pattern that utilizes PowerShell scripts as a crucial element of the JSS Loader?,"What asset is the primary target of the attack pattern that employs PowerShell scripts, a key component of the JSS Loader?",False,False,False,False,True,False,False,False,EQUIVALENT,Both questions ask about the main asset targeted by the attack pattern that uses PowerShell scripts as part of the JSS Loader.
What asset is the primary target of an attack pattern that utilizes PowerShell scripts characteristic of the Chameleon?,Which asset is the target of the attack pattern that employs PowerShell scripts used by the Chameleon?,False,False,False,False,True,False,True,False,EQUIVALENT,Both questions ask about the same asset targeted by the same attack pattern using PowerShell scripts associated with the Chameleon.
"What type of asset is often targeted by the attack method characterized by the use of PowerShell scripts, a distinguishing feature of Bisonal?","What asset is frequently compromised by the attack pattern that involves PowerShell scripts, a hallmark of the Bisonal?",False,False,False,False,False,False,True,False,EQUIVALENT,"Both questions ask about the same asset targeted by the same attack method involving PowerShell scripts, which is a hallmark of Bisonal."
What measures can be implemented to mitigate the impact of a Meteor event on a computer network?,What countermeasure can be taken to minimize the effects of Meteor on a computer network?,False,True,True,False,False,True,False,True,EQUIVALENT,Both questions ask about the same measures to reduce the impact of Meteor on a computer network.
What type of asset is commonly exploited in an attack pattern that leverages PowerShell scripts as a component of the Pallas?,What asset is usually targeted by the attack pattern that utilizes PowerShell scripts as a tool of the Pallas?,False,False,False,False,True,False,False,False,EQUIVALENT,Both questions ask about the same asset targeted by the same attack pattern using PowerShell scripts in the context of Pallas.
What measures have been implemented on Windows Registers to counteract the spread of FatDuke?,What course of action on Windows Registers is designed to prevent the spread of FatDuke?,False,False,False,False,False,False,False,False,EQUIVALENT,Both questions ask about the measures or course of action implemented on Windows Registers to prevent or counteract the spread of FatDuke.
What type of malware attack pattern is most commonly linked to campaigns attributed to the MONSOON group in the United States?,What type of malware attack pattern is typically associated with American campaigns linked to the MONSOON group?,False,False,False,False,False,False,False,False,EQUIVALENT,Both questions ask about the type of malware attack pattern associated with campaigns linked to the MONSOON group in the context of the United States.
What characteristic attack pattern is most closely associated with the malware employed in the Carbanak campaigns that targeted American organizations?,Which specific attack pattern is characteristic of the malware used in American campaigns attributed to Carbanak?,False,False,False,False,False,False,False,False,EQUIVALENT,Both questions ask about the specific attack pattern characteristic of the malware used in Carbanak campaigns targeting American organizations.
What system security measure can be implemented to prevent the KeyBoy installation?,What crucial step can be taken to prevent the installation of KeyBoy on a system?,False,True,True,True,False,True,True,True,EQUIVALENT,"Both questions ask about a security measure to prevent the installation of KeyBoy, maintaining the same entities and relationship."
What is the key countermeasure used to neutralize the malevolent actions associated with Sardonic?,What essential technique is used to combat the malicious activities of Sardonic?,False,False,True,False,True,True,True,False,EQUIVALENT,Both questions ask about the primary method to counteract the harmful activities of Sardonic.
What technique is primarily utilized to counteract the harmful actions of Linux Rabbit?,What essential technique is used to combat the malicious activities of Linux Rabbit?,False,False,True,False,True,True,True,True,EQUIVALENT,Both questions ask about the primary technique used to counteract the harmful actions of Linux Rabbit.
What is the primary attack vector typically linked to the tool utilized by the BADNEWS?,What is the primary attack pattern associated with the tool employed by the BADNEWS?,False,True,True,True,False,True,True,True,EQUIVALENT,"The paraphrase maintains the same entities and relationship, only varying in surface wording."
What countermeasures can be implemented to mitigate the impact of Escobar on a computer network?,What countermeasure can be taken to minimize the effects of Escobar on a computer network?,True,True,True,True,False,True,True,True,EQUIVALENT,Both questions ask about the same countermeasures to mitigate the impact of Escobar on a computer network.
Is Access Token Manipulation Mitigation an effective countermeasure against worm attacks?,Can Access Token Manipulation Mitigation be considered a successful strategy for combating worm?,True,True,True,True,True,True,True,True,EQUIVALENT,Both questions ask about the effectiveness of Access Token Manipulation Mitigation in combating worm attacks.
What measures can be taken by manipulating Windows Registers to mitigate the spread of Disco and its affiliated malicious tactics?,In what way can the course of action that involves operating on Windows Registers help to prevent the spread of Disco and its associated attack pattern?,False,False,False,False,False,False,False,False,EQUIVALENT,Both questions ask about the same measures involving Windows Registers to prevent the spread of Disco and its related attack patterns.
What attack methods are commonly employed by malware associated with the notorious LAPSUS$ group in its US-based operations?,What is the typical attack pattern used by malware linked to the LAPSUS$ group in American campaigns?,False,False,False,False,False,False,False,False,EQUIVALENT,Both questions ask about the common attack patterns or methods used by malware linked to the LAPSUS$ group in American or US-based campaigns.
How does taking action on Windows Registers contribute to preventing the dissemination of Cadelspy and its connected attack methodology?,In what way can the course of action that involves operating on Windows Registers help to prevent the spread of Cadelspy and its associated attack pattern?,False,False,False,False,False,False,False,False,EQUIVALENT,"Both questions ask about the same entities (Windows Registers, Cadelspy, and its attack pattern) and the same relationship (how operating on Windows Registers helps prevent the spread of Cadelspy)."
What asset is commonly targeted by the attack pattern employing PowerShell scripts as a component of the FIVEHANDS?,What asset is usually targeted by the attack pattern that utilizes PowerShell scripts as a tool of the FIVEHANDS?,False,False,False,False,True,False,False,False,EQUIVALENT,Both questions ask about the same asset targeted by the same attack pattern using PowerShell scripts in the context of FIVEHANDS.
What attack pattern is characteristic of the tool linked to the SDBot?,What is the attack pattern utilized by the tool associated with the SDBot?,True,True,True,True,True,True,True,False,EQUIVALENT,Both questions ask about the attack pattern associated with the tool linked to the SDBot.
What malicious activities does the RegDuke tool execute through its attack pattern?,What attack pattern does the RegDuke tool use to carry out its malicious activities?,False,False,False,True,True,True,False,False,EQUIVALENT,Both questions ask about the attack pattern of the RegDuke tool and its malicious activities.
What course of action involving manipulation of Windows Registers can effectively counter a malicious attack associated with Linfo?,"What type of malicious attack can be thwarted by the course of action that involves operating on Windows Registers, and is related to Linfo?",False,False,False,False,False,False,False,False,EQUIVALENT,Both questions ask about the same course of action involving Windows Registers to counter a malicious attack related to Linfo.
What is the central attack pattern being targeted by the course of action that alters Windows Registers within the scope of DarkTortilla?,Which attack pattern is the primary target of the course of action that involves modifying Windows Registers in the context of DarkTortilla?,False,False,False,False,False,False,False,False,EQUIVALENT,Both questions ask about the same attack pattern targeted by the same course of action within the same context.
What attack pattern is utilized by the DEATHRANSOM?,What type of attack pattern does the DEATHRANSOM employ?,False,False,False,False,False,False,False,False,EQUIVALENT,Both questions ask about the attack pattern used by DEATHRANSOM.
What are the implications of the attack pattern employed by the malware associated with the American cyber campaigns attributed to APT30?,"Which attack pattern is employed by the malware used in American campaigns attributed to APT30, and what are its implications?",False,False,False,False,False,False,False,False,EQUIVALENT,Both questions ask about the attack pattern used by the malware in American campaigns attributed to APT30 and its implications.
What are the malicious activities that the HyperStack tool executes?,How does the HyperStack tool carry out its malicious operations?,True,False,False,False,True,False,True,False,EQUIVALENT,Both questions ask about the same entities (HyperStack tool) and the same relationship (malicious operations/activities).
What countermeasure is crucial for mitigating the threat emanating from SPACESHIP?,What crucial tactic is employed to counter the threat posed by SPACESHIP?,False,True,True,True,True,False,True,True,EQUIVALENT,Both questions ask about the crucial tactic or countermeasure to mitigate the threat from SPACESHIP.
What SEASHARPEE typically employs in its malicious operations?,What attack pattern is characteristic of the tool used by the SEASHARPEE?,False,False,False,False,False,False,False,False,NOT_EQUIVALENT,The paraphrase changes the focus from the specific attack pattern to a broader description of what SEASHARPEE employs.
What methods can be employed to identify and track the malicious actions of the malware linked to the group behind the FunnyDream operations?,How can we detect the malicious activities of the malware used by the group responsible for FunnyDream?,True,True,False,True,True,True,True,True,EQUIVALENT,Both questions ask about methods to detect and track the malicious activities of the malware associated with the group responsible for FunnyDream.
What malicious activities does the Daserf carry out using its specific attack pattern?,What kind of attack pattern does the Daserf use to carry out its malicious activities?,False,False,False,False,False,False,False,False,EQUIVALENT,Both questions ask about the specific attack pattern used by Daserf to carry out its malicious activities.
What cybersecurity feature is crucial in thwarting and countering the threats posed by Komplex attacks?,What key component of cybersecurity helps to prevent and mitigate the attacks of Komplex?,False,True,True,True,True,False,True,True,EQUIVALENT,Both questions ask about the same key component of cybersecurity that helps to prevent and mitigate Komplex attacks.
What attack pattern is inherent in the mechanism employed by the Komplex to disseminate itself?,Which attack pattern is inherent in the tool that the Komplex uses to spread?,False,False,False,False,False,True,False,False,EQUIVALENT,Both questions ask about the same attack pattern inherent in the tool/mechanism used by the Komplex for spreading.
What countermeasures are required to combat the threats posed by UNC2452?,What are the necessary countermeasures to take against UNC2452?,False,False,False,False,False,False,False,False,EQUIVALENT,Both questions ask for the necessary countermeasures to address the threats from UNC2452.
What malicious activities is the BlackMould tool known to execute through its attack pattern?,What attack pattern does the BlackMould tool use to carry out its malicious activities?,False,False,False,False,True,True,True,False,EQUIVALENT,Both questions ask about the attack pattern of the BlackMould tool and its malicious activities.
What UPPERCUT mitigation approach offers the highest level of risk reduction?,What defensive strategy is most effective in mitigating the risks associated with UPPERCUT?,False,True,False,True,True,True,True,False,EQUIVALENT,Both questions ask for the most effective strategy/approach to mitigate the risks of UPPERCUT.
What asset is primarily targeted by the attack pattern utilizing PowerShell scripts associated with the DarkTortilla?,"What asset is the main focus of the attack pattern that incorporates PowerShell scripts, used by the DarkTortilla?",False,False,False,False,True,False,True,False,EQUIVALENT,Both questions ask about the main asset targeted by the attack pattern involving PowerShell scripts used by DarkTortilla.
What approach should be adopted to prevent the propagation of Keydnap?,What strategy should be implemented to prevent the spread of Keydnap?,True,False,True,False,True,True,True,True,EQUIVALENT,"The paraphrase maintains the same meaning, entities, and relationship as the original question."
What detection methods are most effective for identifying the behaviors of malware attributed to the group behind Operation Ghost?,What are the most effective detection methods for the behaviors of the malware exploited by the group behind Operation Ghost?,True,True,True,True,True,True,True,True,EQUIVALENT,Both questions ask about the most effective detection methods for identifying the behaviors of malware associated with the group behind Operation Ghost.
What malware propagation method is utilized by the EnvyScout tool?,Which attack pattern is inherent in the tool that the EnvyScout uses to spread?,True,False,False,False,True,False,True,False,NOT_EQUIVALENT,"The paraphrase changes the focus from ""attack pattern"" to ""malware propagation method,"" which may not be the same concept."
What attack pattern does OopsIE typically employ?,Which attack pattern does OopsIE usually utilize?,False,False,False,False,False,False,False,False,EQUIVALENT,Both questions ask about the same attack pattern utilized/employed by OopsIE.
What countermeasures should be put in place to prevent the Anubis from spreading further?,What strategy should be implemented to prevent the spread of Anubis?,False,False,True,True,True,False,True,False,EQUIVALENT,Both questions ask about the same strategy or countermeasures to prevent the spread of Anubis.
What is the typical attack pattern associated with the tool employed by Hildegard?,What attack pattern is characteristic of the tool used by the Hildegard?,True,True,True,True,True,True,True,True,EQUIVALENT,"The paraphrase preserves the original meaning, entities, and relationship being asked about."
What asset is most vulnerable to exploitation by an attack pattern that incorporates PowerShell scripts as part of the Sunbird?,What asset is primarily affected by the attack pattern that utilizes PowerShell scripts as part of the Sunbird?,False,False,False,False,True,False,True,False,EQUIVALENT,Both questions ask about the primary asset affected by the attack pattern involving PowerShell scripts in the context of Sunbird.
What type of attack signature is commonly associated with malware tools such as VaporRage?,What kind of attack pattern is characteristic of malware tools like VaporRage?,False,True,False,True,False,False,True,True,EQUIVALENT,Both questions ask about the attack pattern or signature characteristic of malware tools like VaporRage.
What asset is commonly targeted by the attack vector that utilizes PowerShell scripts and is associated with the malware known as WolfRAT?,"What asset is typically compromised by the attack pattern involving PowerShell scripts, which is used by the WolfRAT?",False,False,False,False,False,False,False,False,EQUIVALENT,Both questions ask about the same asset targeted by the same attack pattern involving PowerShell scripts and associated with WolfRAT.
What technique does the malware used in campaigns linked to Operation Wocao typically employ?,What attack technique does the malware employed in American campaigns attributed to Operation Wocao utilize?,False,False,False,False,False,False,False,False,NOT_EQUIVALENT,"The paraphrase drops the specific mention of ""American campaigns"" and the term ""attack technique,"" potentially broadening the scope and changing the focus."
What systems are primarily compromised using the CORESHELL attack pattern?,What is the primary attack pattern used by CORESHELL to compromise systems?,False,False,False,False,False,False,False,False,NOT_EQUIVALENT,"The original question asks for the primary attack pattern used by CORESHELL, while the paraphrased question asks which systems are primarily compromised using the CORESHELL attack pattern."
How do the actions of a modular backdoor align with the goals of a The White Company campaign?,In what ways do the actions of a modular backdoor contribute to the objectives of a The White Company campaign?,False,False,False,False,False,False,False,False,EQUIVALENT,Both questions ask about the alignment of a modular backdoor's actions with the objectives of The White Company campaign.
"What is the central target of the attack pattern that utilizes PowerShell scripts, as employed by the CookieMiner?","What asset is the main focus of the attack pattern that incorporates PowerShell scripts, used by the CookieMiner?",False,False,False,False,True,False,True,False,EQUIVALENT,Both questions ask about the main focus or central target of the attack pattern that uses PowerShell scripts by the CookieMiner.
What issue does Netsh Helper DLL Mitigation specifically target in its function to prevent worm attacks?,How does Netsh Helper DLL Mitigation address the issue of worm?,True,True,True,True,True,False,True,False,EQUIVALENT,Both questions ask about the specific issue that Netsh Helper DLL Mitigation addresses in the context of preventing worm attacks.
What type of malicious attack is typically targeted by a course of action that involves operating on Windows Registers and is associated with the Clop ransomware?,"What type of malicious attack can be thwarted by the course of action that involves operating on Windows Registers, and is related to Clop?",False,False,False,False,False,False,False,False,EQUIVALENT,"Both questions ask about the same type of malicious attack, the same course of action involving Windows Registers, and the same association with Clop."
What steps can be taken to counter and minimize the impact of attacks attributed to the Windigo?,What are the key steps to prevent and mitigate the attacks carried out by Windigo?,False,False,True,False,True,False,True,False,EQUIVALENT,"Both questions ask about the same steps to prevent and mitigate attacks by the same entity, Windigo."
"What attack pattern is prevented through manipulation of Windows Registers, and is directly associated with the presence of MobileOrder?","Which attack pattern is prevented by operating on Windows Registers, and is directly linked to the presence of MobileOrder?",False,False,False,False,False,False,False,False,EQUIVALENT,"The paraphrase maintains the same entities (Windows Registers, MobileOrder) and the same relationship (prevention of an attack pattern) as the original question."
What cybersecurity measure is specifically designed to counteract and minimize the impact of EnvyScout attacks?,What key component of cybersecurity helps to prevent and mitigate the attacks of EnvyScout?,True,True,True,False,True,True,True,True,EQUIVALENT,Both questions ask about the same cybersecurity measure that prevents and mitigates EnvyScout attacks.
"What is the core component of the attack pattern that incorporates PowerShell scripts, a hallmark characteristic of AndroRAT?","What asset is at the center of the attack pattern that utilizes PowerShell scripts, a distinguishing feature of the AndroRAT?",False,False,False,False,False,False,False,False,EQUIVALENT,"Both questions ask about the core component or asset of the attack pattern that uses PowerShell scripts, a characteristic of AndroRAT."
Can the Environmental Keying Mitigation process entirely eliminate the worm threat?,Does Environmental Keying Mitigation effectively neutralize the worm threat?,True,True,True,True,True,True,True,True,EQUIVALENT,Both questions ask about the effectiveness of Environmental Keying Mitigation in neutralizing or eliminating the worm threat.
What kind of malware technique is commonly utilized by Briba to compromise computer systems?,What type of attack does Briba typically employ to infect systems?,False,False,False,False,False,False,False,False,EQUIVALENT,Both questions ask about the specific attack method used by Briba to infect or compromise systems.
What course of action targeting Windows Registers in relation to KEYMARBLE effectively counters which attack pattern?,What attack pattern is effectively countered by the course of action that targets Windows Registers in relation to KEYMARBLE?,False,False,False,False,False,False,False,False,EQUIVALENT,"Both questions ask about the same attack pattern, the same course of action, and the same relationship to KEYMARBLE."
What Windows-related attack pattern is the primary focus of the course of action that involves altering Windows Registers in the context of ABK?,Which attack pattern is the primary target of the course of action that involves modifying Windows Registers in the context of ABK?,False,False,False,False,False,False,False,False,EQUIVALENT,"The paraphrase maintains the same entities (Windows Registers, ABK context) and the same relationship (primary target of the course of action)."
What measures should be implemented proactively to safeguard against STARWHALE attacks?,What proactive measure can be taken to protect against STARWHALE attacks?,False,True,False,False,True,False,True,False,EQUIVALENT,"Both questions ask about proactive measures to protect against STARWHALE attacks, preserving the same entities and relationship."
Which asset is primarily targeted by the attack pattern that incorporates PowerShell scripts as part of the CCBkdr?,What asset is primarily affected by the attack pattern that utilizes PowerShell scripts as part of the CCBkdr?,False,False,False,False,True,False,True,False,EQUIVALENT,Both questions ask about the primary asset affected by the attack pattern involving PowerShell scripts in the CCBkdr.
What type of attack pattern is commonly associated with malware tools such as ObliqueRAT?,What kind of attack pattern is characteristic of malware tools like ObliqueRAT?,False,False,False,True,True,False,True,False,EQUIVALENT,Both questions ask about the type of attack pattern associated with malware tools like ObliqueRAT.
What asset is typically targeted by the attack pattern that leverages PowerShell scripts as a tool of the KOPILUWAK?,What asset is usually targeted by the attack pattern that utilizes PowerShell scripts as a tool of the KOPILUWAK?,False,False,False,False,True,False,False,False,EQUIVALENT,"The paraphrase preserves the original meaning, entities, and relationship, with only superficial changes in wording."
What countermeasure is typically employed to mitigate the harmful actions of Penquin?,What essential technique is used to combat the malicious activities of Penquin?,False,True,True,True,True,True,True,False,EQUIVALENT,Both questions ask about the technique or countermeasure used to combat the harmful activities of Penquin.
What characteristic attack pattern is typically associated with the tool utilized by Kobalos?,What attack pattern is characteristic of the tool used by the Kobalos?,True,True,True,True,True,True,True,True,EQUIVALENT,"The paraphrase maintains the same entities and relationship, asking about the characteristic attack pattern of the tool used by Kobalos."
What countermeasure is most effective in minimizing the threats posed by the Olympic Destroyer?,What defensive strategy is most effective in mitigating the risks associated with Olympic Destroyer?,False,True,True,True,True,True,True,True,EQUIVALENT,Both questions ask about the most effective strategy or countermeasure to reduce the risks or threats posed by the Olympic Destroyer.
What asset is typically targeted by an attack pattern that leverages PowerShell scripts as a component of the Metamorfo?,What asset is usually targeted by the attack pattern that utilizes PowerShell scripts as a tool of the Metamorfo?,False,False,False,False,True,True,True,False,EQUIVALENT,Both questions ask about the same asset targeted by the same attack pattern using PowerShell scripts in the context of Metamorfo.
What technique is crucial for countering the malicious actions of POWRUNER?,What essential technique is used to combat the malicious activities of POWRUNER?,True,False,True,False,True,True,True,True,EQUIVALENT,Both questions ask about the crucial technique for combating the malicious activities/actions of POWRUNER.
What malicious activities does the SslMM tool execute?,How does the SslMM tool carry out its malicious operations?,True,False,False,True,True,False,True,False,EQUIVALENT,Both questions ask about the malicious activities performed by the SslMM tool.
What measures can a network administrator take to mitigate the impact of Xbash on their computer network?,What countermeasure can be taken to minimize the effects of Xbash on a computer network?,False,False,True,True,False,False,True,False,EQUIVALENT,Both questions ask about the same measures to mitigate the impact of Xbash on a computer network.
"What asset is most susceptible to the RCSAndroid attack pattern, particularly the one employing PowerShell scripts?","What asset is most vulnerable to the attack pattern that utilizes PowerShell scripts, which is characteristic of the RCSAndroid?",False,True,False,False,True,False,True,False,EQUIVALENT,Both questions ask about the same asset's vulnerability to the RCSAndroid attack pattern using PowerShell scripts.
What are the typical kill chain stages associated with the attack patterns of malware tools employed by groups related to C0032?,Identify the kill chain stages characteristic of the patterns used by tools associated with malware used by groups involved in the C0032.,True,False,True,True,True,False,True,False,EQUIVALENT,"Both questions ask about the same kill chain stages, patterns, tools, malware, and groups related to C0032."
What is the principal attack pattern that the course of action aimed at altering Windows Registers pertains to within the POWERSOURCE framework?,Which attack pattern is the primary target of the course of action that involves modifying Windows Registers in the context of POWERSOURCE?,False,False,False,False,False,False,False,False,EQUIVALENT,Both questions ask about the primary attack pattern targeted by the course of action involving modifying Windows Registers in the context of POWERSOURCE.
What countermeasure is crucial for neutralizing the Flame threat?,What crucial tactic is employed to counter the threat posed by Flame?,False,True,True,True,True,False,True,True,EQUIVALENT,Both questions ask about the crucial tactic or countermeasure to neutralize the threat posed by Flame.
What Twitoor-related threats can a particular defensive strategy best counteract?,What defensive strategy is most effective in mitigating the risks associated with Twitoor?,True,False,True,False,True,False,True,True,NOT_EQUIVALENT,"The original question asks for the most effective defensive strategy, while the paraphrase asks about the threats a particular strategy can counteract, changing the focus and scope."
What attack pattern is primarily linked to the tool utilized by PowerShower?,What is the primary attack pattern associated with the tool employed by the PowerShower?,True,True,True,True,True,True,True,False,EQUIVALENT,Both questions ask for the primary attack pattern associated with the tool used by PowerShower.
What attack pattern does the tool Javali utilizes employ?,What type of attack pattern is employed by the tool that Javali utilizes?,True,True,True,True,True,True,True,False,EQUIVALENT,Both questions ask about the attack pattern employed by the tool used by Javali.
What countermeasures can be implemented to mitigate the impact of Explosive on a computer network?,What countermeasure can be taken to minimize the effects of Explosive on a computer network?,True,True,True,True,False,True,True,True,EQUIVALENT,Both questions ask about the same countermeasures to reduce the impact of Explosive on a computer network.
What malware techniques are utilized by the malware used in American campaigns attributed to OilRig?,What attack technique does the malware employed in American campaigns attributed to OilRig utilize?,False,False,False,False,False,False,False,False,NOT_EQUIVALENT,The paraphrase broadens the scope from a specific attack technique to general malware techniques.
What is the main target asset targeted by the attack pattern that incorporates PowerShell scripts as a crucial part of the CARROTBAT?,"What asset is the primary target of the attack pattern that employs PowerShell scripts, a key component of the CARROTBAT?",False,False,False,False,True,False,False,False,EQUIVALENT,Both questions ask about the main target asset of the attack pattern that uses PowerShell scripts as a key component of the CARROTBAT.
What impact does Time Providers Mitigation have on the propagation of a worm?,What effect does Time Providers Mitigation have on the spread of worm?,True,True,True,True,True,True,True,True,EQUIVALENT,"The paraphrase maintains the same entities and relationship, only varying in surface wording."
What preventative measure can be implemented to avoid the installation of PACEMAKER on a system?,What crucial step can be taken to prevent the installation of PACEMAKER on a system?,False,True,True,False,True,True,True,True,EQUIVALENT,Both questions ask about the same preventative measure to avoid PACEMAKER installation.
What detection strategies would be most successful in identifying the malicious behaviors exhibited by the malware employed by the group behind Operation Honeybee?,What detection techniques would be effective in identifying the behaviors of the malware used by the group responsible for Operation Honeybee?,True,True,True,False,True,True,True,True,EQUIVALENT,"The paraphrase maintains the same entities and relationship, asking about the detection techniques for identifying the behaviors of the malware used by the group responsible for Operation Honeybee."
What malicious techniques does the Trojan-SMS.AndroidOS.OpFake.a utilize to activate its malicious functionalities?,What attack pattern does the Trojan-SMS.AndroidOS.OpFake.a use to execute its malicious functions?,False,False,False,False,False,False,False,False,EQUIVALENT,Both questions ask about the same malware and its methods for executing malicious functions.
"What kind of malicious attack can be prevented by a course of action that involves modifying Windows Registers, and is associated with DOGCALL?","What type of malicious attack can be thwarted by the course of action that involves operating on Windows Registers, and is related to DOGCALL?",False,False,False,False,False,False,False,False,EQUIVALENT,Both questions ask about the same type of malicious attack that can be prevented by modifying Windows Registers and is related to DOGCALL.
What asset typically gets compromised by the attack pattern employing PowerShell scripts as a component of the SDBot?,What asset is usually targeted by the attack pattern that utilizes PowerShell scripts as a tool of the SDBot?,False,False,False,False,True,False,False,False,EQUIVALENT,Both questions ask about the same asset targeted by the same attack pattern using PowerShell scripts in the context of SDBot.
What function does the behavior of a modular backdoor play in enabling the objectives of a UNC788 operation?,What is the role of a modular backdoor's behavior in facilitating the goals of a UNC788 campaign?,False,False,False,False,False,False,False,False,EQUIVALENT,"Both questions ask about the same entities (modular backdoor, UNC788) and the same relationship (role/function in facilitating/enabling goals/objectives)."
How can operating on Windows Registers potentially hinder the dissemination of the PHOREAL attack pattern and its associated malware?,In what way can the course of action that involves operating on Windows Registers help to prevent the spread of PHOREAL and its associated attack pattern?,False,False,False,False,False,False,False,False,EQUIVALENT,"Both questions ask about the same entities (Windows Registers, PHOREAL, associated attack pattern) and the same relationship (how operating on Windows Registers can prevent the spread)."
What countermeasures would be most effective in countering the security threats posed by the malware known as WolfRAT?,What defensive strategy is most effective in mitigating the risks associated with WolfRAT?,False,True,True,False,False,False,False,False,EQUIVALENT,Both questions ask about the most effective measures to address the security risks posed by WolfRAT.
What steps can be taken to counteract the FrameworkPOS attack pattern by utilizing operations on Windows Registers?,How can the course of action that involves operating on Windows Registers help to prevent the attack pattern associated with FrameworkPOS?,False,False,False,False,False,False,False,False,EQUIVALENT,"Both questions ask about the same entities (Windows Registers, FrameworkPOS attack pattern) and the same relationship (how to prevent/counteract the attack pattern using the specified method)."
What method is most effective in mitigating the effects of Bisonal on a system?,Which key approach helps to neutralize the impact of Bisonal on a system?,False,True,True,False,True,True,True,True,EQUIVALENT,Both questions ask about the most effective approach to mitigate the impact of Bisonal on a system.
What level of protection does Accessibility Features Mitigation offer against worm attacks?,How well does Accessibility Features Mitigation protect against worm attacks?,True,True,True,True,True,True,True,True,EQUIVALENT,Both questions ask about the level of protection provided by Accessibility Features Mitigation against worm attacks.
What measures can be taken to counteract the proliferation of OLDBAIT?,What strategy should be implemented to prevent the spread of OLDBAIT?,False,True,True,True,True,True,True,True,EQUIVALENT,"Both questions ask about methods to prevent the spread or proliferation of OLDBAIT, maintaining the same entities and relationship."
What effect does the behavior of a modular backdoor have on the overall success of operations conducted by the Transparent Tribe?,What is the impact of a modular backdoor's behavior on the overall success of a Transparent Tribe campaign?,False,False,False,False,False,False,False,False,EQUIVALENT,Both questions ask about the impact of a modular backdoor's behavior on the success of Transparent Tribe's operations.
What type of attack strategy does Doki utilize?,What type of attack pattern does the Doki employ?,False,False,False,False,False,False,False,False,EQUIVALENT,"The paraphrase preserves the original meaning, asking about the same entity (Doki) and the same relationship (type of attack pattern/strategy)."
What Windows attack pattern is the main focus of the course of action that involves altering Windows Registers within the context of CreepySnail?,Which attack pattern is the primary target of the course of action that involves modifying Windows Registers in the context of CreepySnail?,False,False,False,False,False,False,False,False,NOT_EQUIVALENT,"The paraphrase incorrectly specifies ""Windows attack pattern"" instead of ""attack pattern,"" potentially narrowing the scope of the question."
What malicious activities are carried out by the RATANKBA tool through its RATANKBA attack pattern?,What attack pattern does the RATANKBA tool use to carry out its malicious activities?,False,False,False,True,True,True,True,False,NOT_EQUIVALENT,"The paraphrase introduces a new constraint by specifying that the activities are carried out through the RATANKBA attack pattern, which was not present in the original question."
What measures should be taken to stop the dissemination of SpicyOmelette?,What strategy should be implemented to prevent the spread of SpicyOmelette?,False,False,False,False,False,False,False,False,EQUIVALENT,"Both questions ask about the same entities and relationship, seeking strategies or measures to prevent the spread of SpicyOmelette."
Identify the common kill chain phases that are characteristic of the malware tactics typically utilized by groups linked to the Night Dragon threat.,Determine the kill chain phases typically associated with the patterns of tools that the malware used by groups involved in the Night Dragon employs.,False,False,False,False,False,False,False,False,EQUIVALENT,Both questions ask about the common kill chain phases associated with the malware tactics used by groups linked to the Night Dragon threat.
What attack pattern is directly associated with Aria-body and prevented by operating on Windows Registers?,"Which attack pattern is prevented by operating on Windows Registers, and is directly linked to the presence of Aria-body?",False,False,False,False,False,False,False,False,EQUIVALENT,"Both questions ask about the same attack pattern, its association with Aria-body, and the prevention method involving Windows Registers."
What system security measure is most effective at countering the influence of HAPPYWORK?,Which key approach helps to neutralize the impact of HAPPYWORK on a system?,False,True,True,False,True,True,True,True,NOT_EQUIVALENT,"The original question asks for a key approach to neutralize the impact, while the paraphrase asks for the most effective system security measure, which introduces a new constraint."
What ZIPLINE tools are typically linked to in attack scenarios?,What is the attack pattern associated with ZIPLINE tools?,False,False,False,False,False,False,False,False,NOT_EQUIVALENT,"The original question asks for the attack pattern associated with ZIPLINE tools, while the paraphrase asks which ZIPLINE tools are linked to attack scenarios, changing the focus from the pattern to the tools themselves."
What course of action targets Windows Registers as a countermeasure against the REvil attack pattern?,What attack pattern is effectively countered by the course of action that targets Windows Registers in relation to REvil?,False,False,False,False,False,False,False,False,EQUIVALENT,Both questions ask about the same course of action that targets Windows Registers to counter the REvil attack pattern.
What methods can be used to counter and minimize the tactics employed by HEXANE?,What options are available to prevent and mitigate the methods used by HEXANE?,True,False,True,False,True,True,True,False,EQUIVALENT,Both questions ask about the same entities (options/methods to counter and minimize) and the same relationship (preventing and mitigating HEXANE's methods/tactics).
What cybersecurity component plays a crucial role in countering the threats of Goopy?,What key component of cybersecurity helps to prevent and mitigate the attacks of Goopy?,False,False,True,False,False,False,True,True,EQUIVALENT,Both questions ask about the same cybersecurity component that helps to prevent and mitigate threats from Goopy.
What attack pattern is typically associated with the tool known as the Kessel?,What is the attack pattern utilized by the tool associated with the Kessel?,True,True,True,True,True,False,True,False,EQUIVALENT,Both questions ask about the attack pattern associated with the tool known as the Kessel.
"What is the core target of an attack pattern that is characterized by the use of PowerShell scripts, a hallmark of the Disco method?","What asset is at the center of the attack pattern that utilizes PowerShell scripts, a distinguishing feature of the Disco?",False,False,False,False,True,False,True,False,EQUIVALENT,"Both questions ask about the core target of an attack pattern that uses PowerShell scripts, a hallmark of the Disco method."
What characteristic attack pattern is associated with the tool utilized by Anubis?,What attack pattern is characteristic of the tool used by the Anubis?,True,True,True,True,True,True,True,True,EQUIVALENT,"The paraphrase preserves the original meaning, entities, and relationship being asked about."
"Which asset is most susceptible to an attack that typically involves the utilization of PowerShell scripts, a hallmark of the PowGoop?","What asset is most vulnerable to the attack pattern that utilizes PowerShell scripts, which is characteristic of the PowGoop?",False,False,False,False,True,False,True,False,EQUIVALENT,"Both questions ask about the same asset's vulnerability to the same attack pattern involving PowerShell scripts, characteristic of PowGoop."
What countermeasures can be implemented to mitigate the impact of Dtrack on a computer network?,What countermeasure can be taken to minimize the effects of Dtrack on a computer network?,True,True,True,True,False,True,True,True,EQUIVALENT,Both questions ask about the same countermeasures to reduce the impact of Dtrack on a computer network.
What type of attack pattern does the Matryoshka tool utilize to compromise systems?,What type of attack pattern is used by the Matryoshka's tool to compromise systems?,True,False,False,True,True,True,True,False,EQUIVALENT,Both questions ask about the type of attack pattern used by the Matryoshka tool to compromise systems.
What malicious actions does the Skeleton Key tool perform?,How does the Skeleton Key tool carry out its malicious operations?,True,False,True,True,False,False,True,False,EQUIVALENT,Both questions ask about the malicious actions performed by the Skeleton Key tool.
What method is used to effectively counteract the NOKKI threat?,What crucial tactic is employed to counter the threat posed by NOKKI?,True,False,False,False,True,True,True,True,EQUIVALENT,Both questions ask about the same tactic or method used to counter the threat posed by NOKKI.
What asset is being targeted by the attack pattern utilizing PowerShell scripts associated with DEADEYE?,Which asset is the target of the attack pattern that employs PowerShell scripts used by the DEADEYE?,False,False,False,False,True,False,True,True,EQUIVALENT,Both questions ask about the same asset targeted by the same attack pattern using PowerShell scripts associated with DEADEYE.
What asset is most susceptible to the Penquin's signature PowerShell script-based attack pattern?,"What asset is most vulnerable to the attack pattern that utilizes PowerShell scripts, which is characteristic of the Penquin?",False,False,False,False,False,False,False,True,EQUIVALENT,"Both questions ask about the same asset's vulnerability to the same attack pattern characteristic of the Penquin, using PowerShell scripts."
What tool does the INSOMNIA attack pattern leverage for its execution?,What is the attack pattern that the INSOMNIA utilizes through its associated tool?,False,False,False,False,False,False,False,False,NOT_EQUIVALENT,"The original question asks for the attack pattern utilized by INSOMNIA through its associated tool, while the paraphrase asks for the tool leveraged by the INSOMNIA attack pattern, shifting the focus from the pattern to the tool."
What malware spread mechanism is intrinsic to the ZergHelper tool?,Which attack pattern is inherent in the tool that the ZergHelper uses to spread?,True,False,False,True,True,False,False,False,NOT_EQUIVALENT,"The paraphrase changes the focus from ""attack pattern"" to ""malware spread mechanism,"" which may not be the same concept."
What is the primary target of the LockerGoga attack pattern that incorporates PowerShell scripts as a crucial element?,"What asset is the primary target of the attack pattern that employs PowerShell scripts, a key component of the LockerGoga ?",False,False,False,False,True,False,False,False,EQUIVALENT,"Both questions ask about the primary target of the attack pattern that uses PowerShell scripts, which is a key component of LockerGoga."
What countermeasure does one employ to mitigate the menace presented by Gelsemium?,What crucial tactic is employed to counter the threat posed by Gelsemium?,False,True,True,True,True,False,False,True,EQUIVALENT,Both questions ask about the same tactic or countermeasure to address the threat or menace posed by Gelsemium.
What course of action that involves Windows Registers specifically targets an attack pattern related to SHUTTERSPEED?,"What attack pattern is mitigated by the course of action that operates on Windows Registers, and is specifically related to SHUTTERSPEED?",False,False,False,False,False,False,False,False,NOT_EQUIVALENT,"The original question asks about the attack pattern mitigated by a course of action, while the paraphrase asks about the course of action that targets an attack pattern, changing the relationship between the entities."
What attack pattern is utilized by the BlackMould tool?,Which attack pattern does the BlackMould's tool rely on?,True,False,True,True,True,False,True,False,EQUIVALENT,Both questions ask about the attack pattern used by the BlackMould tool.
What asset is being targeted by the attack pattern that utilizes PowerShell scripts associated with the TianySpy?,Which asset is the target of the attack pattern that employs PowerShell scripts used by the TianySpy?,False,False,False,False,True,False,True,False,EQUIVALENT,Both questions ask about the same asset targeted by the same attack pattern using PowerShell scripts associated with TianySpy.
What method is most effective in mitigating the effects of Exaramel for Windows on a system?,Which key approach helps to neutralize the impact of Exaramel for Windows on a system?,False,False,True,False,True,True,True,True,EQUIVALENT,Both questions ask about the method to reduce the impact of Exaramel for Windows on a system.
Can a focus on Communication Authenticity be regarded as an effective approach to countering worm attacks?,Can Communication Authenticity be considered a successful strategy for combating worm?,True,True,True,True,True,True,True,True,EQUIVALENT,Both questions ask about the effectiveness of Communication Authenticity as a strategy to combat worm attacks.
What measures should be taken to prevent the malicious software BADFLICK from being installed on a system?,What crucial step can be taken to prevent the installation of BADFLICK on a system?,False,False,True,False,True,True,True,False,EQUIVALENT,"Both questions ask about the same preventive measures for the same software, BADFLICK, on a system."
What are the key tactics and implications associated with the malware attack patterns utilized by the group behind the FIN7 campaigns targeting American entities?,"Which attack pattern is employed by the malware used in American campaigns attributed to FIN7, and what are its implications?",False,False,False,False,False,False,False,False,NOT_EQUIVALENT,"The paraphrase broadens the scope by asking about ""key tactics"" instead of a specific attack pattern and changes the focus from ""American campaigns"" to ""American entities."""
What measures should be taken to stop the proliferation of the Ferocious?,What strategy should be implemented to prevent the spread of Ferocious?,False,False,True,False,False,False,True,False,EQUIVALENT,Both questions ask about the same strategy or measures to prevent the spread or proliferation of Ferocious.
"What is the principal asset being targeted by the attack pattern that utilizes PowerShell scripts, a critical component of yty?","What asset is the primary target of the attack pattern that employs PowerShell scripts, a key component of the yty?",False,False,False,False,True,False,True,False,EQUIVALENT,"Both questions ask about the primary asset targeted by the attack pattern that uses PowerShell scripts, a key/critical component of yty."
What malicious activities does the Samurai tool execute?,How does the Samurai tool carry out its malicious operations?,True,False,False,True,True,False,True,False,EQUIVALENT,Both questions ask about the malicious activities or operations of the Samurai tool.
What SHOTPUT-related threats can a defense strategy most effectively counteract?,What defensive strategy is most effective in mitigating the risks associated with SHOTPUT?,True,True,True,False,False,False,True,False,EQUIVALENT,Both questions ask about the most effective defensive strategy to mitigate SHOTPUT-related risks.
What countermeasures are available to thwart and minimize the tactics employed by FIN13?,What options are available to prevent and mitigate the methods used by FIN13?,True,True,True,True,True,True,True,False,EQUIVALENT,The paraphrase maintains the same entities (FIN13) and the same relationship (prevention and mitigation of methods/tactics).
What cybersecurity components play a crucial role in countering and minimizing the risks associated with Prestige attacks?,What key component of cybersecurity helps to prevent and mitigate the attacks of Prestige?,False,True,True,True,False,False,False,False,EQUIVALENT,Both questions ask about the key components of cybersecurity that help prevent and mitigate Prestige attacks.
What course of action involving Windows Registers can potentially prevent an attack pattern associated with the Sunburst incident?,"What type of attack pattern can be prevented by the course of action that involves operating on Windows Registers, specifically in relation to Sunburst?",False,False,False,False,False,False,False,False,NOT_EQUIVALENT,"The original question asks for the type of attack pattern that can be prevented, while the paraphrased question asks for the course of action that can prevent the attack pattern."
What kind of attack method does the HotCroissant tool employ to infiltrate and compromise systems?,What type of attack pattern is used by the HotCroissant's tool to compromise systems?,True,False,True,True,False,False,True,False,EQUIVALENT,Both questions ask about the type of attack pattern or method used by the HotCroissant tool to compromise systems.
How does taking action on Windows Registers contribute to preventing the spread of Remexi and its linked attack pattern?,In what way can the course of action that involves operating on Windows Registers help to prevent the spread of Remexi and its associated attack pattern?,False,False,False,False,False,False,False,False,EQUIVALENT,Both questions ask about the same relationship between actions on Windows Registers and the prevention of Remexi's spread and its attack pattern.
What countermeasure is primarily used to mitigate the malicious impact of Backdoor.Oldrea?,What crucial tactic is employed to counter the threat posed by Backdoor.Oldrea?,True,True,True,True,True,False,True,True,EQUIVALENT,Both questions ask about the primary tactic or countermeasure used to address the threat of Backdoor.Oldrea.
What systems are typically compromised by PJApps through its primary attack pattern?,What is the primary attack pattern used by PJApps to compromise systems?,False,False,False,False,False,False,False,False,NOT_EQUIVALENT,"The original question asks for the primary attack pattern used by PJApps, while the paraphrased question asks about the systems typically compromised by PJApps through its primary attack pattern, changing the focus from the attack pattern to the systems affected."
What course of action related to operating on Windows Registers is known to prevent the Hydraq attack pattern?,"What type of attack pattern can be prevented by the course of action that involves operating on Windows Registers, specifically in relation to Hydraq?",False,False,False,False,False,False,False,False,NOT_EQUIVALENT,"The original question asks for the type of attack pattern that can be prevented, while the paraphrased question asks for the course of action that prevents the attack pattern."
What types of devices or systems are commonly linked to spyware tactics?,What are the primary platforms associated with spyware techniques?,False,True,False,False,False,True,False,False,NOT_EQUIVALENT,"The original question asks about platforms, while the paraphrase asks about devices or systems, which could include a broader or different set of entities."
What impact does the presence of a modular backdoor have on the overall strategic objectives of a Strider campaign?,What are the implications of a modular backdoor's actions on the overall strategy of a Strider campaign,True,False,True,False,False,False,False,False,EQUIVALENT,Both questions ask about the effect of a modular backdoor on the strategic aspects of a Strider campaign.
What security precautions should be taken to counteract the potential threats from Moafee?,What are the essential security measures to take against the threats posed by Moafee?,False,False,True,False,False,False,True,False,EQUIVALENT,Both questions ask about the same security measures to counteract threats from Moafee.
Does the Deploy Compromised Device Detection Method offer a dependable means of eliminating a worm?,Is Deploy Compromised Device Detection Method a reliable solution for eliminating worm?,True,True,True,True,True,True,True,True,EQUIVALENT,Both questions ask about the reliability of the Deploy Compromised Device Detection Method for eliminating a worm.
"What type of asset is most commonly targeted by the cyber threat associated with the Regin malware, particularly in attacks that utilize PowerShell scripts?","What asset is frequently compromised by the attack pattern that involves PowerShell scripts, a hallmark of the Regin?",False,True,False,False,False,False,False,False,EQUIVALENT,Both questions ask about the same asset targeted by the Regin malware using PowerShell scripts.
What methods can be employed to detect and neutralize the malicious actions taken by malware utilized by the perpetrators of Operation Dust Storm?,What approaches can be used to identify and mitigate the malicious behaviors of the malware exploited by the group behind Operation Dust Storm?,True,False,False,True,True,True,True,True,EQUIVALENT,Both questions ask about the same methods to detect and neutralize the malicious actions of the malware used by the group behind Operation Dust Storm.
What asset tends to be targeted by the Escobar's use of PowerShell scripts as part of its attack pattern?,"What asset is typically compromised by the attack pattern involving PowerShell scripts, which is used by the Escobar?",False,False,False,False,True,True,True,False,EQUIVALENT,Both questions ask about the asset typically compromised by the Escobar's attack pattern involving PowerShell scripts.
What measures have been implemented on Windows Registers to stop the proliferation of ANDROIDOS_ANSERVER.A?,What course of action on Windows Registers is designed to prevent the spread of ANDROIDOS_ANSERVER.A?,False,False,False,False,False,False,False,False,EQUIVALENT,Both questions ask about the measures implemented on Windows Registers to prevent the spread of ANDROIDOS_ANSERVER.A.
What action is taken on Windows Registers to stop the propagation of BlackEnergy?,What course of action on Windows Registers is designed to prevent the spread of BlackEnergy?,False,False,False,False,False,False,False,False,EQUIVALENT,Both questions ask about the same action taken on Windows Registers to prevent the spread of BlackEnergy.
What type of malicious attack can be prevented by a course of action that targets Windows Registers and has a connection to Yahoyah?,"What type of malicious attack can be thwarted by the course of action that involves operating on Windows Registers, and is related to Yahoyah?",False,False,False,False,False,False,False,False,EQUIVALENT,"Both questions ask about the same type of malicious attack, the same course of action involving Windows Registers, and the same connection to Yahoyah."
What method of attack does the Linux Rabbit's tool employ to compromise systems?,What type of attack pattern is used by the Linux Rabbit's tool to compromise systems?,True,False,True,True,True,True,True,True,EQUIVALENT,Both questions ask about the method of attack used by the Linux Rabbit's tool to compromise systems.
What countermeasures should be taken to prevent the propagation of PUNCHBUGGY?,What strategy should be implemented to prevent the spread of PUNCHBUGGY?,False,False,False,False,False,False,True,False,EQUIVALENT,Both questions ask about the same entities (PUNCHBUGGY) and the same relationship (prevention of spread/propagation).
What asset is typically targeted by an attack pattern that utilizes PowerShell scripts in conjunction with Hornbill?,Which asset is the target of the attack pattern that employs PowerShell scripts used by the Hornbill?,False,False,False,False,True,True,True,True,EQUIVALENT,Both questions ask about the same asset targeted by the same attack pattern using PowerShell scripts and Hornbill.
What countermeasure is Saint Bot's threat most effectively countered by?,What crucial tactic is employed to counter the threat posed by Saint Bot?,False,True,True,True,True,True,True,True,EQUIVALENT,Both questions ask for the most effective tactic or countermeasure to counter the threat posed by Saint Bot.
"What course of action, which targets Windows Registers in relation to Bazar, is most effective in countering a specific attack pattern?",What attack pattern is effectively countered by the course of action that targets Windows Registers in relation to Bazar?,False,False,False,False,False,False,False,False,EQUIVALENT,Both questions ask about the same course of action that targets Windows Registers in relation to Bazar and its effectiveness in countering a specific attack pattern.
What malicious techniques does MacSpy employ to execute its illicit operations?,What kind of attack pattern does the MacSpy use to carry out its malicious activities?,False,False,False,False,False,False,False,False,EQUIVALENT,Both questions ask about the specific techniques or attack patterns used by MacSpy for its malicious activities.
What malicious activities does the Denis tool conduct via its adopted attack pattern?,What attack pattern does the Denis tool use to carry out its malicious activities?,False,False,False,True,True,True,True,False,EQUIVALENT,Both questions ask about the attack pattern used by the Denis tool for its malicious activities.
What attack pattern is characteristic of the tool linked to Adups?,What is the attack pattern utilized by the tool associated with the Adups?,True,True,True,True,True,True,True,False,EQUIVALENT,Both questions ask about the attack pattern of the tool associated with Adups.
What attack pattern does IceApple typically utilize?,What type of attack pattern does the IceApple employ?,False,False,False,False,False,False,False,False,EQUIVALENT,"Both questions ask about the attack pattern used by IceApple, preserving the same entities and relationship."
How does the behavior of a modular backdoor contribute to the overall success of a DarkVishnya operation?,What is the impact of a modular backdoor's behavior on the overall success of a DarkVishnya campaign?,False,False,False,False,False,False,False,False,EQUIVALENT,Both questions ask about the same relationship between the behavior of a modular backdoor and the success of a DarkVishnya campaign.
What method is most effective in mitigating the effects of Clambling on a system?,Which key approach helps to neutralize the impact of Clambling on a system?,False,False,False,False,True,False,True,True,EQUIVALENT,Both questions ask about the most effective approach to counteract the impact of Clambling on a system.
What attack pattern is typically associated with malware tools such as Bankshot?,What kind of attack pattern is characteristic of malware tools like Bankshot?,False,True,False,True,False,True,True,True,EQUIVALENT,Both questions ask about the attack pattern characteristic of malware tools like Bankshot.
How can preventing the execution of malicious activities related to Windows Registers hinder the propagation of the Janicab attack pattern?,In what way can the course of action that involves operating on Windows Registers help to prevent the spread of Janicab and its associated attack pattern?,False,False,False,False,False,False,False,False,NOT_EQUIVALENT,"The original question specifies ""operating on Windows Registers"" as a course of action, while the paraphrase changes this to ""preventing the execution of malicious activities related to Windows Registers,"" which alters the scope and nature of the action."
"What is the central asset in the attack pattern characterized by the use of PowerShell scripts, a hallmark of TINYTYPHON?","What asset is at the center of the attack pattern that utilizes PowerShell scripts, a distinguishing feature of the TINYTYPHON?",False,False,False,False,True,False,False,False,EQUIVALENT,"Both questions ask about the central asset in the attack pattern that uses PowerShell scripts, a hallmark of TINYTYPHON."
What is the typical attack pattern employed by SharkBot?,Which attack pattern does SharkBot usually utilize?,False,False,False,False,False,False,False,False,EQUIVALENT,Both questions ask about the typical attack pattern used by SharkBot.
What level of protection does SIP and Trust Provider Hijacking Mitigation offer against worm-related attacks?,How well does SIP and Trust Provider Hijacking Mitigation protect against worm attacks?,True,True,True,True,True,True,True,True,EQUIVALENT,Both questions ask about the level of protection provided by SIP and Trust Provider Hijacking Mitigation against worm attacks.
What methods can be used to counteract the effects of APT16's tactics?,What strategies can be employed to mitigate the impact of APT16's methods?,False,False,True,False,True,False,True,False,EQUIVALENT,Both questions ask about methods to counteract the impact of APT16's techniques.
What action is taken on Windows Registers to halt the dissemination of Mivast?,What course of action on Windows Registers is designed to prevent the spread of Mivast?,False,False,False,False,False,False,False,False,EQUIVALENT,Both questions ask about the same action on Windows Registers to prevent the spread of Mivast.
What tool associated with KeyRaider is used for its attack pattern?,What is the attack pattern that the KeyRaider utilizes through its associated tool?,True,False,False,False,False,False,False,False,EQUIVALENT,Both questions ask about the tool associated with KeyRaider that is used in its attack pattern.
"What PowerShell scripts are commonly associated with, and what asset is at the center of the attack pattern that utilizes the AutoIt backdoor?","What asset is at the center of the attack pattern that utilizes PowerShell scripts, a distinguishing feature of the AutoIt backdoor?",False,False,False,False,False,False,False,False,NOT_EQUIVALENT,"The paraphrase introduces a new question about what PowerShell scripts are commonly associated with, which was not present in the original question."
What measures should be put in place to prevent the proliferation of PyDCrypt?,What strategy should be implemented to prevent the spread of PyDCrypt?,False,True,True,True,True,False,True,False,EQUIVALENT,Both questions ask about the same entities (PyDCrypt) and the same relationship (prevention of spread/proliferation).
What specific countermeasure implemented on Windows Registers aims at halting the dissemination of OnionDuke?,What course of action on Windows Registers is designed to prevent the spread of OnionDuke?,False,False,False,False,False,False,False,False,EQUIVALENT,Both questions ask about the same specific action or countermeasure on Windows Registers to prevent the spread of OnionDuke.
"What type of asset is most susceptible to exploitation through the XcodeGhost attack pattern, which typically involves PowerShell scripts?","What asset is most vulnerable to the attack pattern that utilizes PowerShell scripts, which is characteristic of the XcodeGhost?",False,True,False,False,True,False,True,False,EQUIVALENT,Both questions ask about the most vulnerable asset to the XcodeGhost attack pattern that uses PowerShell scripts.
Does the implementation of Active Directory Configuration serve as an effective tactic in countering the spread of worms?,Can Active Directory Configuration be considered a successful strategy for combating worm?,True,True,True,True,True,True,True,True,EQUIVALENT,"Both questions ask about the effectiveness of Active Directory Configuration in combating worms, preserving the same entities and relationship."
What measures can be implemented to mitigate the impact of Reaver on a computer network?,What countermeasure can be taken to minimize the effects of Reaver on a computer network?,False,True,True,True,False,True,True,True,EQUIVALENT,Both questions ask about the same measures to reduce the impact of Reaver on a computer network.
What type of attack pattern is employed by Bisonal?,What type of attack pattern does the Bisonal employ?,False,False,False,False,False,False,False,False,EQUIVALENT,"Both questions ask about the type of attack pattern used by Bisonal, preserving the same entities and relationship."
On which types of systems do worms most commonly establish an infection?,What are the primary platforms that worms usually infect?,False,True,True,True,True,True,True,True,EQUIVALENT,Both questions ask about the primary systems or platforms that worms typically infect.
What course of action targets Windows Registers and is intended to mitigate the attack pattern associated with the presence of MURKYTOP?,"What attack pattern is mitigated by the course of action that targets Windows Registers, and is associated with the presence of MURKYTOP?",False,False,False,False,False,False,False,False,EQUIVALENT,Both questions ask about the same course of action that targets Windows Registers and mitigates the attack pattern associated with MURKYTOP.
Which asset is most vulnerable to exploitation by the attack pattern that involves the use of PowerShell scripts within the context of KGH_SPY?,What asset is primarily affected by the attack pattern that utilizes PowerShell scripts as part of the KGH_SPY?,False,False,False,False,True,True,False,False,EQUIVALENT,Both questions ask about the primary asset affected by the attack pattern involving PowerShell scripts in the context of KGH_SPY.
What primary attack pattern is typically linked to the tool utilized by StrongPity?,What is the primary attack pattern associated with the tool employed by the StrongPity?,True,True,True,True,True,True,True,False,EQUIVALENT,Both questions ask about the primary attack pattern associated with the tool used by StrongPity.
Which asset is most vulnerable to the malicious activity involving PowerShell scripts as part of the Starloader?,What asset is primarily affected by the attack pattern that utilizes PowerShell scripts as part of the Starloader?,False,True,False,False,True,False,False,False,EQUIVALENT,Both questions ask about the same asset affected by the same attack pattern involving PowerShell scripts in the context of Starloader.
What kind of attack pattern does CoinTicker typically employ?,Which attack pattern does CoinTicker usually utilize?,False,False,False,False,False,False,False,False,EQUIVALENT,"The paraphrase preserves the original meaning, asking about the same entity (CoinTicker) and the same relationship (the attack pattern it usually utilizes)."
What strategy for countering threats is most effective in reducing the risks associated with More_eggs?,What defensive strategy is most effective in mitigating the risks associated with More_eggs?,True,False,True,True,True,True,True,True,EQUIVALENT,"Both questions ask about the most effective strategy to reduce risks associated with More_eggs, preserving the core meaning and entities."
What course of action effectively counters the HALFBAKED attack pattern by targeting Windows Registers?,What attack pattern is effectively countered by the course of action that targets Windows Registers in relation to HALFBAKED?,False,False,False,False,False,False,False,False,EQUIVALENT,Both questions ask about the same course of action that effectively counters the HALFBAKED attack pattern by targeting Windows Registers.
What action on Windows Registers can be taken to counteract the MechaFlounder attack pattern?,How can the course of action that involves operating on Windows Registers help to prevent the attack pattern associated with MechaFlounder?,False,False,False,False,False,False,False,False,EQUIVALENT,Both questions ask about the same action on Windows Registers to counteract the MechaFlounder attack pattern.
What Windows Register targeting course of action is associated with the presence of SUGARDUMP and aims to counteract a specific attack pattern?,"What attack pattern is mitigated by the course of action that targets Windows Registers, and is associated with the presence of SUGARDUMP?",False,False,False,False,False,False,False,False,EQUIVALENT,"Both questions ask about the same course of action targeting Windows Registers, associated with SUGARDUMP, and the attack pattern it mitigates."
What malicious activities does the SDBbot tool execute through its operations?,How does the SDBbot tool carry out its malicious operations?,True,False,True,False,True,False,True,False,EQUIVALENT,Both questions ask about the malicious activities performed by the SDBbot tool.
What measure should be implemented to avert the installation of macOS.OSAMiner on a system?,What crucial step can be taken to prevent the installation of macOS.OSAMiner on a system?,False,False,False,False,False,False,True,True,EQUIVALENT,Both questions ask about the same crucial step or measure to prevent the installation of macOS.OSAMiner on a system.
What is the central attack pattern that a course of action centered around altering Windows Registers is primarily intended to counteract in the context of SLOWDRIFT?,Which attack pattern is the primary target of the course of action that involves modifying Windows Registers in the context of SLOWDRIFT?,False,False,False,False,False,False,False,False,EQUIVALENT,Both questions ask about the primary attack pattern targeted by a course of action involving modifying Windows Registers in the context of SLOWDRIFT.
"What malware, identified as C0015, is associated with which tools?",Which tools have been associated with the Bot malware employed in the C0015?,False,False,False,False,False,False,False,False,NOT_EQUIVALENT,"The paraphrase changes the focus from the tools associated with the Bot malware to the malware itself being identified as C0015, altering the relationship and scope of the question."
"What type of asset is typically targeted by the Bumblebee for compromise, frequently utilizing PowerShell scripts as part of its attack methodology?","What type of asset is the Bumblebee typically designed to compromise, often employing PowerShell scripts in its attack?",False,False,True,False,True,False,True,False,EQUIVALENT,Both questions ask about the type of asset targeted by Bumblebee and the use of PowerShell scripts in its attack.
What types of malware attacks is Exaramel usually associated with?,What type of attack does Exaramel typically employ to infect systems?,False,False,False,False,False,False,False,False,NOT_EQUIVALENT,"The original question asks about a specific type of attack method, while the paraphrase asks about types of malware attacks, which could include a broader range of activities."
What level of protection does Data from Information Repositories Mitigation offer against worm-based cyber threats?,How well does Data from Information Repositories Mitigation protect against worm attacks?,True,True,True,False,True,True,True,True,EQUIVALENT,Both questions ask about the level of protection provided by Data from Information Repositories Mitigation against worm attacks.
What pattern of attack is typically associated with the tool employed by DarkGate?,What attack pattern is characteristic of the tool used by the DarkGate?,True,True,True,True,True,True,True,False,EQUIVALENT,Both questions ask about the characteristic attack pattern of the tool used by DarkGate.
What tool is associated with the characteristic attack pattern of MacMa?,What attack pattern is characteristic of the tool used by the MacMa?,True,False,False,False,False,False,True,False,NOT_EQUIVALENT,"The original question asks for the attack pattern characteristic of the tool used by MacMa, while the paraphrase asks for the tool associated with the characteristic attack pattern of MacMa, changing the focus from the attack pattern to the tool."
"What asset is most susceptible to the EvilBunny attack pattern, which is often associated with PowerShell scripts?","What asset is most vulnerable to the attack pattern that utilizes PowerShell scripts, which is characteristic of the EvilBunny?",False,False,False,False,False,False,False,False,EQUIVALENT,"Both questions ask about the same asset's vulnerability to the EvilBunny attack pattern, which is characterized by the use of PowerShell scripts."
What attack pattern is Waterbear's tool primarily based on?,Which attack pattern does the Waterbear's tool rely on?,True,True,True,True,True,True,True,False,EQUIVALENT,Both questions ask about the primary attack pattern used by Waterbear's tool.
Can the AppCert DLLs Mitigation successfully counteract the worm threat?,Does AppCert DLLs Mitigation effectively neutralize the worm threat?,True,True,True,True,True,True,True,True,EQUIVALENT,Both questions ask about the effectiveness of AppCert DLLs Mitigation in neutralizing or counteracting the worm threat.
What attack pattern is characteristic of the malware known as ViperRAT?,What type of attack pattern is employed by the tool that ViperRAT utilizes?,False,False,False,False,False,False,False,False,NOT_EQUIVALENT,"The original question asks about the attack pattern employed by a tool used by ViperRAT, while the paraphrase asks about the attack pattern characteristic of ViperRAT itself."
What types of attack patterns are typically employed by HALFBAKED to spread and infect computer systems?,What kind of attack pattern is commonly used by HALFBAKED to spread and infect systems?,False,False,False,False,False,False,False,False,EQUIVALENT,"The paraphrase maintains the same entities and relationship, asking about the attack patterns used by HALFBAKED to spread and infect systems."
What is the primary asset targeted by the attack pattern that utilizes PowerShell scripts as a core component of the Crimson?,"What asset is the primary target of the attack pattern that employs PowerShell scripts, a key component of the Crimson?",False,False,False,False,True,False,True,False,EQUIVALENT,Both questions ask about the primary asset targeted by the attack pattern that uses PowerShell scripts as a key component of the Crimson.
What course of action related to GPlayed operates on Windows Registers to mitigate a particular attack pattern?,"What attack pattern is mitigated by the course of action that operates on Windows Registers, and is specifically related to GPlayed?",False,False,False,False,False,False,False,False,EQUIVALENT,Both questions ask about the same course of action that operates on Windows Registers to mitigate an attack pattern related to GPlayed.
What defensive measures can be employed to counteract the potential threats posed by Mongall?,What defensive strategy is most effective in mitigating the risks associated with Mongall?,False,False,True,True,True,True,True,True,EQUIVALENT,Both questions ask about the same defensive strategies to mitigate risks or threats posed by Mongall.
What malicious activities are carried out by the ShiftyBug through its characteristic attack pattern?,What kind of attack pattern does the ShiftyBug use to carry out its malicious activities?,False,False,False,False,False,False,False,False,EQUIVALENT,Both questions ask about the same entities (ShiftyBug) and the same relationship (attack pattern and malicious activities).
What attack pattern is characteristic of the DoubleAgent?,What type of attack pattern does the DoubleAgent employ?,False,False,False,False,False,False,False,False,EQUIVALENT,Both questions ask about the specific attack pattern used by DoubleAgent.
What kind of attack pattern does the Attor tool utilize to infiltrate and compromise systems?,What type of attack pattern is used by the Attor's tool to compromise systems?,False,False,False,True,True,False,True,False,EQUIVALENT,Both questions ask about the type of attack pattern used by the Attor tool to compromise systems.
What attack pattern is typically employed by the Android/Chuli.A malware to breach system security?,What type of attack pattern is used by the Android/Chuli.A's tool to compromise systems?,False,False,False,False,False,False,False,False,EQUIVALENT,Both questions ask about the same attack pattern used by the same malware to compromise systems.
What steps can be taken to mitigate the impact of AuditCred on a computer network?,What countermeasure can be taken to minimize the effects of AuditCred on a computer network?,False,True,True,True,False,True,True,False,EQUIVALENT,Both questions ask about measures to reduce the impact of AuditCred on a computer network.
What type of malicious attack vector is typically employed by KONNI to disseminate and compromise computer systems?,What kind of attack pattern is commonly used by KONNI to spread and infect systems?,False,False,False,False,False,False,False,False,EQUIVALENT,"Both questions ask about the type of attack pattern or vector used by KONNI to spread and infect systems, preserving the same entities and relationship."
What impact do the behaviors of a modular backdoor have on the advancement of a SilverTerrier campaign?,How do the behaviors of a modular backdoor influence the progression of a SilverTerrier campaign?,False,False,True,False,False,False,True,False,EQUIVALENT,Both questions ask about the impact of modular backdoor behaviors on the progression/advancement of a SilverTerrier campaign.
What measures should be implemented to prevent the SLOWDRIFT malware from being installed on a system?,What crucial step can be taken to prevent the installation of SLOWDRIFT on a system?,False,False,False,False,False,False,True,False,EQUIVALENT,"Both questions ask about the same preventive measures for the same malware, SLOWDRIFT, on a system."
"What type of asset is typically targeted by attackers employing the Duqu malware, which is often linked to PowerShell script exploitation?","What asset is frequently compromised by the attack pattern that involves PowerShell scripts, a hallmark of the Duqu?",False,False,False,False,False,False,False,False,EQUIVALENT,"Both questions ask about the type of asset targeted by the Duqu malware, specifically involving PowerShell scripts."
What is the predominant attack vector linked to the tool utilized by Cadelspy?,What is the primary attack pattern associated with the tool employed by the Cadelspy?,True,True,True,True,True,True,True,False,EQUIVALENT,Both questions ask about the main attack method associated with the tool used by Cadelspy.
"What type of asset is commonly targeted by the SNUGRIDE, frequently leveraging PowerShell scripts as part of its attack strategy?","What type of asset is the SNUGRIDE typically designed to compromise, often employing PowerShell scripts in its attack?",False,False,False,False,True,False,False,False,EQUIVALENT,Both questions ask about the type of asset targeted by SNUGRIDE and its use of PowerShell scripts in the attack.
What HOPLIGHT tool is primarily associated with a specific attack pattern?,What is the primary attack pattern associated with the tool employed by the HOPLIGHT?,True,False,False,False,True,False,True,False,NOT_EQUIVALENT,"The paraphrase changes the focus from identifying the attack pattern to identifying the tool, altering the primary relationship being asked about."
What malicious functions does the Starloader execute through its attack pattern?,What attack pattern does the Starloader use to execute its malicious functions?,False,False,False,False,False,False,False,False,EQUIVALENT,"Both questions ask about the same entities (Starloader, attack pattern, malicious functions) and the relationship between them."
What kind of asset is typically targeted by the Bad Rabbit attack pattern that often incorporates PowerShell scripts as a key component?,What asset is usually targeted by the attack pattern that utilizes PowerShell scripts as a tool of the Bad Rabbit?,False,False,False,False,True,False,True,False,EQUIVALENT,Both questions ask about the same asset targeted by the Bad Rabbit attack pattern that uses PowerShell scripts.
What steps can be taken to mitigate the impact of Cobian RAT on a computer network?,What countermeasure can be taken to minimize the effects of Cobian RAT on a computer network?,False,True,True,True,False,True,True,False,EQUIVALENT,"Both questions ask about the same entities (Cobian RAT, computer network) and the same relationship (mitigation steps)."
What countermeasures should be implemented to prevent successful ViperRAT exploitation?,What proactive measure can be taken to protect against ViperRAT attacks?,False,True,False,True,True,False,True,False,EQUIVALENT,"Both questions ask about measures to prevent ViperRAT attacks, maintaining the same entities and relationship."
What is the primary target of the attack pattern that utilizes PowerShell scripts as a critical element of the NetTraveler?,"What asset is the primary target of the attack pattern that employs PowerShell scripts, a key component of the NetTraveler?",False,False,False,False,True,False,False,False,EQUIVALENT,"The paraphrase maintains the same entities and relationship, asking about the primary target of the attack pattern that uses PowerShell scripts in the context of NetTraveler."
What attack pattern is employed by the Taidoor?,What type of attack pattern does the Taidoor employ?,False,False,False,False,False,False,False,False,EQUIVALENT,Both questions ask about the same attack pattern employed by the Taidoor.
What measures on the Windows Registry are intended to contain the proliferation of Trojan.Mebromi?,What course of action on Windows Registers is designed to prevent the spread of Trojan.Mebromi?,False,False,False,False,False,False,False,False,EQUIVALENT,"Both questions ask about the same measures on the Windows Registry to prevent the spread of the same malware, Trojan.Mebromi."
Can Runtime Data Manipulation Mitigation effectively be used as a countermeasure against worm attacks?,Is Runtime Data Manipulation Mitigation a suitable countermeasure against worm?,True,True,True,True,True,True,True,True,EQUIVALENT,Both questions ask about the suitability of Runtime Data Manipulation Mitigation as a countermeasure against worm attacks.
What asset is primarily impacted by the use of PowerShell scripts as part of the Dendroid attack pattern?,What asset is primarily affected by the attack pattern that utilizes PowerShell scripts as part of the Dendroid?,False,False,False,False,False,False,False,True,EQUIVALENT,Both questions ask about the primary asset affected by the Dendroid attack pattern that uses PowerShell scripts.
"What asset is most susceptible to the attack pattern typically associated with PowerShell scripts, a hallmark of the ZxShell?","What asset is most vulnerable to the attack pattern that utilizes PowerShell scripts, which is characteristic of the ZxShell?",False,False,False,False,True,False,False,False,EQUIVALENT,"The paraphrase maintains the same entities and relationship, asking about the most vulnerable asset to the attack pattern associated with PowerShell scripts and ZxShell."
What kind of malicious attack can be prevented by taking a course of action that targets Windows Registers and is associated with the Marcher?,"What type of malicious attack can be thwarted by the course of action that involves operating on Windows Registers, and is related to Marcher?",False,False,False,False,False,False,False,False,EQUIVALENT,"Both questions ask about the same type of malicious attack, the same course of action involving Windows Registers, and the same association with Marcher."
"Which asset is being targeted by the attack pattern that utilizes PowerShell scripts, specifically associated with the Orz?",Which asset is the target of the attack pattern that employs PowerShell scripts used by the Orz?,False,False,False,False,True,False,True,True,EQUIVALENT,Both questions ask about the same asset targeted by the same attack pattern using PowerShell scripts associated with the Orz.
"What malware campaign tactics are typically associated with the Frankenstein group, and what attack patterns are commonly used in their American campaigns?","What attack pattern is commonly linked to the malware used in American campaigns attributed to the Frankenstein group, and how does",False,False,False,False,False,False,False,False,NOT_EQUIVALENT,The paraphrase changes the focus from a specific attack pattern to a broader set of malware campaign tactics and also shifts the emphasis from the malware used in American campaigns to the attack patterns used in those campaigns.
What tactic is primarily used to counteract the threat posed by P8RAT?,What crucial tactic is employed to counter the threat posed by P8RAT?,False,True,True,False,True,True,True,True,EQUIVALENT,Both questions ask about the primary tactic used to counter the threat posed by P8RAT.
What steps can organizations take to safeguard against Industroyer2 attacks in a proactive manner?,What proactive measure can be taken to protect against Industroyer2 attacks?,True,True,True,True,True,True,True,True,EQUIVALENT,"Both questions ask about proactive measures to protect against Industroyer2 attacks, maintaining the same entities and relationship."
What malicious activities does AndroidOS/MalLocker.B conduct through its typical attack pattern?,What kind of attack pattern does the AndroidOS/MalLocker.B use to carry out its malicious activities?,False,False,False,False,False,False,False,False,EQUIVALENT,Both questions ask about the same entities (AndroidOS/MalLocker.B) and the same relationship (attack pattern and malicious activities).
What measures does Service Stop Mitigation implement to counteract worm-related issues?,How does Service Stop Mitigation address the issue of worm?,True,True,True,True,True,True,True,True,EQUIVALENT,Both questions ask about the measures or methods Service Stop Mitigation uses to address worm-related issues.
"What specific attack tactics are commonly employed by malware tools, particularly build_downer?","What is the typical attack pattern used by malware tools, specifically build_downer?",False,True,False,True,False,False,False,False,EQUIVALENT,Both questions ask about the specific attack tactics or patterns used by the malware tool build_downer.
What Linux Rabbit attack pattern exploits which asset most?,"What asset is most vulnerable to the attack pattern that utilizes PowerShell scripts, which is characteristic of the Linux Rabbit?",False,False,False,False,False,False,False,False,NOT_EQUIVALENT,"The paraphrase changes the focus from the specific attack pattern that utilizes PowerShell scripts to a general attack pattern of Linux Rabbit, potentially altering the relationship and scope of the question."
What attack method does the Trojan.Karagany malware primarily utilize?,Which attack pattern does the Trojan.Karagany's tool rely on?,False,False,False,False,False,False,False,False,EQUIVALENT,Both questions ask about the primary attack method or pattern used by the Trojan.Karagany malware.
What is the primary target of the attack pattern that utilizes PowerShell scripts and is associated with Clambling?,"What asset is the main focus of the attack pattern that incorporates PowerShell scripts, used by the Clambling?",False,False,False,False,True,False,True,False,EQUIVALENT,Both questions ask about the primary target of the attack pattern that uses PowerShell scripts and is associated with Clambling.
What impact do the characteristics of a modular backdoor have on the development of a HEXANE campaign?,How do the behaviors of a modular backdoor influence the progression of a HEXANE campaign?,False,False,True,False,False,False,False,False,EQUIVALENT,Both questions ask about the influence of modular backdoor characteristics on the progression/development of a HEXANE campaign.
What steps can be implemented proactively to safeguard against Remexi attacks?,What proactive measure can be taken to protect against Remexi attacks?,True,True,True,True,True,True,True,True,EQUIVALENT,"Both questions ask about proactive measures to protect against Remexi attacks, preserving the same entities and relationship."
How does engaging with Windows Registers impact the containment of the Brave Prince threat and its affiliated malicious tactics?,In what way can the course of action that involves operating on Windows Registers help to prevent the spread of Brave Prince and its associated attack pattern?,False,False,False,False,False,False,False,False,EQUIVALENT,Both questions ask about the impact of operating on Windows Registers on containing the Brave Prince threat and its associated attack pattern.
What tool is associated with the Shark's characteristic attack pattern?,What attack pattern is characteristic of the tool used by the Shark?,False,False,False,False,False,False,True,False,EQUIVALENT,Both questions ask about the tool associated with the Shark's characteristic attack pattern.
"What malware operation, designated as C0011, has been associated with which tools?",What tools have been linked to malware exploited by the group that was responsible for the operation C0011?,False,False,False,False,False,False,False,False,NOT_EQUIVALENT,"The paraphrase changes the focus from the tools linked to the malware to the operation itself, altering the relationship and scope of the question."
"What type of malicious activity can be thwarted through a course of action centered on Windows Registers, particularly in relation to JHUHUGIT?","What type of attack pattern can be prevented by the course of action that involves operating on Windows Registers, specifically in relation to JHUHUGIT?",False,False,False,False,False,False,False,False,EQUIVALENT,"The paraphrase maintains the same entities (Windows Registers, JHUHUGIT) and the same relationship (type of attack/malicious activity that can be prevented)."
What methods are commonly used by DDKONG to compromise system security?,What type of attack does DDKONG typically employ to infect systems?,False,False,False,False,False,False,False,False,EQUIVALENT,Both questions ask about the methods or types of attacks used by DDKONG to compromise systems.
What measures can be taken by operating on Windows Registers to counteract the attack pattern attributed to LiteDuke?,How can the course of action that involves operating on Windows Registers help to prevent the attack pattern associated with LiteDuke?,False,False,False,False,False,False,False,False,EQUIVALENT,Both questions ask about the same measures to prevent the same attack pattern by operating on Windows Registers.
What methods can be employed to identify the malicious actions carried out by the malware deployed by the perpetrators behind CostaRicto?,How can we detect the malicious activities of the malware used by the group responsible for CostaRicto?,True,False,False,False,True,True,True,True,EQUIVALENT,Both questions ask about methods to detect the malicious activities of the malware used by the group responsible for CostaRicto.
What action would you take to stop the BitPaymer attack pattern by modifying Windows Registers?,How can the course of action that involves operating on Windows Registers help to prevent the attack pattern associated with BitPaymer?,False,False,False,False,False,False,False,False,EQUIVALENT,Both questions ask about the same action (modifying Windows Registers) to prevent the same attack pattern (BitPaymer).
"What type of asset is often targeted by an attack pattern that is characterized by the use of PowerShell scripts, a defining feature of the WINDSHIELD?","What asset is frequently compromised by the attack pattern that involves PowerShell scripts, a hallmark of the WINDSHIELD?",False,False,False,False,True,False,False,False,EQUIVALENT,"Both questions ask about the same asset targeted by the same attack pattern involving PowerShell scripts, which is a hallmark of WINDSHIELD."
What type of attack pattern does the tool used by BRATA employ to facilitate its propagation?,Which attack pattern is inherent in the tool that the BRATA uses to spread?,True,False,True,True,True,True,True,True,EQUIVALENT,Both questions ask about the attack pattern used by the tool that BRATA employs for spreading.
What malicious operations are carried out by the WarzoneRAT tool?,How does the WarzoneRAT tool carry out its malicious operations?,True,False,False,False,True,False,True,False,EQUIVALENT,Both questions ask about the same entities (WarzoneRAT tool) and the same relationship (malicious operations).
What actions related to Windows Registers can be taken to thwart the attack pattern linked to NanoCore?,How can the course of action that involves operating on Windows Registers help to prevent the attack pattern associated with NanoCore?,False,False,False,False,False,False,False,False,EQUIVALENT,Both questions ask about the same actions related to Windows Registers to prevent the attack pattern associated with NanoCore.
What course of action effectively counters the attack pattern by targeting Windows Registers in relation to FlixOnline?,What attack pattern is effectively countered by the course of action that targets Windows Registers in relation to FlixOnline?,False,False,False,False,False,False,False,False,EQUIVALENT,Both questions ask about the same course of action that effectively counters an attack pattern by targeting Windows Registers in relation to FlixOnline.
What cybersecurity component is primarily responsible for countering the threats of PowerPunch?,What key component of cybersecurity helps to prevent and mitigate the attacks of PowerPunch?,False,False,True,False,False,False,True,True,EQUIVALENT,Both questions ask about the same cybersecurity component responsible for preventing or countering the threats of PowerPunch.
What attack pattern is typically linked with the use of Lucifer tools?,What is the attack pattern associated with Lucifer tools?,True,False,True,True,True,True,True,False,EQUIVALENT,"Both questions ask for the attack pattern associated with Lucifer tools, preserving the same entities and relationship."
What proactive steps can be taken to counteract potential Lucifer threats?,What proactive measure can be taken to protect against Lucifer attacks?,True,True,True,True,True,True,True,True,EQUIVALENT,"Both questions ask about proactive measures to protect against Lucifer attacks, using synonymous terms."
What malicious activities are executed by the HummingWhale tool?,How does the HummingWhale tool carry out its malicious operations?,True,False,False,True,True,False,True,False,EQUIVALENT,Both questions ask about the malicious activities performed by the HummingWhale tool.
What measure should be implemented to prevent the malicious software jRAT from being installed on a system?,What crucial step can be taken to prevent the installation of jRAT on a system?,False,False,True,False,False,False,True,True,EQUIVALENT,"Both questions ask about the same preventive measure against the installation of the same malicious software, jRAT."
What Windows Registry settings are implemented to thwart the spread of the Olympic Destroyer malware?,What course of action on Windows Registers is designed to prevent the spread of Olympic Destroyer?,False,False,False,False,False,False,False,False,EQUIVALENT,Both questions ask about the same Windows Registry settings designed to prevent the spread of the Olympic Destroyer malware.
What QUADAGENT tools are commonly linked to in attack patterns?,What is the attack pattern associated with QUADAGENT tools?,True,False,False,False,False,False,False,False,NOT_EQUIVALENT,"The original question asks for the attack pattern associated with QUADAGENT tools, while the paraphrase asks which QUADAGENT tools are linked to attack patterns, changing the focus from the pattern to the tools."
What countermeasures would effectively prevent the dissemination of the LITTLELAMB.WOOLTEA threat?,What strategy should be implemented to prevent the spread of LITTLELAMB.WOOLTEA?,True,False,True,False,True,False,False,False,EQUIVALENT,Both questions ask about the same entities (LITTLELAMB.WOOLTEA) and the same relationship (prevention of spread).
What action has been implemented on Windows Registers to stop the proliferation of FruitFly?,What course of action on Windows Registers is designed to prevent the spread of FruitFly?,False,False,False,False,False,False,False,False,EQUIVALENT,Both questions ask about the same action implemented on Windows Registers to prevent the spread of FruitFly.
What strategies are most effective in countering the tactics employed by the FIN7 group?,How can one effectively counter the methods used by FIN7?,False,False,True,False,True,True,True,False,EQUIVALENT,Both questions ask about the most effective ways to counter the tactics used by the FIN7 group.
What attack pattern is utilized by the tool that Chrommme employs?,What type of attack pattern is employed by the tool that Chrommme utilizes?,True,True,True,True,True,True,True,False,EQUIVALENT,Both questions ask about the attack pattern used by the tool employed by Chrommme.
What attack pattern is typically employed by the STARWHALE threat?,Which attack pattern does STARWHALE usually utilize?,False,False,False,False,False,False,False,False,EQUIVALENT,Both questions ask about the typical attack pattern used by STARWHALE.
What malware tools were employed by the perpetrators behind the operation known as C0032?,What are the malware tools used by the group responsible for the operation C0032?,False,False,True,True,False,False,False,False,EQUIVALENT,Both questions ask about the same malware tools used by the same group responsible for operation C0032.
What attack pattern does the tool known as Fakecalls typically utilize in its operations?,What type of attack pattern is employed by the tool that Fakecalls utilizes?,True,True,True,True,True,False,True,False,EQUIVALENT,Both questions ask about the attack pattern used by the tool Fakecalls.
"What type of attack pattern is typically associated with malware employed in FIN4-related campaigns targeting American organizations, and what are the characteristics of this malware?","What attack pattern is commonly linked to the malware used in American campaigns attributed to the FIN4 group, and how does",False,False,False,False,False,False,False,False,EQUIVALENT,"The paraphrase maintains the same entities and relationship, asking about the attack pattern and characteristics of the malware used in FIN4-related campaigns targeting American organizations."
What specific attack pattern can be effectively mitigated by targeting Windows Registers in the context of Corona Updates?,What attack pattern is effectively countered by the course of action that targets Windows Registers in relation to Corona Updates?,False,False,False,False,False,False,False,False,EQUIVALENT,Both questions ask about the same attack pattern and the same course of action targeting Windows Registers in the context of Corona Updates.
What attack pattern is most commonly linked to the tool utilized by the Sunbird?,What is the primary attack pattern associated with the tool employed by the Sunbird?,True,True,True,True,True,True,True,True,EQUIVALENT,Both questions ask for the primary/most common attack pattern associated with the tool used by the Sunbird.
What attack pattern is typically associated with Mandrake and can be mitigated by manipulating Windows Registers?,"Which attack pattern is prevented by operating on Windows Registers, and is directly linked to the presence of Mandrake?",False,False,False,False,False,False,False,False,EQUIVALENT,Both questions ask about the same attack pattern associated with Mandrake and its mitigation through Windows Registers.
What tools were utilized by the malware linked to the group responsible for the Triton Safety Instrumented System Attack?,What tools have been identified as being used by malware exploited by the group that conducted the operation Triton Safety Instrumented System Attack?,True,True,True,True,True,False,True,True,EQUIVALENT,Both questions ask about the tools used by the malware linked to the group responsible for the Triton Safety Instrumented System Attack.
What are the primary countermeasures to thwart and minimize the malicious activities associated with GALLIUM?,What are the key steps to prevent and mitigate the attacks carried out by GALLIUM?,False,False,False,True,True,True,True,False,EQUIVALENT,Both questions ask about the same entities (GALLIUM) and the same relationship (prevention and mitigation of attacks).
What propagation method does the Calisto tool inherently employ?,Which attack pattern is inherent in the tool that the Calisto uses to spread?,False,False,False,False,True,False,True,False,EQUIVALENT,Both questions ask about the inherent propagation method or attack pattern used by the Calisto tool.
What malware tools like HyperBro are typically associated with in terms of attack patterns?,What kind of attack pattern is characteristic of malware tools like HyperBro ?,False,False,False,False,False,True,False,False,EQUIVALENT,Both questions ask about the attack pattern characteristic of malware tools like HyperBro.
Can Execution through API Mitigation successfully neutralize the threat posed by a worm?,Does Execution through API Mitigation effectively neutralize the worm threat?,True,True,True,False,True,True,True,True,EQUIVALENT,Both questions ask about the effectiveness of Execution through API Mitigation in neutralizing the threat posed by a worm.
What malicious activities are carried out by the MAZE using its typical attack pattern?,What kind of attack pattern does the MAZE use to carry out its malicious activities?,False,False,False,False,False,False,False,False,EQUIVALENT,"Both questions ask about the same entities (MAZE, attack pattern, malicious activities) and the relationship between them."
What ShimRat tool is associated with which attack pattern?,What attack pattern is characteristic of the tool used by the ShimRat?,True,False,False,False,True,True,True,False,NOT_EQUIVALENT,"The paraphrase inverts the relationship, asking for the tool associated with an attack pattern instead of the attack pattern associated with the tool."
What specific mitigation strategy targets Windows Registers to counter the Cyclops Blink attack pattern?,What attack pattern is effectively countered by the course of action that targets Windows Registers in relation to Cyclops Blink?,False,False,False,False,False,False,False,False,EQUIVALENT,Both questions ask about the same mitigation strategy that targets Windows Registers to counter the Cyclops Blink attack pattern.
What typical attack patterns are commonly employed by malware tools such as Kessel?,"What is the typical attack pattern used by malware tools, specifically Kessel?",False,True,False,False,False,False,True,False,EQUIVALENT,"Both questions ask about the typical attack patterns used by malware tools, specifically including Kessel."
"What Windows Registers operation prevents a specific attack pattern, and does this prevention have a direct correlation with the presence of CARROTBAT?","Which attack pattern is prevented by operating on Windows Registers, and is directly linked to the presence of CARROTBAT?",False,False,False,False,False,False,False,False,EQUIVALENT,"Both questions ask about the same attack pattern, the prevention mechanism involving Windows Registers, and the direct correlation with CARROTBAT."
What attack pattern is embedded within the tool that the NETWIRE utilizes to disseminate?,Which attack pattern is inherent in the tool that the NETWIRE uses to spread?,True,True,True,True,True,True,True,False,EQUIVALENT,"The paraphrase maintains the same entities and relationship, only varying in surface wording and syntax."
What methods of attack is Hornbill typically associated with in the context of system infection?,What type of attack does Hornbill typically employ to infect systems?,False,False,False,False,False,False,False,False,EQUIVALENT,Both questions ask about the methods or types of attack Hornbill uses to infect systems.
What steps can be taken to mitigate the impact of CCBkdr on a computer network?,What countermeasure can be taken to minimize the effects of CCBkdr on a computer network?,False,True,True,True,False,True,True,True,EQUIVALENT,"Both questions ask about the same entities (CCBkdr, computer network) and the same relationship (mitigation of impact)."
How can operating on Windows Registers contribute to preventing the dissemination of the LookBack attack pattern?,In what way can the course of action that involves operating on Windows Registers help to prevent the spread of LookBack and its associated attack pattern?,False,False,False,False,False,False,False,False,EQUIVALENT,Both questions ask about the same relationship between operating on Windows Registers and preventing the spread of the LookBack attack pattern.
What system safeguard is crucial in preventing the installation of ANDROIDOS_ANSERVER.A?,What crucial step can be taken to prevent the installation of ANDROIDOS_ANSERVER.A on a system?,True,True,True,False,False,False,True,True,EQUIVALENT,Both questions ask about a crucial step or safeguard to prevent the installation of ANDROIDOS_ANSERVER.A.
What steps should organizations take to counteract and minimize the threats posed by the Tonto Team?,What are the key steps to prevent and mitigate the attacks carried out by Tonto Team?,False,False,False,True,False,False,True,False,EQUIVALENT,Both questions ask about the same entities (Tonto Team) and the same relationship (steps to prevent and mitigate threats/attacks).
What attack pattern is utilized by the China Chopper?,What type of attack pattern does the China Chopper employ?,False,False,False,False,False,False,False,False,EQUIVALENT,Both questions ask about the same attack pattern utilized by the China Chopper.
What attack pattern is typically linked to the use of Truvasys tools?,What is the attack pattern associated with Truvasys tools?,True,True,True,True,True,True,True,False,EQUIVALENT,"Both questions ask for the attack pattern associated with Truvasys tools, preserving the same entities and relationship."
What steps can be implemented to mitigate the impact of Regin on a computer network?,What countermeasure can be taken to minimize the effects of Regin on a computer network?,False,True,True,True,False,True,True,True,EQUIVALENT,"Both questions ask about the same entities (Regin, computer network) and the same relationship (mitigation steps)."
What steps can be taken to prevent the spread of Proxysvc and its related attack pattern by utilizing Windows Registers in a targeted manner?,In what way can the course of action that involves operating on Windows Registers help to prevent the spread of Proxysvc and its associated attack pattern?,False,False,False,False,False,False,False,False,EQUIVALENT,"Both questions ask about the same entities (Proxysvc, Windows Registers) and the same relationship (preventing the spread of Proxysvc using Windows Registers)."
What cybersecurity components are primarily used to prevent and counteract BlackEnergy attacks?,What key component of cybersecurity helps to prevent and mitigate the attacks of BlackEnergy?,False,False,True,False,False,False,True,False,EQUIVALENT,Both questions ask about the key cybersecurity components used to prevent and mitigate BlackEnergy attacks.
Which systems or networks are typically linked to the presence of a backdoor?,What platforms are commonly associated with the behavior of backdoor?,False,True,False,False,False,False,False,False,EQUIVALENT,Both questions ask about the common platforms or systems associated with the presence of a backdoor.
What impact does the presence of a modular backdoor have on the strategic framework of an APT5 operation?,What are the implications of a modular backdoor's actions on the overall strategy of a APT5 campaign,True,False,False,True,False,False,True,False,EQUIVALENT,Both questions ask about the effect of a modular backdoor on the strategic aspects of an APT5 campaign.
What malware dissemination tactic is inherent in the tool utilized by NDiskMonitor?,Which attack pattern is inherent in the tool that the NDiskMonitor uses to spread?,True,True,True,False,True,False,True,False,EQUIVALENT,Both questions ask about the inherent attack pattern or malware dissemination tactic in the tool used by NDiskMonitor.
What kind of attack pattern typically employs the TEARDROP method?,Which attack pattern does TEARDROP usually utilize?,False,False,False,False,False,False,False,False,EQUIVALENT,Both questions ask about the attack pattern typically associated with TEARDROP.
What would be the potential consequences of a modular backdoor participating in the GOLD SOUTHFIELD operation?,What are the repercussions of a modular backdoor's involvement in a GOLD SOUTHFIELD campaign?,False,False,True,False,True,False,True,False,EQUIVALENT,Both questions ask about the consequences of a modular backdoor's involvement in the GOLD SOUTHFIELD campaign.
What malware attack patterns are commonly linked to American campaigns attributed to the WIRTE group?,What type of malware attack pattern is typically associated with American campaigns linked to the WIRTE group?,False,False,False,False,False,False,False,False,EQUIVALENT,Both questions ask about the same malware attack patterns associated with American campaigns linked to the WIRTE group.
What countermeasure involves thwarting the ccf32 threat?,What crucial tactic is employed to counter the threat posed by ccf32?,False,False,True,True,True,False,True,True,EQUIVALENT,Both questions ask about the same tactic or countermeasure to address the threat of ccf32.
Can Windows Registry Key Access identify and detect SQL injection techniques?,Does the 'Windows Registry Key Access' have the functionality to detect SQL injection techniques?,True,False,False,False,True,False,False,False,EQUIVALENT,Both questions ask whether the 'Windows Registry Key Access' can detect SQL injection techniques.
Is Operation Ghost associated with the presence of a worm?,Can you determine if worm is a part of Operation Ghost?,False,True,False,True,True,False,False,True,NOT_EQUIVALENT,"The original question asks if ""worm"" is a part of Operation Ghost, while the paraphrase asks if Operation Ghost is associated with the presence of a worm, which changes the relationship being queried."
Does the 'Firewall Metadata' feature include the capability to identify and detect SQL injection attacks?,Does the 'Firewall Metadata' have the functionality to detect SQL injection techniques?,True,False,False,False,True,False,False,False,EQUIVALENT,Both questions ask about the same entity ('Firewall Metadata') and the same relationship (detecting SQL injection techniques/attacks).
Can the 'OS API Execution' functionality be utilized to recognize and pinpoint SQL-based attack patterns?,Is the 'OS API Execution' capable of analyzing and identifying SQL-based attack patterns?,False,False,False,False,True,False,False,False,EQUIVALENT,Both questions ask about the capability of 'OS API Execution' to analyze and identify SQL-based attack patterns.
What SQL-based detection capabilities are offered by 'Cloud Service Metadata'?,What capabilities does the 'Cloud Service Metadata' possess in terms of detecting SQL-based techniques?,True,False,False,False,False,False,False,False,EQUIVALENT,Both questions ask about the SQL-based detection capabilities of 'Cloud Service Metadata'.
What techniques for SQL-based attacks can the 'Application Assets' identify and detect?,What capabilities does the 'Application Assets' possess in terms of detecting SQL-based techniques?,False,False,False,False,True,False,False,False,EQUIVALENT,Both questions ask about the same capabilities of 'Application Assets' in detecting SQL-based techniques.
Can the 'Process/Event Alarm' system offer real-time identification of SQL-based methods in action?,Can the 'Process/Event Alarm' provide real-time detection of SQL-based techniques?,False,False,False,False,True,False,False,False,EQUIVALENT,Both questions ask about the real-time detection/identification of SQL-based techniques/methods by the 'Process/Event Alarm' system.
Is there a connection between a worm and C0010?,Is worm linked to C0010?,True,False,False,True,True,True,True,True,EQUIVALENT,"The paraphrase preserves the original question's meaning, asking about the same entities and relationship."
Can SQL-based threats be identified and flagged through Cloud Storage Enumeration?,Can the 'Cloud Storage Enumeration' identify and flag SQL-based threats?,False,False,False,False,False,False,False,False,EQUIVALENT,Both questions ask whether Cloud Storage Enumeration can identify and flag SQL-based threats.
What is the primary function of Container Enumeration in terms of preventing SQL-based attacks?,Is the 'Container Enumeration' designed to detect and prevent SQL-based attacks?,False,False,False,False,True,False,False,False,NOT_EQUIVALENT,"The original question asks if 'Container Enumeration' is designed to detect and prevent SQL-based attacks, while the paraphrase asks about the primary function of Container Enumeration in terms of preventing SQL-based attacks, which could imply a different scope or additional functions."
Does the 'Software' possess the capability to identify SQL injection methods?,Does the 'Software' have the functionality to detect SQL injection techniques?,True,False,False,False,True,False,False,False,EQUIVALENT,Both questions ask about the same capability of the software to detect or identify SQL injection techniques.
Can SQL-based threats be detected and flagged through the 'Image Deletion' process?,Can the 'Image Deletion' identify and flag SQL-based threats?,True,False,False,False,False,False,False,False,EQUIVALENT,Both questions ask whether the 'Image Deletion' process can detect and flag SQL-based threats.
Is the primary purpose of Firmware Modification to identify and block SQL-based cyber attacks?,Is the 'Firmware Modification' designed to detect and prevent SQL-based attacks?,True,False,False,False,True,False,False,False,EQUIVALENT,Both questions ask about the purpose of Firmware Modification in detecting and preventing SQL-based attacks.
What detection capabilities does 'Windows Registry Key Deletion' provide with respect to SQL-based tactics?,What capabilities does the 'Windows Registry Key Deletion' possess in terms of detecting SQL-based techniques?,False,False,False,False,True,False,False,False,EQUIVALENT,Both questions ask about the detection capabilities of 'Windows Registry Key Deletion' concerning SQL-based techniques or tactics.
Can Cloud Storage Metadata effectively detect SQL-based attack techniques?,Is the 'Cloud Storage Metadata' capable of identifying SQL-based attack methods?,False,False,False,False,False,False,False,False,EQUIVALENT,Both questions ask about the capability of Cloud Storage Metadata to identify or detect SQL-based attack methods.
What are the potential countermeasures for a trojan deployed through a cyberattack that leverages living off the land (LotL) tactics to infiltrate a system?,What are the possible remediations for trojan used in campaign in which living of the land (LotL) techniques have been used to gain access?,False,False,False,False,False,False,False,False,EQUIVALENT,"Both questions ask about the same entities (trojan, living off the land techniques) and the same relationship (remediations/countermeasures for the trojan)."
What types of systems are most commonly targeted by malware designed to take advantage of weaknesses in industrial control system technology?,What types of systems are the primary targets of malware created to exploit vulnerabilities in ICS devices?,False,False,False,False,False,False,False,False,EQUIVALENT,Both questions ask about the types of systems most frequently targeted by malware that exploits vulnerabilities in industrial control systems.
What types of cyber attacks utilize the AttachUserPolicy API?,What types of cyber attacks incorporate the AttachUserPolicy API?,True,False,True,True,True,True,True,True,EQUIVALENT,"The paraphrase preserves the original meaning, entities, and relationship, with only a superficial change in wording."
What type of malicious software does an encryption-based security approach aim to deter or block?,What kind of malicious software does a security strategy that employs encryption aim to counter or prevent?,False,False,False,False,False,False,False,False,EQUIVALENT,Both questions ask about the type of malicious software that an encryption-based security strategy aims to counter or prevent.
What are the primary countermeasures against spyware utilizing camera capabilities that can be incorporated into data loss prevention protocols?,What are the key data loss prevention (DLP) strategies that can be implemented to counter spyware techniques that use cameras?,False,False,False,False,False,False,False,False,EQUIVALENT,Both questions ask about the same strategies for preventing data loss from spyware that uses cameras.
"What methods do RaaS utilize to execute DDoS attacks, and what countermeasures employing signature-based or heuristic approaches can be used to thwart or minimize their impact?","How do RaaS use DDoS attacks, and what are the mitigation strategies that utilize signatures or heuristics to prevent or mitigate these attacks?",False,False,False,False,False,False,False,False,EQUIVALENT,"The paraphrase maintains the same entities and relationships, asking about RaaS methods for DDoS attacks and the mitigation strategies using signatures or heuristics."
What techniques can be employed to effectively counteract the security threats posed by malicious software that utilizes SQL injection methods?,What are the key strategies for mitigating the risks associated with malware that employ SQL Injection techniques?,True,False,True,False,False,True,True,False,EQUIVALENT,Both questions ask about the strategies or techniques to mitigate the risks or security threats posed by malware using SQL injection.
"What techniques do ransomware-as-a-service (RaaS) operations typically employ to orchestrate Distributed Denial of Service (DDoS) attacks, and how do signature-based and heuristic-driven mitigation strategies respond to these types of threats?","What are the techniques used by RaaS to execute DDoS attacks, and how do mitigation strategies that rely on signatures or heuristics address these threats?",False,False,False,False,False,False,False,False,EQUIVALENT,"The paraphrase maintains the same entities (RaaS, DDoS attacks, signature-based and heuristic-driven mitigation strategies) and the same relationship (techniques used and how mitigation strategies address these threats)."
What methods are most commonly used to identify and detect the token manipulation tactics employed by malicious spyware?,What are the most effective detection methods for token manipulation techniques used by spyware?,False,False,False,False,False,False,False,False,EQUIVALENT,Both questions ask about the most effective methods for detecting token manipulation techniques used by spyware.
"What methods do you employ to identify and detect malware from RaaS, specifically that used by FIN13?",How do you identify and detect RaaS malware used by FIN13?,True,False,True,False,True,False,False,True,EQUIVALENT,Both questions ask about the methods to identify and detect RaaS malware specifically used by FIN13.
What ICS devices operated by UNC2452 are typically targeted by malware specifically designed to cause infection?,What are the main targets of malware specifically crafted to infect ICS devices operated by UNC2452?,True,False,False,False,False,False,False,False,EQUIVALENT,Both questions ask about the main ICS devices operated by UNC2452 that are targeted by malware specifically designed to infect them.
What techniques associated with the malware used by the APT29 intrusion set are typically found in.NET applications?,Which.NET malware techniques are characteristic of the APT29 intrusion set?,False,False,True,False,False,True,False,False,EQUIVALENT,Both questions ask about the same techniques and their association with the APT29 intrusion set in the context of .NET malware.
What techniques does the Turla campaign employ using.NET malware?,List the.NET malware techniques that are part of the Turla campaign.,True,True,True,True,True,False,True,True,EQUIVALENT,Both questions ask for the same information about the techniques used by the Turla campaign involving .NET malware.
What methods are effective in identifying and countering RaaS malware utilized by the threat actor group known as APT5?,What methods can be used to detect and prevent RaaS malware used by APT5?,False,False,True,True,True,True,True,True,EQUIVALENT,"Both questions ask about the same methods for detecting and preventing RaaS malware used by APT5, with no change in entities or relationships."
What methods are most commonly used to identify and detect RaaS malware attributed to the threat actor TA505?,What are the most effective methods for detecting RaaS malware employed by TA505?,False,False,True,False,True,False,True,True,EQUIVALENT,Both questions ask about the most effective methods for detecting RaaS malware associated with TA505.
What types of ICS devices are commonly targeted by the PLATINUM group in their malware attacks?,What are the primary targets of malware attacks on ICS devices used by the PLATINUM group?,True,False,False,False,False,False,False,False,NOT_EQUIVALENT,"The original question asks about the primary targets, while the paraphrase asks about the types of devices targeted, which could include secondary or less common targets."
Which systems or platforms are susceptible to the spyware tactics employed by Ember Bear?,What types of platforms or systems are vulnerable to the spyware techniques used by Ember Bear?,True,True,True,False,True,True,True,True,EQUIVALENT,Both questions ask about the same entities (systems or platforms) and the same relationship (vulnerability to spyware techniques used by Ember Bear).
What methods can be employed to identify and detect malware associated with the RaaS (Remote Access Trojan) operations of Metador?,How do you identify and detect RaaS malware used by Metador?,False,False,True,False,False,False,False,True,EQUIVALENT,"Both questions ask about the methods to identify and detect RaaS malware used by Metador, preserving the same entities and relationship."
What types of platforms do the spyware tactics used by the Lazarus Group typically target?,What platforms do the techniques of spyware employed by Lazarus Group utilize?,True,True,True,False,True,True,True,True,EQUIVALENT,Both questions ask about the platforms targeted by the spyware tactics of the Lazarus Group.
Which systems are susceptible to being infiltrated by in-memory malware utilized in the FunnyDream campaign?,What systems are at risk of being compromised by in-memory malware used in FunnyDream?,False,False,False,True,False,False,False,False,EQUIVALENT,Both questions ask about the same systems at risk from the same in-memory malware used in the FunnyDream campaign.
What malicious targets does Stealth Falcon primarily aim at using its RPC-based backdoor in an attack?,What are the main targets of the RPC-based backdoor employed by Stealth Falcon in a malicious attack?,True,False,False,False,True,False,True,True,NOT_EQUIVALENT,"The paraphrase changes the focus from the ""main targets"" to ""malicious targets"" and shifts the emphasis from the backdoor's targets to the attacker's aims."
What platforms do the tactics of spyware used by the Sidewinder exploit?,What platforms do the techniques of spyware employed by Sidewinder utilize?,True,True,True,False,True,True,True,True,EQUIVALENT,"Both questions ask about the platforms utilized or exploited by the spyware tactics of Sidewinder, preserving the same entities and relationship."
What tactics and techniques used by the Leviathan campaign are related to.NET malware?,Describe the.NET malware techniques employed by the Leviathan campaign.,True,False,True,True,True,False,True,False,EQUIVALENT,"Both questions ask about the same entities (Leviathan campaign, .NET malware) and the same relationship (techniques and tactics used)."
What types of targets are commonly linked to malware specifically designed to compromise Industrial Control Systems devices used by companies like Gallmaker?,What types of targets are typically associated with malware designed to attack Industrial Control Systems (ICS) devices used by Gallmaker?,False,False,False,True,False,False,False,False,EQUIVALENT,"The paraphrase maintains the same entities and relationship, only varying in surface wording and syntax."
What environments and platforms are typically targeted by the spyware methods associated with Turla?,What platforms or environments are most commonly affected by the spyware techniques of Turla?,True,True,True,False,True,True,True,True,EQUIVALENT,Both questions ask about the same entities (platforms and environments) and the same relationship (affected by or targeted by Turla's spyware techniques).
What characteristics are associated with the.NET malware used in the MuddyWater campaign?,What are the characteristics of.NET malware involved in the MuddyWater campaign?,True,False,True,True,True,True,True,False,EQUIVALENT,Both questions ask about the characteristics of .NET malware involved in the MuddyWater campaign.
What strategies are most effective in countering and neutralizing the impact of RaaS malware utilized by APT1?,What are the key strategies for detecting and mitigating RaaS malware used by APT1?,False,False,False,False,False,False,False,False,EQUIVALENT,"Both questions ask about the same strategies for addressing RaaS malware used by APT1, with only slight variations in wording."
What kinds of industrial control systems are commonly exploited by malware linked to the threat actor Evilnum?,What types of systems are typically targeted by malware designed to compromise ICS devices used by Evilnum?,False,False,False,False,False,False,False,False,EQUIVALENT,"Both questions ask about the types of systems targeted by malware associated with Evilnum, preserving the core entities and relationship."
What are the most effective strategies for identifying and eliminating RaaS malware that is typically associated with Cinnamon Tempest?,What are the best practices for detecting and removing RaaS malware used by Cinnamon Tempest?,False,False,True,False,True,False,True,True,EQUIVALENT,Both questions ask about the best practices for detecting and removing RaaS malware associated with Cinnamon Tempest.
Which systems and platforms are susceptible to the spyware tactics employed by the Wizard Spider?,What types of platforms or systems are vulnerable to the spyware techniques used by Wizard Spider?,True,True,True,False,True,True,True,True,EQUIVALENT,Both questions ask about the same entities (platforms and systems) and the same relationship (vulnerability to spyware techniques used by Wizard Spider).
What detection and prevention methods can be employed to counter RaaS malware utilized by WIRTE?,What methods can be used to detect and prevent RaaS malware used by WIRTE?,True,False,True,True,True,True,True,True,EQUIVALENT,"The paraphrase maintains the same entities (RaaS malware, WIRTE) and the same relationship (detection and prevention methods)."
What countermeasures can be employed to identify and thwart the RaaS malware utilized by Operation Wocao?,What methods can be used to detect and prevent RaaS malware used by Operation Wocao?,True,False,True,False,True,False,True,True,EQUIVALENT,"The paraphrase maintains the same entities (RaaS malware, Operation Wocao) and the same relationship (methods to detect and prevent)."
What platforms are typically targeted by the malware used by the threat actor known as TA505?,What are the primary platforms exploited by the worms employed by TA505?,False,False,False,False,False,False,False,False,EQUIVALENT,"Both questions ask about the platforms targeted by the malware used by TA505, preserving the same entities and relationship."
On which platforms do the tactics of spyware developed by CURIUM typically operate?,What platforms do the techniques of spyware employed by CURIUM utilize?,True,True,True,True,True,True,True,True,EQUIVALENT,Both questions ask about the platforms on which CURIUM's spyware techniques operate.
What systems are typically targeted by malware that compromises Industrial Control Systems (ICS) devices owned by The White Company?,What types of systems are commonly targeted by malware used to compromise the ICS devices of The White Company?,False,False,False,False,True,False,True,False,EQUIVALENT,Both questions ask about the types of systems targeted by malware that compromises ICS devices owned by The White Company.
What kinds of devices or infrastructure are compromised by malware stealing login credentials within the context of C0017?,"In the context of C0017, what types of devices or infrastructure are targeted by malware that steals login credentials?",False,True,False,False,False,True,True,True,EQUIVALENT,Both questions ask about the same entities (types of devices or infrastructure) and the same relationship (targeted by malware that steals login credentials) within the same context (C0017).
What tactics and techniques utilized by the Gorgon Group are associated with.NET malware?,Describe the.NET malware techniques employed by the Gorgon Group campaign.,False,False,False,False,False,False,False,False,EQUIVALENT,Both questions ask about the tactics and techniques used by the Gorgon Group in relation to .NET malware.
What platforms are commonly targeted by the malware used by the FIN7 group?,What are the primary platforms exploited by the worms employed by FIN7?,False,False,False,False,False,False,False,False,NOT_EQUIVALENT,"The paraphrase changes ""primary platforms exploited by the worms"" to ""platforms commonly targeted by the malware,"" which alters the specific focus on worms and the primary nature of the platforms."
What types of systems are vulnerable to being targeted by malware specifically designed for Industrial Control Systems operated by CopyKittens?,What types of systems are at risk of being compromised by malware tailored towards ICS devices used by CopyKittens?,False,False,False,False,False,False,False,False,EQUIVALENT,Both questions ask about the same types of systems at risk from malware designed for ICS devices used by CopyKittens.
In what types of environments do the malicious operations of APT19 typically manifest through its worm infections?,In which environments do the worms used by APT19 typically exhibit their malicious behavior?,True,True,True,False,True,True,True,True,EQUIVALENT,Both questions ask about the environments where the worms used by APT19 exhibit their malicious behavior.
What cybersecurity threat landscape detection strategies are critical for countering RaaS malware operations employed by Group5?,What are the critical detection strategies for RaaS malware used by Group5 in a cybersecurity threat landscape?,True,False,True,True,True,True,True,True,EQUIVALENT,Both questions ask about the critical detection strategies for RaaS malware used by Group5 in the context of a cybersecurity threat landscape.
What types of industrial control systems are commonly targeted by malicious malware designed to infiltrate the systems utilized by IndigoZebra?,What types of systems are typically targeted by malware designed to compromise ICS devices used by IndigoZebra?,False,False,False,False,False,False,False,False,EQUIVALENT,Both questions ask about the types of systems targeted by malware designed to compromise ICS devices used by IndigoZebra.
What systems do malware operators typically aim to infiltrate to compromise the ICS devices of Volatile Cedar?,What types of systems are commonly targeted by malware used to compromise the ICS devices of Volatile Cedar?,True,False,False,False,False,False,False,False,EQUIVALENT,Both questions ask about the types of systems targeted by malware to compromise the ICS devices of Volatile Cedar.
What ICS devices are commonly targeted by malware developed by Kimsuky for exploitation?,What types of systems are typically targeted by malware designed to compromise ICS devices used by Kimsuky?,True,False,False,False,False,False,False,False,NOT_EQUIVALENT,The paraphrase changes the focus from the types of systems to specific ICS devices and incorrectly attributes the development of the malware to Kimsuky instead of malware designed to compromise ICS devices used by Kimsuky.
Which systems or platforms are vulnerable to malicious activities carried out by RTM through the use of spyware tactics?,What platforms or systems are susceptible to the malicious activities of RTM using spyware techniques?,True,True,True,True,True,True,True,False,EQUIVALENT,Both questions ask about the same entities (platforms or systems) and the same relationship (susceptibility to malicious activities by RTM using spyware techniques).
What devices are typically targeted by the RPC-based backdoor known as Leafminer?,Which types of devices are usually compromised by the RPC-based backdoor employed by Leafminer?,False,False,False,False,True,False,True,True,EQUIVALENT,Both questions ask about the types of devices typically compromised or targeted by the same RPC-based backdoor associated with Leafminer.
What types of networks or systems are typically targeted by the RPC-based backdoor utilized by the CopyKittens threat actor?,What types of networks or systems are usually attacked by the RPC-based backdoor employed by CopyKittens?,True,True,False,False,True,False,True,True,EQUIVALENT,"Both questions ask about the same entities (types of networks or systems, RPC-based backdoor, CopyKittens) and the same relationship (targeting/attacking)."
What systems or networks are primarily targeted by the RPC-based backdoor attributed to WIRTE?,What are the primary targets of the RPC-based backdoor exploited by WIRTE?,False,False,False,False,True,False,True,True,EQUIVALENT,"Both questions ask about the primary targets of the RPC-based backdoor associated with WIRTE, maintaining the same entities and relationship."
What methods would you use to recognize and identify malware associated with the RaaS operations of the notorious threat actor known as Ember Bear?,How do you identify and detect RaaS malware used by Ember Bear?,False,False,True,False,True,False,False,False,EQUIVALENT,Both questions ask about the methods to identify and detect malware associated with Ember Bear's RaaS operations.
Which systems are commonly linked to the activities of a worm known as Windigo?,What platforms are typically associated with the behavior of a worm used by Windigo?,False,False,True,False,False,False,False,False,EQUIVALENT,Both questions ask about the platforms or systems associated with the activities of a worm known as Windigo.
What malicious targets does the RPC-based backdoor used by TEMP.Veles focus on during an attack?,What are the main targets of the RPC-based backdoor employed by TEMP.Veles in a malicious attack?,True,False,False,False,True,True,True,False,NOT_EQUIVALENT,"The paraphrase changes the focus from ""main targets"" to ""malicious targets,"" which could imply a different set of entities."
What operating systems are typically targeted by the malware employed by APT1?,Which operating systems are commonly targeted by the worms utilized by APT1?,False,False,False,False,False,False,False,False,NOT_EQUIVALENT,"The paraphrase changes ""worms"" to ""malware,"" which broadens the scope of the question."
What methods do you use to detect and identify the RaaS malware employed by Threat Group-3390?,How do you identify and detect RaaS malware used by Threat Group-3390?,True,False,True,False,True,False,True,False,EQUIVALENT,Both questions ask about the methods to detect and identify RaaS malware used by Threat Group-3390.
What ICS devices are typically targeted by malware designed and deployed by the threat actor known as Putter Panda?,What are the main targets of malware specifically crafted to infect ICS devices operated by Putter Panda?,False,False,False,False,False,False,False,False,EQUIVALENT,Both questions ask about the ICS devices targeted by malware specifically crafted by Putter Panda.
What platforms are commonly linked to the malware activities of the Orangeworm worm?,What platforms are typically associated with the behavior of a worm used by Orangeworm?,False,False,False,False,True,False,False,False,EQUIVALENT,"Both questions ask about the platforms associated with the activities of the Orangeworm worm, preserving the same entities and relationship."
What types of platforms or devices are commonly targeted by the spyware tactics employed by TeamTNT?,On what platforms or devices do the spyware techniques used by TeamTNT typically operate?,True,True,True,False,True,True,True,True,EQUIVALENT,Both questions ask about the platforms or devices targeted by the spyware techniques of TeamTNT.
What platforms are primarily utilized by the worms associated with Sowbug?,What are the primary platforms of operation for the worms employed by Sowbug?,False,False,True,True,True,True,True,True,EQUIVALENT,"Both questions ask about the primary platforms used by the worms linked to Sowbug, preserving the same entities and relationship."
Which ICS devices maintained by Cleaver are typically targeted by primary malware attacks?,Which systems are the primary focus of malware attacks aimed at Cleaver's ICS devices?,True,False,False,False,False,False,False,False,EQUIVALENT,Both questions ask about the ICS devices maintained by Cleaver that are primarily targeted by malware attacks.
What tactics and techniques were utilized by the The White Company campaign in their.NET malware operations?,Describe the.NET malware techniques employed by the The White Company campaign.,True,False,True,True,True,True,True,False,EQUIVALENT,Both questions ask about the tactics and techniques used by The White Company campaign in their .NET malware operations.
What malware techniques commonly associated with the Evilnum intrusion set are typically based on.NET?,Which.NET-based malware techniques are commonly linked to the Evilnum intrusion set?,False,False,False,False,False,False,True,False,EQUIVALENT,"Both questions ask about the same entities (malware techniques, Evilnum intrusion set) and the same relationship (common association with .NET-based techniques)."
What systems or applications are typically targeted by the RPC-based backdoor exploited by the threat actor known as TA459 during a cyber attack?,What are the typical targets of the RPC-based backdoor exploited by TA459 in a cyber attack?,True,True,False,True,True,False,True,True,EQUIVALENT,Both questions ask about the same entities (typical targets of the RPC-based backdoor) and the same relationship (exploited by TA459 in a cyber attack).
What detection techniques would be most effective for identifying the RaaS malware deployed by the Charming Kitten in a network setting?,What are the essential detection strategies for RaaS malware used by Charming Kitten in a network environment?,True,False,True,False,True,True,True,True,EQUIVALENT,Both questions ask about the detection strategies for RaaS malware used by Charming Kitten in a network environment.
What types of systems are typically attacked by malware that targets the Industrial Control Systems devices of WIRTE?,What types of systems are commonly targeted by malware used to compromise the ICS devices of WIRTE?,False,False,False,False,False,False,False,False,EQUIVALENT,Both questions ask about the types of systems targeted by malware that compromises WIRTE's ICS devices.
What network security measures are most effective for detecting and mitigating the RaaS malware tactics employed by the Chimera threat actor?,What are the essential detection strategies for RaaS malware used by Chimera in a network environment?,False,False,False,False,False,True,False,True,NOT_EQUIVALENT,"The paraphrase introduces a new element (mitigating) and changes the focus from detection strategies to security measures, altering the scope and intent of the original question."
What types of systems or networks are commonly compromised by an RPC-based backdoor utilized by Malteiro?,What systems or networks are typically targeted by an RPC-based backdoor used by Malteiro?,True,False,False,False,True,True,True,True,EQUIVALENT,Both questions ask about the same entities (systems or networks) and the same relationship (targeted by an RPC-based backdoor used by Malteiro).
In what types of environments do malicious behaviors typically manifest in the worms employed by Poseidon Group?,In which environments do the worms used by Poseidon Group typically exhibit their malicious behavior?,True,False,True,True,True,True,True,True,EQUIVALENT,Both questions ask about the types of environments where the worms used by Poseidon Group exhibit their malicious behavior.
What methods have proven most effective in identifying and detecting the RaaS malware used by The White Company?,What are the most effective methods for detecting RaaS malware employed by The White Company?,False,False,True,False,True,False,True,True,EQUIVALENT,Both questions ask about the most effective methods for detecting RaaS malware used by The White Company.
What types of devices are typically targeted by the RPC-based backdoor used in the Carbanak operation?,Which types of devices are usually compromised by the RPC-based backdoor employed by Carbanak?,False,False,False,True,False,False,False,True,EQUIVALENT,"Both questions ask about the types of devices typically affected by the RPC-based backdoor used by Carbanak, preserving the same entities and relationship."
What systems or platforms are typically targeted by the tactics used in the Stolen Pencil spyware?,What platforms or systems are commonly compromised by the spyware techniques employed by Stolen Pencil?,False,False,True,False,True,False,False,True,EQUIVALENT,Both questions ask about the same entities (platforms/systems) and the same relationship (compromised/targeted by Stolen Pencil spyware techniques/tactics).
What targets are typically exploited by the RPC-based backdoor employed by the cyber threat group known as Charming Kitten?,What are the common targets of the RPC-based backdoor used by Charming Kitten?,True,True,False,False,True,False,True,True,EQUIVALENT,"Both questions ask about the common targets of the RPC-based backdoor used by Charming Kitten, preserving the same entities and relationship."
What.NET malware techniques are associated with the NEODYMIUM operation?,Identify the.NET malware methods used in the NEODYMIUM campaign.,False,False,False,True,True,False,True,False,EQUIVALENT,"Both questions ask about the same entities ("".NET malware methods/techniques"" and ""NEODYMIUM campaign/operation"") and the relationship between them."
What are the typical platforms targeted by the malicious worms deployed by APT37 for spreading their malware?,On what platforms do the worms used by APT37 usually spread their malicious code?,True,False,True,True,True,False,True,False,EQUIVALENT,"Both questions ask about the same platforms and the same relationship between APT37, worms, and the spreading of malicious code."
What detection techniques are typically employed by security measures to identify RaaS malware linked to Dark Caracal operations?,What are the most common detection methods for RaaS malware used by Dark Caracal?,False,False,False,True,False,True,False,True,EQUIVALENT,"Both questions ask about the common detection methods for RaaS malware associated with Dark Caracal, preserving the same entities and relationship."
What platforms are typically targeted by the malicious code propagation of the worms employed by MoustachedBouncer?,On what platforms do the worms used by MoustachedBouncer usually spread their malicious code?,False,False,True,True,True,True,True,False,EQUIVALENT,Both questions ask about the platforms targeted by the worms used by MoustachedBouncer for spreading malicious code.
What characteristics are associated with the.NET malware utilized in the ZIRCONIUM campaign?,What are the characteristics of.NET malware involved in the ZIRCONIUM campaign?,True,False,True,True,True,True,True,False,EQUIVALENT,"The paraphrase maintains the same entities and relationship, asking about the characteristics of .NET malware in the ZIRCONIUM campaign."
What are the recommended methods for identifying and eradicating RaaS malware employed by the OilRig threat actor?,What are the best practices for detecting and removing RaaS malware used by OilRig?,False,False,True,False,True,True,False,False,EQUIVALENT,"The paraphrase maintains the same entities (RaaS malware, OilRig) and the same relationship (best practices for detection and removal)."
What techniques are characteristic of the Magic Hound intrusion set in the context of.NET malware?,Which.NET malware techniques are characteristic of the Magic Hound intrusion set?,False,False,False,False,False,False,False,False,EQUIVALENT,Both questions ask about the same techniques characteristic of the Magic Hound intrusion set in the context of .NET malware.
In what environments are the tactics employed by Strider typically deployed?,On which platforms are the spyware techniques used by Strider typically implemented?,False,False,False,False,False,False,False,False,EQUIVALENT,Both questions ask about the typical environments or platforms where Strider's spyware techniques or tactics are implemented.
On which primary platforms do worms affiliated with RTM typically operate?,What are the primary platforms exploited by the worms employed by RTM?,True,True,True,True,True,True,True,True,EQUIVALENT,Both questions ask about the primary platforms used by worms associated with RTM.
What are the recommended countermeasures for identifying and eliminating RaaS malware operations associated with APT3?,What are the best practices for detecting and removing RaaS malware used by APT3?,True,False,True,False,False,False,False,False,EQUIVALENT,"Both questions ask about the same entities (RaaS malware, APT3) and the same relationship (best practices/countermeasures for detection and removal/elimination)."
Which systems are commonly targeted by malware created to breach Industrial Control Systems utilized by the notorious hacking group known as Ferocious Kitten?,What types of systems are typically targeted by malware designed to compromise ICS devices used by Ferocious Kitten?,False,False,False,False,False,False,False,False,EQUIVALENT,Both questions ask about the same systems targeted by malware designed to compromise ICS devices used by Ferocious Kitten.
Which systems are typically targeted by the malware worms associated with the Dust Storm?,What platforms do the malware worms used by Dust Storm tend to infect?,False,False,False,False,False,False,False,False,EQUIVALENT,Both questions ask about the platforms or systems targeted by the malware worms used by Dust Storm.
On which devices or platforms does Ke3chang's malware generally execute its operations?,On what platforms or devices do the spyware techniques used by Ke3chang typically operate?,False,False,False,False,False,False,False,False,EQUIVALENT,"Both questions ask about the same entities (Ke3chang, spyware/malware) and the same relationship (platforms or devices on which they operate)."
What platforms do Metador's malware typically propagate its malicious payload across?,On what platforms do the worms used by Metador usually spread their malicious code?,False,False,False,False,False,False,False,False,EQUIVALENT,Both questions ask about the platforms on which Metador's malware spreads its malicious code.
What methods would you use to detect and identify RaaS malware attributed to the threat actor known as Putter Panda?,How do you identify and detect RaaS malware used by Putter Panda?,True,False,True,False,True,False,True,False,EQUIVALENT,Both questions ask about the methods to detect and identify RaaS malware associated with Putter Panda.
"What devices are commonly targeted by the backdoor operated by Indrik Spider, which utilizes RPC functionality?",Which types of devices are usually compromised by the RPC-based backdoor employed by Indrik Spider?,False,False,False,False,False,False,False,False,EQUIVALENT,Both questions ask about the types of devices commonly targeted by the RPC-based backdoor used by Indrik Spider.
What platforms are primarily targeted by the worms used in the BITTER attacks?,What are the primary platforms exploited by the worms employed by BITTER?,False,False,True,True,False,True,False,True,EQUIVALENT,Both questions ask about the primary platforms targeted by the worms used by BITTER.
In which settings do FIN6 malware usually display their malicious actions?,In which environments do the worms used by FIN6 typically exhibit their malicious behavior?,False,False,False,False,False,False,False,False,EQUIVALENT,Both questions ask about the environments or settings where the worms used by FIN6 exhibit their malicious behavior.
What are the telltale signs and markers of a RaaS malware attack associated with the Lotus Blossom threat actor?,What are the key indicators of compromise for RaaS malware used by Lotus Blossom?,False,False,False,False,False,False,False,False,EQUIVALENT,Both questions ask for the key indicators or telltale signs of RaaS malware specifically linked to the Lotus Blossom threat actor.
What platforms are targeted by the malicious activities of the spyware known as menuPass?,What platforms do the techniques of spyware employed by menuPass utilize?,True,False,False,True,True,False,True,False,NOT_EQUIVALENT,"The original question asks about the platforms utilized by the techniques of spyware employed by menuPass, while the paraphrase asks about the platforms targeted by the malicious activities of the spyware known as menuPass, which could imply a broader scope of activities."
In which environments or platforms are the spyware tactics employed by the Gorgon Group most commonly encountered?,Which platforms or environments are most frequently exploited by the spyware techniques of Gorgon Group?,True,True,True,True,True,True,True,True,EQUIVALENT,Both questions ask about the same entities (platforms/environments) and the same relationship (most frequently exploited by Gorgon Group's spyware techniques).
Which types of industrial control systems are commonly exploited by malware attributed to the activities of the notorious threat actor group known as APT37?,What types of systems are typically targeted by malware designed to compromise ICS devices used by APT37?,False,False,False,False,False,False,False,False,EQUIVALENT,"Both questions ask about the types of systems targeted by malware associated with APT37, preserving the same entities and relationship."
What techniques commonly associated with the Ferocious Kitten intrusion set are found in.NET-based malware?,Which.NET-based malware techniques are commonly linked to the Ferocious Kitten intrusion set?,False,False,False,False,False,False,True,False,EQUIVALENT,Both questions ask about the same relationship between .NET-based malware techniques and the Ferocious Kitten intrusion set.
What platforms are commonly targeted by the worm behavior exhibited by Mofang?,What types of platforms are typically affected by the worm behavior of Mofang?,True,True,True,True,True,True,True,True,EQUIVALENT,"Both questions ask about the platforms affected by the worm behavior of Mofang, preserving the same entities and relationship."
What characteristics can be identified in the malware associated with the APT33 campaign?,What are the characteristics of.NET malware involved in the APT33 campaign?,False,False,False,False,False,False,False,False,EQUIVALENT,"Both questions ask about the characteristics of malware associated with the APT33 campaign, preserving the same entities and relationship."
What types of systems or equipment are frequently targeted by the RPC-based backdoor employed by APT3?,What systems or devices are commonly compromised by the RPC-based backdoor used by APT3?,True,False,False,False,True,True,True,True,EQUIVALENT,Both questions ask about the same entities (systems or devices) and the same relationship (commonly compromised by the RPC-based backdoor used by APT3).
What techniques associated with the LuminousMoth intrusion set are typically found in.NET-based malware?,Which.NET-based malware techniques are commonly linked to the LuminousMoth intrusion set?,False,False,False,False,False,False,True,False,EQUIVALENT,Both questions ask about the same relationship between .NET-based malware techniques and the LuminousMoth intrusion set.
What types of systems are usually attacked by in-memory malware that was used in the SolarWinds Compromise?,What types of systems are typically targeted by in-memory malware employed in SolarWinds Compromise?,False,True,True,False,True,False,True,True,EQUIVALENT,Both questions ask about the types of systems typically targeted by in-memory malware used in the SolarWinds Compromise.
What are the primary platforms that Soft Cell spyware techniques are typically directed against?,Which platforms serve as the primary targets for the spyware techniques utilized by Soft Cell?,False,True,True,True,False,True,False,False,EQUIVALENT,Both questions ask about the primary platforms targeted by Soft Cell's spyware techniques.
Which industrial control systems are at greatest risk of being compromised by malware from the HEXANE group that specifically targets ICS devices?,"Which systems are most vulnerable to malware attacks by the HEXANE group, which targets ICS devices?",True,False,False,False,False,False,False,True,EQUIVALENT,Both questions ask about the same entities (systems vulnerable to malware attacks by the HEXANE group targeting ICS devices) and the same relationship (vulnerability to compromise).
What systems or networks are commonly targeted by the RPC-based backdoor exploited during a cyber attack attributed to Andariel?,What are the typical targets of the RPC-based backdoor exploited by Andariel in a cyber attack?,True,True,False,False,True,False,False,True,EQUIVALENT,"Both questions ask about the common targets of the RPC-based backdoor used by Andariel in cyber attacks, preserving the same entities and relationship."
What systems or processes are usually targeted by the attackers using the RPC-based backdoor known as HEXANE in a cyber attack scenario?,What are the typical targets of the RPC-based backdoor exploited by HEXANE in a cyber attack?,True,False,False,False,True,False,True,False,EQUIVALENT,"Both questions ask about the typical targets of the RPC-based backdoor used by HEXANE in a cyber attack, maintaining the same entities and relationship."
What detection methods are most critical for identifying RaaS malware operations conducted by the threat actor known as APT17 within a network infrastructure?,What are the essential detection strategies for RaaS malware used by APT17 in a network environment?,False,False,True,True,False,False,True,True,EQUIVALENT,Both questions ask about the critical detection strategies for RaaS malware used by APT17 in a network setting.
What kinds of systems are typically targeted by the RPC-based backdoor known as CURIUM?,Which types of systems are commonly targeted by the RPC-based backdoor employed by CURIUM?,False,False,False,False,True,False,True,False,NOT_EQUIVALENT,The paraphrase incorrectly identifies CURIUM as the name of the backdoor rather than the entity employing the backdoor.
Which environments and platforms are predominantly targeted by the spyware tactics employed in Dragonfly 2.0?,What platforms or environments are most commonly affected by the spyware techniques of Dragonfly 2.0?,True,True,True,True,True,True,True,True,EQUIVALENT,Both questions ask about the same entities (platforms and environments) and the same relationship (affected by or targeted by the spyware techniques of Dragonfly 2.0).
In what settings do the malicious worms employed by GALLIUM usually manifest their malicious behavior?,In which environments do the worms used by GALLIUM typically exhibit their malicious behavior?,False,False,True,True,True,True,True,True,EQUIVALENT,Both questions ask about the environments or settings where the worms used by GALLIUM exhibit their malicious behavior.
What.NET malware tactics are typically associated with the TA505 intrusion set?,Which.NET malware techniques are characteristic of the TA505 intrusion set?,False,False,False,False,False,False,False,False,EQUIVALENT,"Both questions ask about the same entities ("".NET malware techniques/tactics"" and ""TA505 intrusion set"") and the same relationship (characteristic/associated)."
Which systems and platforms are commonly attacked by the worm's tactics as indicated in C0033?,What platforms are frequently targeted by the worm's methods in C0033?,True,True,True,True,True,True,True,True,EQUIVALENT,Both questions ask about the same entities (platforms/systems) and the same relationship (frequently targeted/attacked by the worm's methods/tactics in C0033).
What are the most effective countermeasures against RaaS malware employed by the advanced threat actor APT39?,What methods can be used to detect and prevent RaaS malware used by APT39?,False,False,False,False,False,False,False,False,EQUIVALENT,"Both questions ask about methods to counter RaaS malware used by APT39, preserving the same entities and relationship."
What platforms were compromised by the worm's tactics during the 2016 Ukraine Electric Power Attack?,What types of platforms are vulnerable to the worm's techniques in 2016 Ukraine Electric Power Attack?,True,True,True,False,True,True,True,True,EQUIVALENT,Both questions ask about the same platforms and the same worm's techniques in the context of the 2016 Ukraine Electric Power Attack.
What detection techniques do experts typically use to identify and flag RaaS malware as reported by Moses Staff?,What are the primary detection techniques for RaaS malware utilized by Moses Staff?,True,False,True,False,True,False,True,True,NOT_EQUIVALENT,"The paraphrase changes the focus from the primary techniques used by Moses Staff to the techniques used by experts in general, as reported by Moses Staff."
In which environments do malicious activities from Gallmaker's worms usually manifest themselves?,In which environments do the worms used by Gallmaker typically exhibit their malicious behavior?,True,False,True,False,True,False,True,True,EQUIVALENT,Both questions ask about the environments where the worms used by Gallmaker exhibit their malicious behavior.
Which systems or platforms are susceptible to the spyware tactics employed by Ajax Security Team?,What types of platforms or systems are vulnerable to the spyware techniques used by Ajax Security Team?,True,True,True,False,True,True,True,True,EQUIVALENT,Both questions ask about the same entities (systems or platforms) and the same relationship (vulnerability to spyware techniques used by Ajax Security Team).
What kinds of systems are frequently exploited by malicious software employed to breach Industrial Control Systems devices utilizing NEODYMIUM?,What types of systems are commonly targeted by malware used to compromise the ICS devices of NEODYMIUM?,False,False,False,True,False,False,False,False,EQUIVALENT,"The paraphrase maintains the same entities (types of systems, malware, ICS devices, NEODYMIUM) and the same relationship (targeting/exploiting for compromise/breach)."
What types of systems do malware specifically designed to target industrial control networks operated by Earth Lusca primarily aim to infect?,What are the main targets of malware specifically crafted to infect ICS devices operated by Earth Lusca?,False,False,False,False,False,False,False,False,EQUIVALENT,Both questions ask about the primary targets of malware designed to infect ICS devices operated by Earth Lusca.
"Was MarkiRAT utilized by the Honeybee threat actor in their operation, and if so, what are the key actions it performed?","Can you confirm whether MarkiRAT was used by the Honeybee in their campaign? If yes, what are its primary behaviors?",False,False,False,False,False,False,False,False,EQUIVALENT,Both questions ask about the use of MarkiRAT by Honeybee and seek information on its primary behaviors.
Can a potential threat actor exploit the Outlook Home Page to gain unauthorized access to the Control Server?,Can the Outlook Home Page be used to compromise the Control Server?,False,False,False,False,False,False,False,False,EQUIVALENT,Both questions ask about the potential for the Outlook Home Page to be used to compromise the Control Server.
"Has GOLD SOUTHFIELD utilized the malware Mivast in their cyber operations? If so, what specific behaviors have been documented for this malware?","Has Mivast been employed in the cyber campaign orchestrated by GOLD SOUTHFIELD? If so, what are its identified behaviors?",False,False,False,False,False,False,False,False,EQUIVALENT,Both questions ask about the use of Mivast by GOLD SOUTHFIELD and seek information on its behaviors.
Does ZxShell play a part in the execution of Operation Dust Storm?,Does the Operation Dust Storm involve the deployment of ZxShell?,False,True,True,False,False,False,False,True,EQUIVALENT,Both questions ask whether ZxShell is involved in Operation Dust Storm.
Is the C0015 comprised of the FLASHFLOOD component?,Is FLASHFLOOD a key component of the C0015?,False,True,False,False,False,False,False,False,EQUIVALENT,"Both questions ask if FLASHFLOOD is a component of C0015, preserving the same entities and relationship."
"Has Cobian RAT been utilized by the threat actor known as Leviathan in their malicious activities, and if so, what are its characteristic behaviors?","Has Leviathan employed Cobian RAT in their operations? If they have, describe its typical behaviors.",False,False,False,False,True,False,False,False,EQUIVALENT,"The paraphrase maintains the same entities (Leviathan, Cobian RAT) and the same relationship (utilization in operations), while rephrasing the question in a slightly different way."
"Was Gelsemium an operation in which OopsIE was utilized, and if so, what distinct behaviors does OopsIE typically exhibit?","Is it true that OopsIE was deployed as part of a Gelsemium operation? If so, what are its characteristic behaviors?",True,False,False,False,False,False,False,False,EQUIVALENT,Both questions ask whether OopsIE was part of the Gelsemium operation and request information about its characteristic behaviors.
Were the key behaviors of the Ferocious Kitten campaign associated with the detection of Desert Scorpion?,"Were any instances of Desert Scorpion detected in the Ferocious Kitten campaign? If yes, what are its key behaviors?",False,False,False,False,False,False,False,False,NOT_EQUIVALENT,"The paraphrase changes the focus from the detection of Desert Scorpion in the Ferocious Kitten campaign to the key behaviors being associated with the detection, altering the relationship and scope of the question."
What actions are performed by the Lokibot?,What actions does the Lokibot take?,True,True,True,True,True,True,True,True,EQUIVALENT,"Both questions ask about the actions performed by the Lokibot, preserving the same entities and relationship."
What characteristic behavior is associated with the Uroburos?,What kind of behavior is characteristic of the Uroburos?,True,True,True,True,True,True,True,False,EQUIVALENT,"Both questions ask about the characteristic behavior of the Uroburos, preserving the same entities and relationship."
How does the SUNSPOT function?,In what way does the SUNSPOT operate?,False,False,True,True,True,True,True,True,EQUIVALENT,Both questions ask about the operational method of the SUNSPOT.
How do MESSAGETAP methods manage to avoid being detected by firewalls and other security software?,In what ways do MESSAGETAP techniques evade detection by firewalls and other security tools?,False,False,True,False,False,False,True,False,EQUIVALENT,Both questions ask about the methods MESSAGETAP techniques use to avoid detection by firewalls and security tools.
What features is the ThiefQuest known for?,What characteristics does the ThiefQuest exhibit?,False,True,False,True,False,True,True,False,EQUIVALENT,"Both questions ask about the notable aspects of ThiefQuest, using different words to refer to these aspects (characteristics vs. features)."
How does the Shark function?,In what way does the Shark operate?,True,True,True,True,True,True,True,True,EQUIVALENT,Both questions ask about the method of operation or functioning of the Shark.
What is the operational mechanism of BlackMould?,How does the BlackMould function?,True,True,True,True,True,True,True,True,EQUIVALENT,Both questions ask about the operational mechanism of BlackMould.
In which domains is the cmd most frequently encountered?,What are the domains where cmd is most commonly found?,False,False,False,False,False,False,False,False,EQUIVALENT,Both questions ask about the domains where cmd is most frequently found/encountered.
What types of security measures are commonly circumvented by the CARROTBAT tactics?,What types of safeguards are typically outsmarted by CARROTBAT tactics?,True,True,True,True,True,True,True,True,EQUIVALENT,Both questions ask about the same types of security measures and the relationship of being outsmarted/circumvented by CARROTBAT tactics.
What security measures are evaded by the tactics employed in the Cinnamon Tempest?,What security defenses are bypassed by techniques used by the Cinnamon Tempest?,False,True,True,True,True,True,True,True,EQUIVALENT,"The paraphrase maintains the same entities and relationship, asking about the security measures bypassed by the techniques used in the Cinnamon Tempest."
What types of security measures are commonly evaded by the tactics employed by InnaputRAT?,Which types of defenses are typically circumvented by InnaputRAT methods?,True,True,True,False,True,True,True,True,EQUIVALENT,Both questions ask about the same types of security measures and the same relationship regarding InnaputRAT's methods.
What types of security measures commonly fall prey to the tactics employed by Royal cyber threats?,What types of safeguards are typically outsmarted by Royal tactics?,False,True,False,True,False,True,True,True,NOT_EQUIVALENT,"The paraphrase introduces a specific context of ""cyber threats"" which was not present in the original question."
What methods does Evilnum employ to avoid being detected by different types of security defenses?,How do techniques utilized by the Evilnum manage to evade detection by various defenses?,True,False,True,False,False,False,True,False,EQUIVALENT,Both questions ask about the methods Evilnum uses to avoid detection by security defenses.
What are the primary targets of the tactics and methods employed by Metador?,What types of platforms or devices are the Metador tactics and methods primarily intended to target?,False,False,False,False,False,False,False,False,EQUIVALENT,"Both questions ask about the primary targets of the tactics and methods associated with Metador, preserving the same entities and relationship."
What security protocols do DarkTortilla exploits commonly circumvent?,Which security protocols are often bypassed by DarkTortilla exploits?,True,True,True,False,True,True,True,True,EQUIVALENT,Both questions ask about the same security protocols that are commonly bypassed or circumvented by DarkTortilla exploits.
What are the actions that Prestige undertakes?,What actions does the Prestige take?,True,True,True,True,True,True,True,True,EQUIVALENT,Both questions ask about the same actions and the same entity (Prestige).
What malware was utilized in the 2016 Ukraine Electric Power Attack?,What type of malware is used by the 2016 Ukraine Electric Power Attack?,True,False,True,False,True,False,False,True,EQUIVALENT,Both questions ask for the type of malware used in the 2016 Ukraine Electric Power Attack.
What was the primary target of the 2015 Ukraine Electric Power Attack cyberattack?,What platform was the focal point of the 2015 Ukraine Electric Power Attack's cyberattack?,False,False,False,False,False,False,False,False,EQUIVALENT,Both questions ask for the main target of the 2015 Ukraine Electric Power Attack's cyberattack.
What typical behaviors are commonly linked to TDTESS?,What are the typical behaviors associated with the TDTESS?,True,True,True,True,True,True,True,True,EQUIVALENT,"Both questions ask about the typical behaviors associated with TDTESS, preserving the same entities and relationship."
In which environment does Cobalt Strike typically initiate its operation?,In what environment does Cobalt Strike become active?,False,False,False,False,True,False,True,False,EQUIVALENT,"Both questions ask about the environment in which Cobalt Strike becomes active or initiates its operation, preserving the same entities and relationship."
What security measures can FIN7's tactics be designed to evade or bypass?,What types of security measures can techniques employed by the FIN7 circumvent?,False,False,True,False,True,False,True,False,EQUIVALENT,Both questions ask about the security measures that can be evaded by the techniques used by FIN7.
What devices or systems are primarily targeted by the tactics associated with CopyKittens?,What types of devices or systems are the primary targets of the CopyKittens tactics?,False,True,False,False,False,False,False,False,EQUIVALENT,"Both questions ask about the primary targets of the CopyKittens tactics, preserving the same entities and relationship."
How do the methods employed by APT39 undermine the efficacy of diverse security measures?,In what ways do techniques used by the APT39 compromise the effectiveness of various security defenses?,True,False,True,False,False,True,True,True,EQUIVALENT,Both questions ask about the impact of APT39's techniques on the effectiveness of security defenses.
What techniques and platforms are typically linked with FIN6 attacks?,What platforms are commonly associated with the FIN6 attacks and their techniques?,True,True,True,True,True,True,True,False,EQUIVALENT,Both questions ask about the same entities (platforms and techniques) and their relationship to FIN6 attacks.
What methods do FIN4 tactics employ to evade various security defenses?,How do techniques used by the FIN4 outsmart various security defenses?,False,False,True,False,False,True,True,False,EQUIVALENT,Both questions ask about the methods or techniques used by FIN4 to evade or outsmart security defenses.
What technique is utilized by ZIRCONIUM?,What technique does the ZIRCONIUM employ?,True,True,True,True,True,True,True,True,EQUIVALENT,"Both questions ask about the technique used by ZIRCONIUM, preserving the same entity and relationship."
What behaviors are characteristic of the Marcher?,What are the typical behaviors associated with the Marcher?,True,True,True,True,True,True,True,True,EQUIVALENT,Both questions ask about the behaviors characteristic of the Marcher.
What kinds of security measures do Pisloader methods typically bypass?,What kinds of protection do Pisloader techniques usually sidestep?,True,False,True,True,True,True,True,True,EQUIVALENT,"The paraphrase maintains the same meaning, entities, and relationship as the original question."
What security measures are commonly compromised by RedLeaves methods?,What security features do RedLeaves methods frequently undermine?,False,True,True,True,True,True,True,True,EQUIVALENT,Both questions ask about the security features or measures that are frequently compromised or undermined by RedLeaves methods.
What was the primary target of the FunnyDream cyberattack's focus?,What platform was the focal point of the FunnyDream's cyberattack?,False,False,False,False,False,False,False,False,EQUIVALENT,Both questions ask for the primary target or focal point of the FunnyDream cyberattack.
On which platforms or devices are the Magic Hound tactics and methods primarily designed to operate?,What types of platforms or devices are the Magic Hound tactics and methods primarily intended to target?,True,False,True,True,True,False,True,False,EQUIVALENT,Both questions ask about the primary platforms or devices targeted by the Magic Hound tactics and methods.
What behavior can be expected from Sakula?,How does the Sakula behave?,True,True,True,True,True,False,True,True,EQUIVALENT,Both questions ask about the behavior of the entity Sakula.
What security protocols are commonly evaded by SpyDealer exploits?,Which security protocols are often bypassed by SpyDealer exploits?,True,True,True,True,True,True,True,False,EQUIVALENT,Both questions ask about the same security protocols and the relationship of being bypassed/evaded by SpyDealer exploits.
What security measures do various TEXTMATE tactics manage to circumvent?,What security measures do TEXTMATE techniques manage to evade?,False,False,True,True,True,True,True,True,EQUIVALENT,The paraphrase maintains the same entities (TEXTMATE techniques/tactics) and the same relationship (security measures they evade/circumvent).
What are the specific actions that the ObliqueRAT malware performs?,What actions does the ObliqueRAT take?,True,True,True,True,True,True,True,True,EQUIVALENT,Both questions ask about the specific actions performed by the ObliqueRAT malware.
What methodology has been utilized in the context of FunnyDream?,What approach has been taken in the FunnyDream?,True,True,True,True,True,False,True,True,EQUIVALENT,Both questions ask about the same methodology or approach used in the FunnyDream context.
What security measures can Peppy tactics successfully bypass?,What security measures do Peppy techniques manage to evade?,True,True,True,True,True,True,True,True,EQUIVALENT,Both questions ask about the same entities (Peppy techniques/tactics) and the same relationship (evading/bypassing security measures).
What methods do TURNEDUP techniques utilize to remain undetected by firewalls and other security-related software?,In what ways do TURNEDUP techniques evade detection by firewalls and other security tools?,False,False,False,False,False,False,True,False,EQUIVALENT,"Both questions ask about the methods TURNEDUP techniques use to avoid detection by security measures, preserving the same entities and relationship."
What malware is believed to have been utilized during the 2022 Ukraine Electric Power Attack?,What kind of virus is being employed by the 2022 Ukraine Electric Power Attack?,True,False,True,False,True,True,False,True,NOT_EQUIVALENT,"The original question asks about the type of virus, while the paraphrase asks about malware, which could include a broader range of malicious software beyond viruses."
What characteristics are inherent to the GrimAgent?,What characteristics does the GrimAgent exhibit?,True,False,True,True,True,True,True,False,EQUIVALENT,Both questions ask about the characteristics inherent to the GrimAgent.
What type of attack vector is most frequently associated with the LAPSUS$?,Which attack vector is commonly linked to the LAPSUS$?,False,False,True,True,True,True,True,True,EQUIVALENT,Both questions ask about the most common or frequently associated attack vector linked to the LAPSUS$.
What types of security measures typically get bypassed by Marcher tactics?,What kinds of protection do Marcher techniques usually sidestep?,True,True,True,True,True,True,True,True,EQUIVALENT,Both questions ask about the types of protection or security measures that are typically bypassed by Marcher techniques or tactics.
What types of security measures are commonly bypassed by BLACKCOFFEE tactics?,Which types of defenses are typically circumvented by BLACKCOFFEE methods?,True,True,True,True,True,True,True,True,EQUIVALENT,Both questions ask about the same types of security measures and the same relationship to BLACKCOFFEE methods.
What typical behaviors are commonly linked to the Misdat?,What are the typical behaviors associated with the Misdat?,True,True,True,True,True,True,True,True,EQUIVALENT,"The paraphrase preserves the original meaning, asking about the typical behaviors associated with the Misdat."
What are the defining traits of the Xbash's operational patterns?,What are the primary characteristics of the Xbash's behavior?,True,True,True,True,True,True,True,True,EQUIVALENT,"Both questions ask about the key attributes of Xbash's behavior or operational patterns, preserving the same entities and relationship."
What was the primary focus of the C0017 attack?,What was the primary target in the C0017?,False,False,False,False,False,False,False,False,EQUIVALENT,Both questions ask about the primary target/focus of the C0017 incident.
What methods do malicious actors employ to avoid detection by firewalls and other security tools when utilizing the Trojan-SMS.AndroidOS.OpFake.a threat?,In what ways do Trojan-SMS.AndroidOS.OpFake.a techniques evade detection by firewalls and other security tools?,False,False,False,False,False,False,False,False,EQUIVALENT,Both questions ask about the methods used by the Trojan-SMS.AndroidOS.OpFake.a to evade detection by security tools.
What behaviors are characteristic of the Azorult malware?,What are the typical behaviors associated with the Azorult?,True,True,True,True,True,True,True,True,EQUIVALENT,Both questions ask about the typical behaviors or characteristics of the Azorult malware.
What behavior can be expected from GolfSpy?,How does the GolfSpy behave?,True,True,True,True,True,True,True,True,EQUIVALENT,"Both questions ask about the behavior of the same entity, GolfSpy."
What platforms are likely to be targeted by the Fox Kitten cyber threats?,Which platforms are most vulnerable to the attacks carried out by the Fox Kitten?,False,False,False,False,False,False,True,False,EQUIVALENT,"Both questions ask about the platforms that are at risk from the Fox Kitten's attacks, preserving the same entities and relationship."
What malware does the C0017 virus typically employ?,What virus is the C0017 known to use?,True,False,True,False,True,False,True,True,NOT_EQUIVALENT,"The original question asks about a virus used by C0017, while the paraphrase asks about malware employed by a C0017 virus, changing the subject and the relationship."
What tactics do Pegasus for iOS exploits employ to bypass security protocols?,What security measures do Pegasus for iOS techniques manage to evade?,False,False,False,False,False,False,False,False,EQUIVALENT,Both questions ask about the methods Pegasus for iOS uses to evade security measures.
What security measures are typically evaded by DarkGate exploits?,Which security protocols are often bypassed by DarkGate exploits?,True,True,True,True,True,True,True,True,EQUIVALENT,Both questions ask about the same security protocols or measures that are bypassed or evaded by DarkGate exploits.
What types of security measures are typically circumvented by MobileOrder methods?,What kinds of protection do MobileOrder techniques usually sidestep?,False,True,True,True,True,True,True,True,EQUIVALENT,Both questions ask about the types of security measures that MobileOrder techniques/methods typically bypass.
What methods does XLoader utilize to remain undetected by firewalls and other security software?,In what ways do XLoader techniques evade detection by firewalls and other security tools?,False,False,False,False,False,False,False,False,EQUIVALENT,"Both questions ask about the methods XLoader uses to evade detection by security tools, preserving the same entities and relationship."
What characteristics are most distinctive of SysUpdate's operational behavior?,What are the primary characteristics of the SysUpdate's behavior?,True,True,True,True,True,True,True,True,EQUIVALENT,Both questions ask about the primary or most distinctive characteristics of SysUpdate's behavior.
What technique does Taidoor utilize?,What method does the Taidoor employ?,True,True,True,True,True,True,True,True,EQUIVALENT,"The paraphrase preserves the original meaning, asking about the same method/technique used by Taidoor."
What security protocols typically get circumvented by Remexi exploits?,Which security protocols are often bypassed by Remexi exploits?,False,True,True,True,True,True,True,True,EQUIVALENT,"The paraphrase maintains the same entities (security protocols, Remexi exploits) and the same relationship (bypassing/circumventing)."
What does FIN5's behavior typically manifest as?,What is the nature of the FIN5's behavior?,True,True,True,True,True,True,True,True,EQUIVALENT,Both questions ask about the nature or manifestation of FIN5's behavior.
What defensive measures are typically circumvented by Cryptoistic attacks?,Which defensive strategies are commonly bypassed by Cryptoistic attacks?,False,True,True,True,True,True,True,True,EQUIVALENT,Both questions ask about the same defensive measures and the same relationship of being bypassed by Cryptoistic attacks.
What approach does xCmd employ?,What strategy does the xCmd use?,True,True,True,True,True,True,True,True,EQUIVALENT,"The paraphrase preserves the original meaning, asking about the same strategy/approach used by xCmd."
What are the operational mechanisms behind the Leviathan?,How does the Leviathan operate?,True,True,True,False,True,True,True,True,EQUIVALENT,Both questions ask about the operational mechanisms of the Leviathan.
What method does GCMAN utilize?,What method is employed by the GCMAN?,True,True,True,True,True,True,True,True,EQUIVALENT,"Both questions ask about the method used by GCMAN, preserving the same entity and relationship."
What functionality does ThreatNeedle possess?,How does the ThreatNeedle function?,True,True,False,False,True,True,True,True,EQUIVALENT,Both questions ask about the functionality of ThreatNeedle.
What are the key behavioral traits associated with the CosmicDuke?,What are the primary characteristics of the CosmicDuke's behavior?,True,True,True,True,True,True,True,True,EQUIVALENT,Both questions ask about the main behavioral attributes of CosmicDuke.
What behavior is most characteristic of the Desert Scorpion?,What type of behavior is typical for the Desert Scorpion?,True,True,True,True,True,True,True,True,EQUIVALENT,Both questions ask about the typical or characteristic behavior of the Desert Scorpion.
What tactics do malicious actors use in Bandook attacks to remain undetected by intrusion detection systems and other security software?,How do Bandook attacks manage to evade detection by intrusion detection systems and other security software?,False,False,False,False,False,False,True,False,EQUIVALENT,Both questions ask about the tactics used in Bandook attacks to evade detection by security systems.
What features are inherent to the TYPEFRAME?,What characteristics does the TYPEFRAME exhibit?,False,True,False,True,True,True,False,True,EQUIVALENT,Both questions ask about the inherent attributes of the TYPEFRAME.
What security measures are frequently circumvented by GLOOXMAIL threats?,Which defensive strategies are commonly bypassed by GLOOXMAIL attacks?,True,True,True,True,True,True,True,False,EQUIVALENT,Both questions ask about the same entities (GLOOXMAIL attacks/threats) and the same relationship (commonly bypassed/frequently circumvented security measures).
What sets the BRONZE BUTLER apart from other types of cyber threats?,What are the distinguishing characteristics of the BRONZE BUTLER?,False,False,True,False,True,False,False,False,EQUIVALENT,Both questions ask about the unique features that distinguish the BRONZE BUTLER.
What tactics do Octopus attacks employ to avoid being detected by intrusion detection systems and other types of security software?,How do Octopus attacks manage to evade detection by intrusion detection systems and other security software?,False,False,True,False,False,False,False,False,EQUIVALENT,Both questions ask about the tactics used by Octopus attacks to avoid detection by intrusion detection systems and other security software.
How does the Calisto function?,In what way does the Calisto operate?,True,True,True,True,True,True,True,True,EQUIVALENT,Both questions ask about the operational method of the Calisto.
What types of defense can be circumvented by using Forfiles?,What defense Forfiles can be sidestepped by?,True,False,False,True,True,False,True,False,NOT_EQUIVALENT,"The original question asks what defenses Forfiles can sidestep, while the paraphrase asks what types of defense can be circumvented by using Forfiles, which changes the focus from the specific defenses to the types of defenses."
How does the EventBot function?,In what way does the EventBot operate?,False,True,True,True,True,True,True,True,EQUIVALENT,Both questions ask about the operational method of the EventBot.
What types of malicious activities is APT29 commonly known to conduct?,What kind of actions does the APT29 typically undertake?,True,True,True,False,True,True,True,True,EQUIVALENT,Both questions ask about the same entity (APT29) and the same relationship (types of actions/activities undertaken).
What security protocols are commonly circumvented by SpyNote RAT malware?,Which security protocols are often bypassed by SpyNote RAT exploits?,False,True,True,True,False,False,False,True,EQUIVALENT,Both questions ask about the same security protocols and the same relationship of being bypassed by SpyNote RAT.
What types of defenses do BlackMould methods typically evade?,What kinds of protection do BlackMould techniques usually sidestep?,True,True,True,True,True,True,True,True,EQUIVALENT,The paraphrase maintains the same entities (BlackMould techniques/methods) and the same relationship (kinds of protection/types of defenses they sidestep/evade).
What type of defense can be compromised by a Ping?,Which defense Ping can be compromised by?,False,False,False,False,False,False,False,False,NOT_EQUIVALENT,"The original question specifies a particular defense (Ping), while the paraphrase asks about a type of defense in general."
What methods does the Sidewinder utilize to evade and bypass multiple layers of security defenses?,How do techniques used by the Sidewinder outsmart various security defenses?,False,False,True,False,False,False,True,False,EQUIVALENT,"Both questions ask about the methods used by the Sidewinder to overcome security defenses, preserving the same entities and relationship."
What security measures are commonly circumvented by COATHANGER attacks?,Which security protocols are often bypassed by COATHANGER exploits?,True,True,True,True,True,True,True,True,EQUIVALENT,Both questions ask about the same security protocols/measures that are bypassed/circumvented by COATHANGER exploits/attacks.
What methods do security systems struggle to detect due to the nature of BOOTRASH tactics?,How do BOOTRASH tactics avoid detection by security systems?,False,False,False,False,False,False,False,False,NOT_EQUIVALENT,"The paraphrase shifts the focus from how BOOTRASH tactics avoid detection to what methods security systems fail to detect, altering the relationship and scope of the question."
What strategies employed by the Ajax Security Team enable them to evade detection by different types of security defenses?,How do techniques utilized by the Ajax Security Team manage to evade detection by various defenses?,True,False,True,False,True,True,True,False,EQUIVALENT,Both questions ask about the strategies or techniques used by the Ajax Security Team to evade detection by security defenses.
What actions does AcidRain typically undertake?,What actions does the AcidRain take?,True,True,True,True,True,True,True,True,EQUIVALENT,"The paraphrase preserves the original meaning, asking about the actions of AcidRain with a slight variation in wording."
What kinds of actions are commonly associated with the Frankenstein?,What kind of actions does the Frankenstein typically undertake?,True,True,True,True,True,True,True,True,EQUIVALENT,"Both questions ask about the typical actions associated with Frankenstein, preserving the same entities and relationship."
In which domains does the malicious activity of Out1 take place?,In what domains does Out1 carry out its malicious activities?,False,False,False,False,False,False,False,False,EQUIVALENT,Both questions ask about the same entities (Out1) and the same relationship (domains of malicious activities).
What platform does Pupy specifically operate on?,What is the target platform for Pupy?,False,False,False,False,False,False,False,False,EQUIVALENT,Both questions ask about the specific platform that Pupy operates on.
What security controls do FakeSpy tactics successfully bypass?,What security measures do FakeSpy techniques manage to evade?,True,True,True,True,True,True,True,True,EQUIVALENT,Both questions ask about the same security measures and techniques/tactics of FakeSpy that successfully evade/bypass them.
What types of security measures are evaded by the SpicyOmelette techniques?,What security measures do SpicyOmelette techniques manage to evade?,True,True,True,True,True,True,True,True,EQUIVALENT,Both questions ask about the same entities (SpicyOmelette techniques) and the same relationship (security measures evaded).
What method does the Turla utilize?,What method is employed by the Turla?,True,True,True,True,True,True,True,True,EQUIVALENT,"Both questions ask about the method used by the Turla, preserving the same entity and relationship."
What traits or features are associated with ShimRat?,What characteristics does the ShimRat exhibit?,True,True,True,True,False,True,True,False,EQUIVALENT,Both questions ask about the same characteristics or traits of ShimRat.
What method does the Gelsemium utilize?,What method is employed by the Gelsemium?,True,True,True,True,True,True,True,True,EQUIVALENT,"Both questions ask about the method used by Gelsemium, preserving the same entity and relationship."
What security measures are often compromised by the use of LoudMiner tactics?,What security features do LoudMiner methods frequently undermine?,False,True,True,True,False,True,True,True,EQUIVALENT,Both questions ask about the security features or measures that are frequently compromised or undermined by LoudMiner methods or tactics.
What is the primary tactic employed by the Unitronics Defacement Campaign?,What has been the primary method used by the Unitronics Defacement Campaign?,True,False,True,True,True,True,True,True,EQUIVALENT,"Both questions ask about the primary method or tactic used by the Unitronics Defacement Campaign, preserving the same entities and relationship."
What types of security measures do DarkWatchman tactics successfully bypass?,What security measures do DarkWatchman techniques manage to evade?,True,True,True,True,True,True,True,True,EQUIVALENT,Both questions ask about the same entities (DarkWatchman techniques/tactics) and the same relationship (evading/bypassing security measures).
What platforms are usually targeted by the techniques commonly associated with Group5?,What platforms do the techniques employed by the Group5 typically target?,True,False,True,True,True,True,True,False,EQUIVALENT,Both questions ask about the platforms typically targeted by the techniques of Group5.
What behaviors are commonly linked to the malware known as Trojan.Karagany?,What are the typical behaviors associated with the Trojan.Karagany?,False,True,True,True,True,True,False,True,EQUIVALENT,Both questions ask about the typical behaviors associated with the malware Trojan.Karagany.
What methods are used by EnvyScout threats to remain undetected by intrusion detection systems and other security software?,How do EnvyScout attacks manage to evade detection by intrusion detection systems and other security software?,False,False,False,False,False,False,False,False,EQUIVALENT,Both questions ask about the methods EnvyScout attacks use to evade detection by security systems.
What are the specific actions performed by the Hancitor?,What actions does the Hancitor take?,True,True,True,True,True,True,True,True,EQUIVALENT,"Both questions ask about the same actions performed by the Hancitor, with no change in entities or relationship."
In which areas or networks does MCMD conduct its malicious operations?,In what domains does MCMD carry out its malicious activities?,False,False,False,False,False,False,False,False,EQUIVALENT,Both questions ask about the same entities (MCMD) and the same relationship (domains/areas of malicious activities/operations).
What security measures are often compromised by BS2005 techniques?,What security features do BS2005 methods frequently undermine?,False,True,True,False,True,True,True,True,EQUIVALENT,Both questions ask about the security features or measures that are frequently compromised or undermined by BS2005 methods or techniques.
What methods does ToddyCat commonly employ to execute its operations?,What approach does the ToddyCat typically use to carry out its operations?,True,True,True,True,True,True,True,True,EQUIVALENT,Both questions ask about the common methods or approaches ToddyCat uses to execute its operations.
What manner in which the Ramsay functions?,In what way does the Ramsay operate?,True,True,True,True,True,True,True,True,EQUIVALENT,Both questions ask about the manner or way in which the Ramsay functions or operates.
What methods do security tools struggle to detect due to ZLib?,In what ways do ZLib techniques evade detection by firewalls and other security tools?,False,False,False,False,False,False,False,False,NOT_EQUIVALENT,"The paraphrase shifts the focus from ZLib techniques evading detection to security tools struggling to detect certain methods, changing the subject and the relationship being asked about."
What techniques do ACAD/Medre.A use to avoid being detected by intrusion detection systems and other security software?,How do ACAD/Medre.A attacks manage to evade detection by intrusion detection systems and other security software?,False,False,False,False,False,False,False,False,EQUIVALENT,Both questions ask about the techniques used by ACAD/Medre.A to avoid detection by security systems.
What sets the Turla apart from other cyber threats?,What are the distinguishing characteristics of the Turla?,False,True,True,False,False,False,False,False,EQUIVALENT,Both questions ask about the unique features that distinguish the Turla from other entities.
What behaviors are commonly linked to the use of Machete?,What are the typical behaviors associated with the Machete?,True,True,True,True,True,True,True,True,EQUIVALENT,Both questions ask about the behaviors commonly associated with the use of a machete.
What types of activities are usually characteristic of the Ember Bear?,What kind of actions does the Ember Bear typically undertake?,True,True,True,True,True,True,True,True,EQUIVALENT,Both questions ask about the typical actions or activities characteristic of the Ember Bear.
The Unitronics Defacement Campaign defense measure was successfully circumvented.,The Unitronics Defacement Campaign defense measure was bypassed,False,True,False,False,False,True,True,False,EQUIVALENT,"The paraphrase maintains the same meaning, entities, and relationship as the original, with ""bypassed"" and ""successfully circumvented"" being synonymous in this context."
On which platform does PowerSploit most commonly operate?,On which type of platform is PowerSploit typically found?,False,False,False,False,False,False,True,False,EQUIVALENT,"Both questions ask about the platform where PowerSploit is typically found or most commonly operates, preserving the same entities and relationship."
What traits are exhibited by the Mis-Type?,What characteristics does the Mis-Type exhibit?,True,True,True,True,True,True,True,True,EQUIVALENT,Both questions ask about the traits or characteristics exhibited by the Mis-Type.
What defensive measures are typically circumvented by NETEAGLE attacks?,Which defensive strategies are commonly bypassed by NETEAGLE attacks?,False,True,True,False,True,False,True,True,EQUIVALENT,Both questions ask about the same defensive measures and the same relationship of being bypassed by NETEAGLE attacks.
What behavior is commonly linked to GALLIUM?,What is the typical behavior associated with the GALLIUM?,True,True,True,True,True,True,True,False,EQUIVALENT,Both questions ask about the typical or common behavior associated with GALLIUM.
What security measures do methods associated with IcedID often compromise?,What security features do IcedID methods frequently undermine?,True,True,True,True,False,True,True,True,EQUIVALENT,Both questions ask about the security features or measures that are frequently compromised or undermined by methods related to IcedID.
What tactic is linked to the Leafminer?,What strategy is associated with the Leafminer?,True,True,True,True,True,True,True,True,EQUIVALENT,"The paraphrase maintains the same entities and relationship, substituting ""strategy"" with ""tactic"" and ""associated with"" with ""linked to,"" which are semantically equivalent."
What security protocols are commonly circumvented by OLDBAIT exploits?,Which security protocols are often bypassed by OLDBAIT exploits?,True,True,True,True,True,True,True,True,EQUIVALENT,Both questions ask about the same security protocols and the relationship of being bypassed/circumvented by OLDBAIT exploits.
How does Fgdump typically function?,What is the Fgdump's mode of operation?,True,True,True,True,True,True,True,True,EQUIVALENT,Both questions ask about the typical functioning or mode of operation of Fgdump.
What types of security measures are typically evaded by NetTraveler tactics?,What kinds of protection do NetTraveler techniques usually sidestep?,False,True,False,True,True,True,True,True,EQUIVALENT,Both questions ask about the types of security measures that NetTraveler techniques evade.
What types of systems or networks are targeted by the Silent Librarian tactics for compromise or disruption?,What platforms do the Silent Librarian techniques aim to compromise or disrupt?,False,False,False,False,False,False,False,False,EQUIVALENT,Both questions ask about the same entities (platforms/systems) and the same relationship (aim to compromise or disrupt/targeted for compromise or disruption).
What types of systems and networks are commonly targeted by the APT37 for unauthorized entry?,What platforms are typically exploited by the APT37 to gain unauthorized access?,False,False,False,False,False,False,False,False,EQUIVALENT,Both questions ask about the same entities (platforms/systems and networks) and the same relationship (exploited/targeted for unauthorized access/entry).
What types of security measures are commonly bypassed by DealersChoice tactics?,Which types of defenses are typically circumvented by DealersChoice methods?,True,True,False,True,True,True,True,True,EQUIVALENT,Both questions ask about the same types of security measures and the methods used to bypass them by DealersChoice.
What types of security measures often fall prey to the cunning strategies employed by the Brave Prince?,What types of safeguards are typically outsmarted by Brave Prince tactics?,False,True,True,True,False,True,True,True,EQUIVALENT,Both questions ask about the types of security measures that are typically outsmarted or fall prey to the tactics or strategies of the Brave Prince.
What is the primary characteristic of FunnyDream?,What is the primary behavior of the FunnyDream?,False,True,False,False,True,False,False,False,NOT_EQUIVALENT,"""Behavior"" and ""characteristic"" are not necessarily the same, as behavior refers to actions while characteristic can refer to any trait or quality."
What behaviors are commonly linked to the NanHaiShu?,What are the typical behaviors associated with the NanHaiShu?,True,True,True,True,True,True,True,True,EQUIVALENT,"Both questions ask about the typical or common behaviors associated with the NanHaiShu, preserving the same entities and relationship."
What strategy has been linked to Operation Wocao?,Which strategy has been associated with the Operation Wocao?,True,True,True,False,True,False,True,True,EQUIVALENT,"Both questions ask about the strategy associated with Operation Wocao, preserving the same entities and relationship."
What method was employed in the Maroochy Water Breach?,What approach has been taken in the Maroochy Water Breach?,True,True,True,True,True,True,True,True,EQUIVALENT,Both questions ask about the method or approach used in the Maroochy Water Breach.
What methods used by TA459 enable it to avoid being detected by different types of defenses?,How do techniques utilized by the TA459 manage to evade detection by various defenses?,True,False,True,False,False,False,True,True,EQUIVALENT,Both questions ask about the methods used by TA459 to avoid detection by various defenses.
What methods do INCONTROLLER tactics employ to evade detection by security systems?,How do INCONTROLLER tactics avoid detection by security systems?,False,False,False,False,False,False,True,False,EQUIVALENT,Both questions ask about the methods INCONTROLLER tactics use to avoid detection by security systems.
What type of malware is utilized by the C0033?,What kind of malicious software is used by the C0033?,False,False,True,False,False,False,False,False,EQUIVALENT,"The paraphrase preserves the original meaning, asking about the type of malware used by C0033."
Which operating systems or devices are typically targeted by the Dark Caracal methods?,What operating systems or devices are commonly affected by the Dark Caracal techniques?,True,True,True,True,True,True,True,True,EQUIVALENT,Both questions ask about the same entities (operating systems or devices) and the same relationship (affected by or targeted by Dark Caracal techniques).
How does the Lizar function?,In what way does the Lizar operate?,True,True,True,True,True,True,True,True,EQUIVALENT,Both questions ask about the operational method of the Lizar.
What types of actions does LockerGoga typically execute?,What actions does the LockerGoga  take?,True,True,False,False,True,True,False,False,EQUIVALENT,"Both questions ask about the actions or types of actions executed by LockerGoga, preserving the same entity and relationship."
How do PipeMon methods avoid being detected by firewalls and other security tools?,In what ways do PipeMon techniques evade detection by firewalls and other security tools?,False,False,True,False,False,False,True,False,EQUIVALENT,"Both questions ask about the methods PipeMon uses to avoid detection by security tools, preserving the same entities and relationship."
How do the tactics employed by DroidJack RAT enable it to avoid being detected by firewalls and other security measures?,In what ways do DroidJack RAT techniques evade detection by firewalls and other security tools?,False,False,True,False,False,False,True,False,EQUIVALENT,"Both questions ask about the methods DroidJack RAT uses to evade detection by security tools, preserving the same entities and relationship."
In what ways does the Gamaredon Group make its presence known?,How does the Gamaredon Group manifest its presence?,True,True,True,True,True,True,True,True,EQUIVALENT,Both questions ask about the methods or ways the Gamaredon Group demonstrates its presence.
What security protocols are typically evaded by the EvilBunny exploits?,Which security protocols are often bypassed by EvilBunny exploits?,False,True,True,True,True,True,True,True,EQUIVALENT,"The paraphrase maintains the same entities (security protocols, EvilBunny exploits) and the same relationship (bypassing/evading) as the original question."
How was the CostaRicto operation conducted?,In what way has the CostaRicto been carried out?,False,True,True,True,True,True,False,True,EQUIVALENT,Both questions ask about the manner in which the CostaRicto operation was conducted.
What behaviors are most commonly observed with RCSAndroid?,What are the typical behaviors associated with the RCSAndroid?,True,True,True,True,True,True,True,True,EQUIVALENT,Both questions ask about the common behaviors associated with RCSAndroid.
What behaviors are commonly observed with the RogueRobin?,What are the typical behaviors associated with the RogueRobin?,True,True,True,True,True,True,True,True,EQUIVALENT,Both questions ask about the common or typical behaviors associated with RogueRobin.
What security measures can the tactics used by the Silent Librarian evade or bypass?,What types of security measures can techniques employed by the Silent Librarian circumvent?,False,True,True,True,False,True,True,True,EQUIVALENT,Both questions ask about the same security measures and the techniques/tactics used by the Silent Librarian to evade or bypass them.
What are the operational capabilities of CrossRAT?,How does the CrossRAT function?,True,True,True,True,True,True,True,False,NOT_EQUIVALENT,"The original question asks about the function of CrossRAT, while the paraphrase asks about its operational capabilities, which may not cover the same scope."
What characteristics are most representative of FlawedGrace's behavior?,What are the primary characteristics of the FlawedGrace's behavior?,True,True,True,True,True,True,True,True,EQUIVALENT,Both questions ask for the main traits that define FlawedGrace's behavior.
What types of security measures are frequently evaded by Fakecalls tactics?,What types of safeguards are typically outsmarted by Fakecalls tactics?,True,True,False,True,True,True,True,True,EQUIVALENT,Both questions ask about the same types of security measures and the relationship of being outsmarted/evaded by Fakecalls tactics.
What security measures can be evaded by the tactics used by TA505?,What types of security measures can techniques employed by the TA505 circumvent?,False,True,True,True,True,True,True,True,EQUIVALENT,Both questions ask about the security measures that can be circumvented by the techniques or tactics used by TA505.
What kind of behavior is exhibited by IceApple?,How does the IceApple behave?,True,True,True,True,True,True,True,True,EQUIVALENT,Both questions ask about the behavior of IceApple.
What defensive measures are frequently evaded by Catchamas attacks?,Which defensive strategies are commonly bypassed by Catchamas attacks?,False,True,True,True,True,True,True,True,EQUIVALENT,Both questions ask about the same entities (defensive strategies/measures) and the same relationship (commonly bypassed/frequently evaded by Catchamas attacks).
What is the operational mechanism of the Akira?,How does the Akira operate?,True,True,True,True,True,True,True,True,EQUIVALENT,Both questions ask about the operational mechanism of the Akira.
What method is used by the ALLANITE?,What method is employed by the ALLANITE?,True,True,True,True,True,True,True,True,EQUIVALENT,"The paraphrase preserves the original meaning, entities, and relationship, with only a minor change in wording."
What distinguishes the Chimera from other threats in terms of its fundamental nature?,What are the distinguishing characteristics of the Chimera?,False,False,False,False,False,False,False,False,NOT_EQUIVALENT,"The paraphrase introduces a comparison with other threats, which was not present in the original question."
What behavior is typically associated with the HOPLIGHT?,What kind of behavior is characteristic of the HOPLIGHT?,True,True,True,True,True,True,True,True,EQUIVALENT,"Both questions ask about the typical behavior associated with the HOPLIGHT, preserving the same entities and relationship."
What is the operational mechanism of Exobot?,How does the Exobot function?,True,True,True,True,True,True,True,True,EQUIVALENT,Both questions ask about the operational mechanism of Exobot.
What security features are commonly compromised by OBAD methods?,What security features do OBAD methods frequently undermine?,False,True,True,False,True,True,True,True,EQUIVALENT,Both questions ask about the same security features compromised by OBAD methods.
What was the primary goal of the Triton Safety Instrumented System Attack in relation to the targeted industrial control system?,What was the main objective of the Triton Safety Instrumented System Attack in terms of the target platform?,False,False,False,False,False,False,False,False,EQUIVALENT,"Both questions ask about the primary goal of the Triton Safety Instrumented System Attack in relation to the targeted system, preserving the same entities and relationship."
What tactics do attackers employing AuditCred utilize to successfully avoid being detected by intrusion detection systems and other security software?,How do AuditCred attacks manage to evade detection by intrusion detection systems and other security software?,False,False,True,False,False,False,False,False,EQUIVALENT,Both questions ask about the tactics used by AuditCred attackers to evade detection by security systems.
What are the defining features of the SHOTPUT's operational behavior?,What are the primary characteristics of the SHOTPUT's behavior?,True,True,True,True,True,True,True,True,EQUIVALENT,"Both questions ask about the key attributes of the SHOTPUT's behavior, using different but synonymous terms."
What security mechanisms are commonly circumvented by LIGHTWIRE techniques?,What security features do LIGHTWIRE methods frequently undermine?,True,True,True,True,True,True,True,True,EQUIVALENT,Both questions ask about the security features or mechanisms that are frequently undermined or circumvented by LIGHTWIRE methods or techniques.
What actions are typically undertaken by the Axiom?,What kind of actions does the Axiom typically undertake?,True,True,True,True,True,True,True,True,EQUIVALENT,"The paraphrase preserves the original meaning, entities, and relationship, only changing the sentence structure."
What security protocols typically fall victim to evasion tactics employed by Carberp exploits?,Which security protocols are often bypassed by Carberp exploits?,False,True,True,True,False,True,True,True,EQUIVALENT,Both questions ask about the same security protocols and the same relationship regarding Carberp exploits.
What is the functionality of the HALFBAKED function?,How does the HALFBAKED function?,False,False,False,True,True,False,False,False,EQUIVALENT,Both questions ask about the functionality of the HALFBAKED function.
What kinds of security measures are commonly bypassed by KEYPLUG tactics?,What types of safeguards are typically outsmarted by KEYPLUG tactics?,True,True,True,True,True,True,True,True,EQUIVALENT,Both questions ask about the same entities (safeguards/security measures) and the same relationship (being outsmarted/bypassed by KEYPLUG tactics).
Where does Cachedump's primary impact typically occur?,Where does Cachedump typically exert its influence?,False,False,False,False,False,False,False,False,EQUIVALENT,Both questions ask about the typical location of Cachedump's influence or impact.
In what environment or platform does FTP carry out its operations?,Where does FTP execute its functions?,False,False,False,False,False,False,False,False,EQUIVALENT,Both questions ask about the environment or platform where FTP performs its functions.
What properties are associated with the DEFENSOR ID?,What characteristics does the DEFENSOR ID exhibit?,False,True,False,True,False,False,False,False,EQUIVALENT,"Both questions ask about the attributes or features of the DEFENSOR ID, using different but synonymous terms."
What types of security measures do Shark techniques typically bypass.,What kinds of protection do Shark techniques usually sidestep?,True,True,True,True,True,True,True,True,EQUIVALENT,"The paraphrase maintains the same meaning, asking about the types of security measures (protection) that Shark techniques bypass (sidestep)."
What is the primary function or operation characteristic of Saint Bot?,What is the primary behavior of the Saint Bot?,False,True,True,False,False,False,True,False,EQUIVALENT,"Both questions ask about the primary characteristic or behavior of Saint Bot, maintaining the same entity and relationship."
What tactic was employed by Operation CuckooBees?,The Operation CuckooBees utilized which tactic?,True,True,True,True,True,True,True,True,EQUIVALENT,Both questions ask about the tactic used by Operation CuckooBees.
What is the main function of the Prikormka?,What is the primary behavior of the Prikormka?,False,False,False,False,False,False,False,False,NOT_EQUIVALENT,"""Behavior"" and ""function"" can have different connotations, especially in the context of a specific term like ""Prikormka."""
How do FlyTrap tactics manage to evade detection by firewalls and other security software?,In what ways do FlyTrap techniques evade detection by firewalls and other security tools?,False,False,True,False,False,False,True,False,EQUIVALENT,"Both questions ask about the methods FlyTrap techniques use to avoid detection by security measures, preserving the same entities and relationship."
What methods does Windshift generally employ to execute its operations?,What approach does the Windshift typically use to carry out its operations?,True,True,True,True,True,True,True,True,EQUIVALENT,"Both questions ask about the methods or approaches Windshift uses to carry out its operations, preserving the same entities and relationship."
What operations are carried out by Impacket across various domains?,What domains does Impacket target for its operations?,False,False,False,False,False,False,False,False,EQUIVALENT,Both questions ask about the domains targeted by Impacket's operations.
What is the primary functionality of the HyperBro?,How does the HyperBro function?,True,False,False,True,False,True,False,False,EQUIVALENT,Both questions ask about the main function or functionality of the HyperBro.
What tactics do the individuals associated with the admin@338 account employ to evade detection by diverse security measures?,How do techniques used by the admin@338 outsmart various security defenses?,True,False,True,False,False,False,True,False,EQUIVALENT,"Both questions ask about the methods used by the admin@338 to bypass security defenses, preserving the same entities and relationship."
What types of defenses can be outmaneuvered by CARROTBALL?,Which defense CARROTBALL can be outmaneuvered by?,True,True,True,True,True,False,True,True,NOT_EQUIVALENT,"The original question asks for a specific defense that can be outmaneuvered by CARROTBALL, while the paraphrase asks for types of defenses that can be outmaneuvered by CARROTBALL."
What types of security measures are often evaded or bypassed by the Pay2Key tactics?,What types of safeguards are typically outsmarted by Pay2Key tactics?,False,True,True,True,True,True,True,True,EQUIVALENT,Both questions ask about the same types of security measures and the relationship of being outsmarted or bypassed by Pay2Key tactics.
What methods can bypass or compromise SDelete?,What defense SDelete can be defeated by?,False,False,False,False,False,False,False,False,EQUIVALENT,"Both questions ask about the methods that can defeat or bypass SDelete, maintaining the same entities and relationship."
What strategies do the tactics of Trojan-SMS.AndroidOS.FakeInst.a employ to evade detection by security systems?,How do Trojan-SMS.AndroidOS.FakeInst.a tactics avoid detection by security systems?,False,False,True,False,False,False,True,False,EQUIVALENT,Both questions ask about the same tactics and strategies used by Trojan-SMS.AndroidOS.FakeInst.a to avoid detection by security systems.
What security protocols are commonly circumvented by Power Loader exploits?,Which security protocols are often bypassed by Power Loader exploits?,True,True,True,True,True,True,True,True,EQUIVALENT,"The paraphrase preserves the original meaning, entities, and relationship, with only superficial changes in wording."
What types of defenses can be vulnerable to a netstat compromise?,Which defense netstat can be compromised by?,False,False,False,False,False,False,False,False,NOT_EQUIVALENT,"The original question asks about a specific defense (netstat) being compromised, while the paraphrase asks about types of defenses that can be vulnerable to a netstat compromise, broadening the scope."
What techniques do Black Basta employ to remain undetected by intrusion detection systems and other security software?,How do Black Basta attacks manage to evade detection by intrusion detection systems and other security software?,False,False,False,False,False,False,False,False,EQUIVALENT,Both questions ask about the techniques Black Basta uses to evade detection by security systems.
What types of security measures are able to be evaded by Killdisk methods?,What security measures do Killdisk techniques manage to evade?,False,False,True,True,True,True,True,True,EQUIVALENT,Both questions ask about the same entities (security measures and Killdisk techniques) and the same relationship (what security measures are evaded by Killdisk techniques).
What typical behaviors are associated with the RAPIDPULSE?,What are the typical behaviors associated with the RAPIDPULSE?,True,True,True,True,True,True,True,True,EQUIVALENT,"The paraphrase preserves the original meaning, entities, and relationship, with only a slight reordering of words."
What behavior can be observed from Judy?,How does the Judy behave?,True,True,True,True,True,False,True,True,EQUIVALENT,"Both questions ask about the behavior of the same entity, Judy."
What is Lucifer's primary mode of operation?,What is the primary behavior of the Lucifer?,False,True,True,True,True,False,True,True,EQUIVALENT,Both questions ask about the primary method or behavior of Lucifer.
What platforms are commonly targeted by the tactics and techniques used by Threat Group-3390?,What platforms do the techniques employed by the Threat Group-3390 typically target?,True,True,True,True,True,False,True,False,EQUIVALENT,Both questions ask about the platforms targeted by the techniques used by Threat Group-3390.
What behavior is most commonly linked to the Orangeworm?,What is the typical behavior associated with the Orangeworm?,True,True,True,True,True,True,True,True,EQUIVALENT,Both questions ask about the most common behavior associated with the Orangeworm.
What devices or systems are most frequently targeted by the Dust Storm tactics?,What types of devices or systems are the primary targets of the Dust Storm tactics?,False,True,False,False,False,False,False,False,EQUIVALENT,"Both questions ask about the devices or systems most often targeted by Dust Storm tactics, preserving the same entities and relationship."
What defensive tactics are typically evaded by ViceLeaker attacks?,Which defensive strategies are commonly bypassed by ViceLeaker attacks?,False,True,False,False,False,True,True,True,EQUIVALENT,Both questions ask about the same entities (defensive strategies/tactics) and the same relationship (commonly bypassed/typically evaded by ViceLeaker attacks).
What can evade the security measures listed in Tasklist?,What defense Tasklist can be sidestepped by?,False,False,False,False,False,False,False,False,EQUIVALENT,"Both questions ask about the same entities and relationship, specifically what can bypass the defense measures in Tasklist."
What behavior is typically associated with GPlayed?,What kind of behavior is characteristic of the GPlayed?,True,True,True,True,True,False,True,True,EQUIVALENT,Both questions ask about the typical behavior associated with GPlayed.
What tactics and techniques do threat actors use to evade detection by intrusion detection systems and other security software in WastedLocker attacks?,How do WastedLocker attacks manage to evade detection by intrusion detection systems and other security software?,False,False,True,False,False,False,False,False,EQUIVALENT,"Both questions ask about the same entities (WastedLocker attacks, intrusion detection systems, and other security software) and the same relationship (tactics and techniques to evade detection)."
What tactics do the Gold Dragon attacks employ to successfully evade detection by intrusion detection systems and other security software?,How do Gold Dragon attacks manage to evade detection by intrusion detection systems and other security software?,False,False,False,False,False,False,False,False,EQUIVALENT,Both questions ask about the tactics used by Gold Dragon attacks to evade detection by security systems.
What types of security measures typically get bypassed by Matroyshka tactics?,What kinds of protection do Matroyshka techniques usually sidestep?,True,True,True,True,True,True,True,True,EQUIVALENT,Both questions ask about the types of security measures bypassed by Matryoshka techniques.
Which security systems are vulnerable to the tactics utilized by the Dragonfly?,What types of security systems are susceptible to techniques employed by the Dragonfly?,False,True,True,False,False,True,False,True,EQUIVALENT,Both questions ask about the same entities (security systems and the Dragonfly) and the same relationship (susceptibility to techniques/tactics).
What types of security measures are commonly evaded by the tactics used by Lokibot?,What types of safeguards are typically outsmarted by Lokibot tactics?,True,False,True,False,True,True,True,True,EQUIVALENT,Both questions ask about the same types of security measures and the tactics used by Lokibot to evade them.
What security controls are evaded by the techniques employed by the Frankenstein?,Which security controls are bypassed by the techniques used by the Frankenstein?,True,True,True,True,True,True,True,True,EQUIVALENT,Both questions ask about the same security controls bypassed or evaded by the techniques used by the Frankenstein.
What typical behaviors are commonly linked to Adups?,What are the typical behaviors associated with the Adups?,True,True,True,True,True,True,True,True,EQUIVALENT,"The paraphrase maintains the same entities and relationship, only altering the surface wording."
What is the operational mechanism behind the Teardrop?,How does the Teardrop function?,True,True,True,False,True,True,True,True,EQUIVALENT,Both questions ask about the operational mechanism of the Teardrop.
What kinds of security measures are commonly bypassed by CreepyDrive tactics?,Which types of defenses are typically circumvented by CreepyDrive methods?,True,True,True,True,True,True,True,True,EQUIVALENT,Both questions ask about the same entities (types of defenses/security measures) and the same relationship (circumvented/bypassed by CreepyDrive methods/tactics).
What actions does HyperBro  perform?,What actions does the HyperBro  take?,True,True,True,True,True,True,True,True,EQUIVALENT,"The verbs ""take"" and ""perform"" are synonymous in this context, preserving the original meaning and scope."
What technique is most typical of the DarkVishnya's actions?,What type of technique is characteristic of the DarkVishnya's activities?,True,True,True,True,True,True,True,True,EQUIVALENT,Both questions ask about the characteristic technique of DarkVishnya's activities.
In what ways does the Scarlet Mimic signify its presence?,How does the Scarlet Mimic manifest its presence?,True,True,True,False,True,True,True,True,EQUIVALENT,Both questions ask about the ways in which the Scarlet Mimic indicates its presence.
What methods does SilverTerrier characteristically employ to execute its operations?,What approach does the SilverTerrier typically use to carry out its operations?,True,True,True,True,True,True,True,True,EQUIVALENT,Both questions ask about the typical methods or approaches used by SilverTerrier to carry out its operations.
What behavior is typically associated with the SOUNDBITE?,What kind of behavior is characteristic of the SOUNDBITE?,True,True,True,True,True,True,True,True,EQUIVALENT,"Both questions ask about the typical behavior associated with the SOUNDBITE, preserving the same entities and relationship."
What types of defenses are commonly bypassed by Mosquito methods?,Which types of defenses are typically circumvented by Mosquito methods?,False,True,False,True,True,True,True,True,EQUIVALENT,"The paraphrase maintains the same meaning, asking about the types of defenses that are typically bypassed by Mosquito methods."
How do Mivast tactics manage to evade detection by firewalls and other security software systems?,In what ways do Mivast techniques evade detection by firewalls and other security tools?,False,False,True,False,False,False,True,False,EQUIVALENT,"Both questions ask about the methods Mivast techniques use to avoid detection by security measures, preserving the same entities and relationship."
What kinds of security measures do typical Rover methods generally bypass?,What kinds of protection do Rover techniques usually sidestep?,True,False,True,True,True,True,True,True,EQUIVALENT,The paraphrase maintains the same entities (Rover techniques/methods) and the same relationship (kinds of protection/security measures they sidestep/bypass).
What security measures do these metaMain tactics succeed in avoiding?,What security measures do metaMain techniques manage to evade?,True,True,True,True,False,True,True,True,EQUIVALENT,"The paraphrase preserves the original meaning, entities, and relationship, with only superficial changes in wording."
What can we anticipate from the Dragonfly 2.0 in terms of behavior?,What behavior can be expected from the Dragonfly 2.0?,False,True,True,True,True,True,True,True,EQUIVALENT,Both questions ask about the expected behavior of the Dragonfly 2.0.
Which of the following platforms are most susceptible to the Mofang carried out attacks?,Which platforms are most vulnerable to the attacks carried out by the Mofang?,False,True,False,False,True,False,True,False,EQUIVALENT,"The paraphrase maintains the same entities and relationship, asking about the platforms most susceptible to attacks by the Mofang."
What defensive measures are typically evaded by ServHelper attacks?,Which defensive strategies are commonly bypassed by ServHelper attacks?,True,True,True,True,False,True,True,True,EQUIVALENT,Both questions ask about the same defensive measures and the same relationship of being bypassed/evaded by ServHelper attacks.
What are the core behavioral traits associated with the WhisperGate?,What are the primary characteristics of the WhisperGate's behavior?,True,True,True,True,True,True,True,True,EQUIVALENT,"Both questions ask about the primary characteristics or core behavioral traits of WhisperGate, preserving the same entities and relationship."
Which security systems are vulnerable to the methods utilized by SideCopy?,What types of security systems are susceptible to techniques employed by the SideCopy?,False,True,True,True,False,True,False,True,EQUIVALENT,Both questions ask about the same entities (types of security systems) and the same relationship (susceptibility to SideCopy techniques/methods).
Which operating systems and devices are typically targeted by the APT39 tactics?,What operating systems or devices are commonly affected by the APT39 techniques?,True,True,True,False,True,False,True,False,EQUIVALENT,Both questions ask about the same entities (operating systems and devices) and the same relationship (commonly affected/targeted by APT39 techniques/tactics).
What tactic is utilized by the Naikon?,What method is employed by the Naikon?,True,True,True,True,True,True,True,True,EQUIVALENT,"The paraphrase maintains the same meaning, asking about the method or tactic used by the Naikon."
What is the behavior of the CHOPSTICK?,How does the CHOPSTICK behave?,True,True,True,True,True,True,True,True,EQUIVALENT,"Both questions ask about the behavior of the chopstick, preserving the entity and the relationship."
What security features are commonly compromised by the Exaramel methods?,What security features do Exaramel methods frequently undermine?,False,True,True,False,True,True,True,True,EQUIVALENT,"Both questions ask about the same security features compromised by Exaramel methods, with no change in entities or relationships."
In which domains does PoshC2 typically operate?,What are the domains where PoshC2 is most commonly found?,False,False,False,False,False,False,False,False,EQUIVALENT,"Both questions ask about the common domains of PoshC2, preserving the same entities and relationship."
What behavior patterns are generally linked to the Metador?,What is the typical behavior associated with the Metador?,True,True,True,True,True,True,True,True,EQUIVALENT,Both questions ask about the typical or general behavior patterns associated with the Metador.
How does the GoldMax function in its operation?,In what way does the GoldMax operate?,True,True,True,False,True,True,True,True,EQUIVALENT,Both questions ask about the operational method of the GoldMax.
What actions does eSurv typically undertake?,What actions does the eSurv take?,True,True,True,True,True,True,True,True,EQUIVALENT,"The paraphrase preserves the original meaning, asking about the actions of eSurv with a slight variation in wording."
What types of platforms are usually targeted by the tactics and techniques commonly associated with APT41?,What platforms do the techniques employed by the APT41 typically target?,True,True,True,True,True,False,True,True,EQUIVALENT,"Both questions ask about the platforms targeted by the techniques of APT41, preserving the same entities and relationship."
What security protocols are typically evaded by the exploits of HermeticWizard?,Which security protocols are often bypassed by HermeticWizard exploits?,True,True,True,True,True,True,True,True,EQUIVALENT,Both questions ask about the same security protocols and the same relationship of being bypassed by HermeticWizard exploits.
What does APT16's behavior typically manifest as?,What is the nature of the APT16's behavior?,True,True,True,True,True,True,True,True,EQUIVALENT,Both questions ask about the nature or manifestation of APT16's behavior.
What behavior is commonly associated with the jRAT?,What type of behavior is typical for the jRAT?,True,True,True,False,True,True,True,True,EQUIVALENT,Both questions ask about the common or typical behavior associated with the jRAT.
What methods do Bumblebee threats utilize to remain undetected by intrusion detection systems and other types of security software?,How do Bumblebee attacks manage to evade detection by intrusion detection systems and other security software?,False,False,False,False,False,False,False,False,EQUIVALENT,Both questions ask about the methods Bumblebee attacks use to evade detection by security systems.
What security measures do various Comnie tactics successfully bypass?,What security measures do Comnie techniques manage to evade?,True,False,True,True,True,False,True,True,EQUIVALENT,The paraphrase maintains the same entities (Comnie techniques) and the same relationship (evading security measures) as the original question.
What security protocols are commonly evaded by Orz exploits?,Which security protocols are often bypassed by Orz exploits?,True,True,True,True,True,True,True,False,EQUIVALENT,"The paraphrase preserves the original meaning, asking about the same security protocols and the same relationship of being bypassed by Orz exploits."
What type of malware is utilized by the C0027?,What kind of malicious software is used by the C0027?,False,False,True,False,False,False,False,False,EQUIVALENT,"The paraphrase preserves the original meaning, asking about the type of malware used by C0027."
What tactics or strategies do the meek typically employ?,What mechanism does the meek utilize?,True,True,True,True,True,True,False,True,EQUIVALENT,Both questions ask about the methods or approaches used by the meek.
What can one anticipate from the behavior of APT38?,What behavior can be expected from the APT38?,False,True,True,True,False,True,False,True,EQUIVALENT,Both questions ask about the expected behavior of APT38.
How does the CookieMiner function?,In what way does the CookieMiner operate?,False,True,True,True,True,True,True,True,EQUIVALENT,Both questions ask about the operational method of the CookieMiner.
What techniques do GeminiDuke attacks employ to successfully evade detection by various intrusion detection systems and other types of security software?,How do GeminiDuke attacks manage to evade detection by intrusion detection systems and other security software?,False,False,False,False,False,False,True,False,EQUIVALENT,Both questions ask about the techniques used by GeminiDuke attacks to evade detection by intrusion detection systems and other security software.
What type of malware is believed to have been used by the entity identified as C0026?,The C0026 is thought to have employed which form of malware?,False,False,False,False,False,False,False,False,EQUIVALENT,Both questions ask about the type of malware used by the entity C0026.
What platforms does QuasarRAT primarily operate on?,What is the target platform for QuasarRAT?,False,False,False,False,False,False,False,False,NOT_EQUIVALENT,"The original question asks for a single target platform, while the paraphrase allows for multiple platforms and uses ""primarily operate on,"" which could imply a different scope."
What techniques does the MuddyWater group utilize?,What method does the MuddyWater employ?,True,True,True,True,True,True,True,True,EQUIVALENT,Both questions ask about the methods or techniques used by the MuddyWater group.
What behavior is typically associated with PowerPunch?,What kind of behavior is characteristic of the PowerPunch?,True,True,True,False,True,True,True,True,EQUIVALENT,Both questions ask about the typical behavior associated with PowerPunch.
What operational tactics does the Sandworm Team typically employ?,What is the Sandworm Team's preferred method of operation?,True,True,True,True,True,True,True,True,EQUIVALENT,Both questions ask about the same entity (Sandworm Team) and the same relationship (preferred method of operation/operational tactics).
What kind of behavior is characteristic of Cerberus?,How does the Cerberus behave?,True,True,True,False,True,True,True,True,EQUIVALENT,Both questions ask about the behavior of Cerberus.
What behaviors are commonly linked to the Janicab?,What are the typical behaviors associated with the Janicab?,True,True,True,True,True,True,True,True,EQUIVALENT,Both questions ask about the typical or common behaviors associated with the Janicab.
"Where are Lslsass typically active, and which domains are often implicated in its activities?","Where does Lslsass usually operate, and what domains are involved?",False,False,False,False,False,False,False,False,EQUIVALENT,"The paraphrase maintains the same entities (Lslsass, domains) and the same relationship (where it operates/active, which domains are involved/implicated)."
What security measures are often evaded by the tactics employed by the BlackCat threat actors?,What types of safeguards are typically outsmarted by BlackCat tactics?,True,True,True,True,True,True,True,True,EQUIVALENT,Both questions ask about the same security measures and the tactics used by BlackCat to evade them.
What security measures can the tactics employed by APT-C-23 bypass or circumvent?,Can you identify the security measures that techniques used by the APT-C-23 can evade?,False,True,True,True,True,True,True,True,EQUIVALENT,"Both questions ask about the security measures that APT-C-23 techniques can evade, using synonymous terms."
What defensive measures are often evaded by Chinoxy attacks?,Which defensive strategies are commonly bypassed by Chinoxy attacks?,False,True,True,True,True,True,True,True,EQUIVALENT,Both questions ask about the same defensive measures and the same relationship of being bypassed/evaded by Chinoxy attacks.
What types of security measures are commonly bypassed by Dok techniques?,Which types of defenses are typically circumvented by Dok methods?,True,True,True,True,True,True,True,False,EQUIVALENT,Both questions ask about the same types of security measures and the methods/techniques that bypass them.
How do Adups methods manage to avoid being detected by firewalls and other security tools?,In what ways do Adups techniques evade detection by firewalls and other security tools?,False,False,True,True,False,False,True,False,EQUIVALENT,"Both questions ask about the methods Adups uses to avoid detection by security tools, preserving the same entities and relationship."
What security controls do the tactics employed by APT28 manage to evade or circumvent?,Which security controls are bypassed by the techniques used by the APT28?,False,True,True,False,True,True,True,True,EQUIVALENT,Both questions ask about the same security controls and the same relationship of being bypassed by APT28's techniques.
What types of security measures do BLUELIGHT methods typically bypass?,What kinds of protection do BLUELIGHT techniques usually sidestep?,False,False,True,True,True,True,True,True,EQUIVALENT,The paraphrase maintains the same entities (BLUELIGHT techniques/methods) and the same relationship (kinds/types of protection/security measures they sidestep/bypass).
What types of security controls are able to be circumvented by RegDuke tactics?,What security measures do RegDuke techniques manage to evade?,False,True,True,True,True,True,True,True,EQUIVALENT,Both questions ask about the security measures or controls that RegDuke techniques can evade.
What characteristics are typically associated with POORAIM?,What characteristics does the POORAIM exhibit?,False,True,True,True,True,False,True,True,EQUIVALENT,Both questions ask about the characteristics associated with POORAIM.
What types of security measures are commonly bypassed by Triada tactics?,What types of safeguards are typically outsmarted by Triada tactics?,True,True,False,True,True,True,True,True,EQUIVALENT,"The paraphrase maintains the same meaning, entities, and relationship as the original question."
In what manner does the MONSOON make its presence known?,How does the MONSOON manifest its presence?,True,True,True,True,True,False,True,True,EQUIVALENT,Both questions ask about the manner in which the monsoon manifests its presence.
What security features are commonly circumvented by gh0st RAT tactics?,What security features do gh0st RAT methods frequently undermine?,True,False,True,True,True,True,True,True,EQUIVALENT,Both questions ask about the same security features and the methods/tactics used by gh0st RAT to undermine/circumvent them.
What security controls can techniques employed by MoustachedBouncer circumvent?,Can you identify the security measures that techniques used by the MoustachedBouncer can evade?,True,True,True,False,True,True,True,True,EQUIVALENT,Both questions ask about the security measures or controls that can be evaded or circumvented by techniques used by MoustachedBouncer.
What types of defenses can Peirates evade?,What defense Peirates can be sidestepped by?,False,True,True,True,True,True,True,False,EQUIVALENT,Both questions ask about the types of defenses that Peirates can avoid or sidestep.
What method does GALLIUM typically employ in its operation?,What is the GALLIUM's preferred method of operation?,True,True,True,True,True,True,True,True,EQUIVALENT,Both questions ask about the typical method of operation for GALLIUM.
What malware is primarily utilized by APT37 for the purpose of data theft?,What is the primary malware used by the APT37 for stealing data?,False,False,False,False,False,False,False,False,EQUIVALENT,Both questions ask about the primary malware used by APT37 for data theft.
What malware is used by the notorious hacker group known as Sharpshooter to gain unauthorized access or extort victims?,What is the identity of the backdoor or ransomware used by the Sharpshooter?,False,False,False,False,False,False,False,False,EQUIVALENT,"Both questions ask about the malware used by Sharpshooter, whether it is a backdoor or ransomware, for unauthorized access or extortion."
What methods can be employed to identify the occurrence of OBAD within a system?,How do you detect the presence of OBAD in a system?,False,False,False,False,False,False,False,False,EQUIVALENT,Both questions ask about methods to identify the presence of OBAD in a system.
What malware does the malicious actor known as SideCopy utilize?,What is the name of the rootkit or spyware used by the SideCopy?,False,False,False,False,False,False,False,False,NOT_EQUIVALENT,"The paraphrase broadens the scope from ""rootkit or spyware"" to ""malware"" and changes the focus from the specific tool to the actor's general utilization."
What malware variant is associated with the threat actor known as Honeybee?,What backdoor or ransomware variant is employed by the Honeybee?,False,False,False,False,False,False,False,False,NOT_EQUIVALENT,The paraphrase broadens the scope from a specific type of malware (backdoor or ransomware) to any malware variant.
What ransomware or backdoor is linked to the Scattered Spider?,What type of backdoor or ransomware is associated with the Scattered Spider?,False,False,False,False,True,False,False,False,EQUIVALENT,Both questions ask about the same entities (Scattered Spider) and the same relationship (association with ransomware or backdoor).
What methods are typically employed to identify and counteract the BADHATCH threat?,What are the common methods used to detect and prevent BADHATCH infections?,False,False,False,False,False,False,True,False,EQUIVALENT,"Both questions ask about the methods used to detect and prevent BADHATCH infections, preserving the same entities and relationship."
What techniques are typically employed to identify and counter the Olympic Destroyer malware?,Can you tell me about the techniques used to detect Olympic Destroyer?,False,False,True,False,False,False,False,False,EQUIVALENT,Both questions ask about the techniques used to detect and counter the Olympic Destroyer malware.
What malware is associated with the notorious Stolen Pencil operation?,Which type of rootkit or spyware is linked to the Stolen Pencil?,False,False,False,False,False,False,False,False,NOT_EQUIVALENT,"The paraphrase broadens the scope from ""type of rootkit or spyware"" to ""malware,"" which could include other types of malicious software."
"Which malware type, such as a rootkit or spyware, is most often associated with Akira?",What rootkit or spyware is commonly linked to the Akira?,True,True,True,True,True,True,True,True,EQUIVALENT,"Both questions ask about the same malware type associated with Akira, preserving the entities and relationship."
What FIN10 malware variant does the backdoor or ransomware employ?,What backdoor or ransomware variant is employed by the FIN10?,False,False,False,False,False,True,False,False,EQUIVALENT,"Both questions ask about the same malware variant used by FIN10, whether it is a backdoor or ransomware."
What software tools are available to identify and eliminate the threat of Hydraq?,What tools or software can be used to detect and remove Hydraq?,False,True,False,False,False,False,True,False,EQUIVALENT,"Both questions ask about the same tools or software for detecting and removing the same threat, Hydraq."
What type of spyware or rootkit is typically employed by APT29?,What rootkit or spyware does the APT29 commonly use?,True,True,True,True,True,True,True,True,EQUIVALENT,"Both questions ask about the same entities (APT29, rootkit, spyware) and the same relationship (commonly used/typically employed)."
What software solutions are available for identifying and uninstalling VPNFilter?,What tools or software can be used to detect and remove VPNFilter?,False,False,True,False,False,False,True,False,EQUIVALENT,Both questions ask about the same tools or software for detecting and removing/uninstalling VPNFilter.
What methods are employed to identify and detect SOUNDBITE?,Can you tell me about the techniques used to detect SOUNDBITE?,False,False,False,False,False,False,False,False,EQUIVALENT,"Both questions ask about the methods or techniques used to detect SOUNDBITE, preserving the same entities and relationship."
What software or tools are available to identify and eliminate the threat of NanoCore?,What tools or software can be used to detect and remove NanoCore?,False,False,False,False,False,False,True,True,EQUIVALENT,"Both questions ask about the same tools or software for detecting and removing NanoCore, with no change in entities or relationships."
What malware is being utilized in the Operation CuckooBees?,What rootkit or spyware is being used in the Operation CuckooBees?,False,False,False,False,False,False,False,False,NOT_EQUIVALENT,"The paraphrase broadens the scope from ""rootkit or spyware"" to ""malware,"" which includes a wider range of malicious software."
What malware is associated with the APT1 group's malicious operations?,What is the name of the backdoor or ransomware exploited by the APT1?,False,False,False,False,False,False,False,False,NOT_EQUIVALENT,The paraphrase broadens the scope from a specific type of malware (backdoor or ransomware) to any malware associated with APT1.
What techniques are utilized to detect or identify HotCroissant?,What methods can be used to identify HotCroissant?,False,False,False,False,False,False,False,False,EQUIVALENT,"The paraphrase preserves the original meaning, asking about the methods or techniques used to detect or identify HotCroissant."
"What kind of malware, specifically backdoors or ransomware, does Threat Group-1314 predominantly utilize?",What is the primary backdoor or ransomware used by the Threat Group-1314?,True,False,False,True,True,True,True,False,EQUIVALENT,"Both questions ask about the primary type of malware, specifically backdoors or ransomware, used by Threat Group-1314."
What C0021 typically utilizes as its preferred Remote Access Trojan?,What is the RAT software of choice for C0021?,False,True,False,True,True,True,False,True,EQUIVALENT,Both questions ask about the preferred Remote Access Trojan (RAT) software used by C0021.
What types of malware are utilized by UNC788 to compromise sensitive data?,What kind of malicious software is used by the UNC788 to steal sensitive information?,False,False,False,False,False,False,False,False,EQUIVALENT,Both questions ask about the types of malware used by UNC788 to obtain sensitive information.
What methods are involved in identifying and removing Lurid from a compromised system?,What is the process of detecting and eliminating Lurid from a system?,True,True,True,True,False,False,True,False,EQUIVALENT,Both questions ask about the methods for identifying and removing Lurid from a system.
What ransomware or backdoor is primarily utilized by the APT5 group?,What is the primary backdoor or ransomware used by the APT5?,False,False,True,False,True,False,False,False,EQUIVALENT,"The paraphrase maintains the same entities (APT5, backdoor, ransomware) and the same relationship (primary use) as the original question."
What steps should be taken to identify and eradicate BlackMould from a network?,How can BlackMould be identified and removed from a network?,True,False,True,True,True,False,True,False,EQUIVALENT,Both questions ask about the same entities (BlackMould) and the same relationship (identification and removal/eradication from a network).
What confidential data is primarily targeted by the malware used by Rocke for theft?,What is the primary malware used by the Rocke for stealing confidential data?,False,False,False,False,False,False,False,False,NOT_EQUIVALENT,"The original question asks for the primary malware used, while the paraphrase asks for the primary data targeted, changing the focus of the question."
What malware is utilized by the Cinnamon Tempest in its operations?,What backdoor or ransomware tool is employed by the Cinnamon Tempest?,False,False,False,False,False,False,False,False,NOT_EQUIVALENT,The paraphrase broadens the scope from specific types of malware (backdoor or ransomware) to all types of malware.
What methods would you use to identify the presence of Gooligan within a system?,How do you detect the presence of Gooligan in a system?,False,False,False,False,False,False,False,False,EQUIVALENT,Both questions ask about the methods to identify the presence of Gooligan in a system.
What type of malicious software does Sidewinder utilize for stealing sensitive data?,What malware does Sidewinder employ for data theft?,False,False,False,False,False,False,False,False,EQUIVALENT,Both questions ask about the same entity (Sidewinder) and the same relationship (type of malicious software used for data theft).
What malware is associated with the Sowbug and is utilized for illicit data access?,Which stealing software is linked to the Sowbug and used for unauthorized data access?,False,False,False,False,False,False,False,False,EQUIVALENT,"The paraphrase maintains the same entities (stealing software/malware, Sowbug) and the same relationship (used for unauthorized/illicit data access)."
What methods are employed to identify and detect DRATzarus?,Can you tell me about the techniques used to detect DRATzarus?,False,False,False,True,False,True,False,False,EQUIVALENT,"Both questions ask about the methods or techniques used to detect DRATzarus, preserving the same entities and relationship."
What steps are required to detect and eliminate Cadelspy from a network?,How can Cadelspy be identified and removed from a network?,True,False,True,False,False,False,True,False,EQUIVALENT,"Both questions ask about the methods to identify and remove Cadelspy from a network, preserving the same entities and relationship."
What tool or software does Operation Wocao leverage for data exfiltration purposes?,What malicious program does Operation Wocao use for data exfiltration?,False,False,False,False,False,False,False,False,EQUIVALENT,"The paraphrase maintains the same entities and relationship, asking about the tool or software used by Operation Wocao for data exfiltration."
What steps are involved in identifying and removing DarkWatchman from a compromised system?,What is the process of detecting and eliminating DarkWatchman from a system?,True,False,False,True,False,False,False,True,EQUIVALENT,Both questions ask about the same process of identifying and removing DarkWatchman from a system.
What are the primary countermeasures employed to mitigate and identify RainyDay threats?,What are the common methods used to detect and prevent RainyDay infections?,True,True,False,True,True,False,True,False,EQUIVALENT,"Both questions ask about the methods used to detect and prevent RainyDay infections, using different but synonymous terms."
What techniques are employed for identifying and detecting CORESHELL?,Can you tell me about the techniques used to detect CORESHELL?,False,False,False,True,False,False,False,False,EQUIVALENT,"Both questions ask about the techniques used for detecting CORESHELL, preserving the same entities and relationship."
What malware tools are utilized by Operation Ghost to accomplish its goals?,What type of rootkit or spyware is employed by the Operation Ghost to achieve its objectives?,False,False,False,False,False,False,False,False,NOT_EQUIVALENT,"The paraphrase broadens the scope from ""rootkit or spyware"" to ""malware tools,"" which could include other types of malicious software."
What indicators suggest the presence of Machete in a computer system?,What signs or symptoms indicate the presence of Machete in a computer?,False,False,False,False,False,False,False,False,EQUIVALENT,Both questions ask about the indicators or signs that suggest the presence of Machete in a computer or computer system.
What software or tools are available to identify and eliminate Fakecalls?,What tools or software can be used to detect and remove Fakecalls?,False,True,False,False,False,False,True,False,EQUIVALENT,"The paraphrase maintains the same entities (tools, software, Fakecalls) and the same relationship (detect/remove vs. identify/eliminate)."
What malware is utilized by the group known as the Mustard Tempest?,What is the identity of the backdoor or ransomware used by the Mustard Tempest?,False,False,False,False,False,False,False,False,NOT_EQUIVALENT,The paraphrase broadens the scope from a specific type of malware (backdoor or ransomware) to any type of malware.
What methods are most effective in identifying and thwarting GLASSTOKEN infections?,What are the common methods used to detect and prevent GLASSTOKEN infections?,False,True,False,True,False,False,False,False,EQUIVALENT,"Both questions ask about the methods for detecting and preventing GLASSTOKEN infections, maintaining the same entities and relationship."
What steps should be taken to eliminate Conti and confirm its removal?,What are the steps involved in identifying and removing Conti?,False,False,True,False,False,True,True,True,EQUIVALENT,Both questions ask about the steps for removing Conti and ensuring its elimination.
What malware is most commonly linked to the malicious operations of Operation CuckooBees?,What ransomware or backdoor is typically associated with the malicious activities of the Operation CuckooBees?,False,False,False,False,False,False,False,False,NOT_EQUIVALENT,"The paraphrase broadens the scope from ""ransomware or backdoor"" to ""malware,"" which could include other types of malicious software not originally specified."
What techniques can be employed to detect the presence of CHOPSTICK?,What methods can be used to identify CHOPSTICK?,False,False,False,False,False,False,False,False,EQUIVALENT,"The paraphrase maintains the same meaning, entities, and relationship as the original question."
What malware does the EXOTIC LILY primarily utilize for exfiltrating sensitive information?,What is the primary malware used by the EXOTIC LILY for stealing confidential data?,False,False,False,False,False,False,False,False,EQUIVALENT,"Both questions ask about the primary malware used by EXOTIC LILY for stealing confidential data, with no change in entities or relationship."
What techniques can one utilize to detect MoleNet?,What methods can be used to identify MoleNet?,False,False,False,False,False,False,False,False,EQUIVALENT,"The paraphrase maintains the same meaning, entities, and relationship as the original question."
What malware is attributed to the operations of the notorious threat actor known as the Aquatic Panda?,What is the name of the backdoor or ransomware exploited by the Aquatic Panda?,False,False,False,False,False,False,False,False,NOT_EQUIVALENT,"The paraphrase broadens the scope to include all malware, not just backdoor or ransomware."
What steps can be taken to detect and eliminate the FunnyDream threat from a network?,How can FunnyDream be identified and removed from a network?,True,False,True,False,False,False,False,False,EQUIVALENT,"Both questions ask about the methods to detect and remove the same threat, FunnyDream, from a network."
What primary software tool is Dragonfly utilizing for the purposes of data theft and unauthorized system access?,What is the primary software tool used by Dragonfly for data theft and unauthorized access to user systems?,False,False,False,False,False,False,False,False,EQUIVALENT,Both questions ask about the primary software tool used by Dragonfly for data theft and unauthorized system access.
What methods are typically employed to identify and mitigate GolfSpy infections?,What are the common methods used to detect and prevent GolfSpy infections?,False,False,False,False,False,False,True,False,EQUIVALENT,"Both questions ask about the methods used to detect and prevent or mitigate GolfSpy infections, preserving the same entities and relationship."
What methods would you use to identify the occurrence of yty within a system?,How do you detect the presence of yty in a system?,False,False,False,False,False,False,False,False,EQUIVALENT,Both questions ask about methods to identify the presence or occurrence of yty in a system.
What steps can be taken to detect and eliminate the presence of HIDEDRV from a network?,How can HIDEDRV be identified and removed from a network?,False,True,True,False,False,False,False,False,EQUIVALENT,"Both questions ask about the methods to detect and remove HIDEDRV from a network, preserving the same entities and relationship."
What software or tools are capable of identifying and eliminating Mispadu?,What tools or software can be used to detect and remove Mispadu?,True,False,True,False,True,False,True,True,EQUIVALENT,"The paraphrase maintains the same entities (tools or software, Mispadu) and the same relationship (detect and remove/identify and eliminate)."
What software or tools are available for identifying and uninstalling httpclient?,What tools or software can be used to detect and remove httpclient?,False,False,False,False,False,False,True,False,EQUIVALENT,"The paraphrase maintains the same entities (tools or software, httpclient) and the same relationship (detect/remove or identify/uninstall)."
What are the noticeable indicators or manifestations of JHUHUGIT on a computer system?,What signs or symptoms indicate the presence of JHUHUGIT in a computer?,False,False,False,False,False,False,False,False,EQUIVALENT,Both questions ask about the signs or symptoms that indicate the presence of JHUHUGIT in a computer system.
What kind of malware is associated with the threat group known as APT19?,Which type of rootkit or spyware is linked to the APT19?,False,False,False,False,False,False,False,False,EQUIVALENT,"Both questions ask about the type of malware associated with APT19, preserving the same entities and relationship."
"What type of malware does C0018 primarily employ, specifically backdoors or ransomware?","What is the primary type of malware used by the C0018, namely backdoors or ransomware?",True,False,False,True,False,True,True,False,EQUIVALENT,"Both questions ask about the primary type of malware used by C0018, specifically backdoors or ransomware."
What methods are employed to identify and detect the presence of Winnti for Linux?,Can you tell me about the techniques used to detect Winnti for Linux?,False,False,False,False,False,False,False,False,EQUIVALENT,"Both questions ask about the methods used to detect Winnti for Linux, preserving the same entities and relationship."
What ransomware or backdoor is primarily associated with the group known as LAPSUS$?,What is the primary backdoor or ransomware used by the LAPSUS$?,False,False,False,False,True,False,False,False,EQUIVALENT,Both questions ask about the primary backdoor or ransomware used by the LAPSUS$ group.
What indicators or warning signals suggest the presence of JSS Loader on a computer system?,What signs or symptoms indicate the presence of JSS Loader in a computer?,False,False,False,False,False,False,False,False,EQUIVALENT,Both questions ask about the indicators or warning signals that suggest the presence of JSS Loader on a computer system.
What does the term Ransomware signify within the context of cybersecurity?,What is the meaning of Ransomware in cybersecurity?,False,False,False,False,False,False,False,False,EQUIVALENT,"Both questions ask for the meaning or significance of the term ""Ransomware"" within the context of cybersecurity."
What type of rootkit or spyware is associated with the notorious cyber threat known as Mustard Tempest?,Can you determine the type of rootkit or spyware used by the Mustard Tempest?,True,True,True,True,True,True,True,True,EQUIVALENT,"Both questions ask about the type of rootkit or spyware used by the Mustard Tempest, preserving the same entities and relationship."
What type of malware is commonly associated with the term Mustang Panda?,Which type of rootkit or spyware is linked to the Mustang Panda?,False,False,False,False,False,False,False,False,NOT_EQUIVALENT,"The paraphrase broadens the scope from ""rootkit or spyware"" to ""malware,"" which could include other types of malicious software not originally specified."
What malicious activities does POLONIUM typically rely on rootkits or spyware for?,What rootkit or spyware does the POLONIUM typically rely on for malicious activities?,False,True,False,True,False,True,False,True,NOT_EQUIVALENT,"The original question asks about the specific rootkit or spyware POLONIUM uses, while the paraphrase asks about the activities for which POLONIUM uses rootkits or spyware."
What malware variant is associated with the threat group FIN6?,Which malicious backdoor or ransomware is linked to the FIN6?,False,False,False,False,False,False,False,False,EQUIVALENT,"Both questions ask about the malware associated with the threat group FIN6, preserving the same entities and relationship."
What techniques can help in detecting and identifying the DroidJack RAT?,What methods can be used to identify DroidJack RAT?,False,False,False,False,False,False,False,False,EQUIVALENT,Both questions ask about the methods or techniques for identifying and detecting the DroidJack RAT.
What methods are employed to identify and detect the PoetRAT?,Can you tell me about the techniques used to detect PoetRAT?,False,False,False,True,False,True,False,False,EQUIVALENT,"Both questions ask about the methods used to detect PoetRAT, preserving the same entities and relationship."
What malware does the notorious threat group APT28 specifically utilize for its espionage objectives?,Which specific malware does the APT28 employ for stealing purposes?,False,False,False,False,False,False,False,False,EQUIVALENT,"Both questions ask about the specific malware used by APT28 for malicious purposes, maintaining the same entities and relationship."
What steps can be taken to detect and eliminate Clop from a network?,How can Clop be identified and removed from a network?,False,True,True,False,False,False,True,False,EQUIVALENT,"Both questions ask about the methods to identify and remove Clop from a network, preserving the same entities and relationship."
What malware specifically was utilized as part of the SolarWinds Compromise?,Can you identify the specific backdoor or ransomware used by the SolarWinds Compromise?,False,False,False,False,False,False,False,False,EQUIVALENT,"Both questions ask about the specific malware used in the SolarWinds Compromise, preserving the same entities and relationship."
What is the process of removing Prikormka from a system through identification and eradication?,What is the process of detecting and eliminating Prikormka from a system?,False,False,False,False,True,True,True,False,EQUIVALENT,"The paraphrase accurately captures the original meaning, maintaining the same entities and relationship."
What methods are typically employed to identify and block the spread of 4H RAT malware?,What are the common methods used to detect and prevent 4H RAT infections?,False,False,True,False,False,False,False,False,EQUIVALENT,Both questions ask about the methods used to detect and prevent the spread of 4H RAT malware.
Which operating systems are commonly targeted by malicious spyware?,"In the context of spyware, what platforms are considered high-risk?",True,True,True,False,True,True,True,True,NOT_EQUIVALENT,"The original question asks about platforms in general, while the paraphrase specifically mentions operating systems."
What ransomware or backdoor is associated with the term Cleaver?,Which malicious backdoor or ransomware is linked to the Cleaver?,False,False,False,False,True,False,False,False,EQUIVALENT,Both questions ask about the same entities (malicious backdoor or ransomware) and the same relationship (linked to/associated with the Cleaver).
What malware is primarily utilized by Stealth Falcon for the purposes of unauthorized data theft and access?,What is the primary malware used by Stealth Falcon for data theft and unauthorized access?,False,False,False,False,False,False,False,False,EQUIVALENT,"The paraphrase maintains the same entities and relationship, asking for the primary malware used by Stealth Falcon for data theft and unauthorized access."
What is the name of the remote access trojan associated with the identifier C0026?,What remote access trojan is associated with the C0026?,False,False,False,True,False,False,False,True,EQUIVALENT,"The paraphrase preserves the original meaning, asking for the name of the remote access trojan associated with the identifier C0026."
What methods can be employed to detect and identify the malware known as Lizar?,What methods can be used to identify Lizar?,False,False,False,False,False,False,False,False,EQUIVALENT,"Both questions ask about the methods to identify Lizar, with the paraphrase providing a slight clarification that Lizar is a malware."
What malware does APT1 utilize for the purpose of exfiltrating sensitive information?,What is the name of the malware used by the APT1 for stealing sensitive data?,False,False,False,False,False,False,False,False,EQUIVALENT,Both questions ask about the same malware used by APT1 for the same purpose of stealing/exfiltrating sensitive data.
What methods can be employed to ascertain whether a computer has been compromised by Javali?,How can one determine if a computer has been infected with Javali?,True,False,False,False,False,False,False,False,EQUIVALENT,Both questions ask about methods to determine if a computer has been infected with Javali.
What steps can be taken to locate and eliminate Hildegard from a network?,How can Hildegard be identified and removed from a network?,True,False,True,False,False,False,False,False,EQUIVALENT,Both questions ask about the same entities (Hildegard and a network) and the same relationship (identifying and removing).
What methods can be employed to ascertain whether a computer is compromised by the malware known as ObliqueRAT?,How can one determine if a computer has been infected with ObliqueRAT?,False,False,True,False,False,False,False,False,EQUIVALENT,Both questions ask about methods to determine if a computer is infected with ObliqueRAT.
What spyware or rootkit is identified by the designation C0026?,What rootkit or spyware is part of the C0026?,True,True,True,True,True,True,True,True,EQUIVALENT,Both questions ask for the same entity (rootkit or spyware) associated with the same identifier (C0026).
What is the specific type of malware that is associated with the threat actor known as Mustang Panda?,Which malicious backdoor or ransomware is linked to the Mustang Panda?,False,False,False,False,False,False,False,False,EQUIVALENT,Both questions ask about the specific type of malware associated with the threat actor Mustang Panda.
What spyware or rootkit is known as ALLANITE?,What is the name of the rootkit or spyware used by the ALLANITE?,True,False,False,False,True,True,True,True,NOT_EQUIVALENT,"The original question asks for the name of the rootkit or spyware used by ALLANITE, while the paraphrase asks what spyware or rootkit is known as ALLANITE, changing the relationship between the entities."
What kind of malware is commonly utilized by the APT17 group?,What type of rootkit or spyware is typically employed by the APT17?,False,False,False,False,False,False,False,False,NOT_EQUIVALENT,"The paraphrase broadens the scope from ""rootkit or spyware"" to ""malware,"" which includes a wider range of malicious software."
What methods are utilized for identifying Egregor?,What methods can be used to identify Egregor?,False,False,False,False,False,False,False,False,EQUIVALENT,"Both questions ask about the methods used to identify Egregor, preserving the same entities and relationship."
What tool does APT39 employ for the purpose of extracting data?,Which tool does APT39 use for exfiltrating data?,False,False,False,False,False,False,False,False,EQUIVALENT,Both questions ask about the same tool used by APT39 for data exfiltration.
What methods are employed to detect and identify KeyRaider?,What methods can be used to identify KeyRaider?,False,False,False,True,False,False,False,False,EQUIVALENT,"The paraphrase preserves the original meaning, asking about the methods used to detect and identify KeyRaider, which is the same as identifying it."
"What type of malware does the DarkHydrus use, specifically a backdoor or ransomware?",What is the identity of the backdoor or ransomware used by the DarkHydrus?,True,False,False,True,False,False,True,False,EQUIVALENT,Both questions ask about the specific type of malware (backdoor or ransomware) used by DarkHydrus.
What malware is the backdoor or ransomware known as Machete?,What is the name of the backdoor or ransomware exploited by the Machete?,True,False,False,True,False,True,True,False,NOT_EQUIVALENT,"The original question asks for the name of the backdoor or ransomware exploited by Machete, while the paraphrase asks for the name of the malware known as Machete, changing the relationship and the entity being asked about."
What type of malware is most commonly linked to Operation Ghost?,What backdoor or ransomware is typically associated with the Operation Ghost?,False,False,False,False,False,False,False,False,EQUIVALENT,"The paraphrase maintains the core query about the type of malware associated with Operation Ghost, preserving the original meaning and entities."
What methods are employed to identify and detect WastedLocker?,Can you tell me about the techniques used to detect WastedLocker?,False,False,False,True,False,True,False,False,EQUIVALENT,"Both questions ask about the methods or techniques used to detect WastedLocker, preserving the same entities and relationship."
What methods would you use to identify and detect the presence of NKAbuse within a system?,How do you detect the presence of NKAbuse in a system?,False,False,False,False,False,False,False,False,EQUIVALENT,Both questions ask about the methods to detect the presence of NKAbuse in a system.
What steps can one take to detect if a computer has been compromised by the BUSHWALK malware?,How can one determine if a computer has been infected with BUSHWALK?,False,False,True,True,False,False,False,False,EQUIVALENT,Both questions ask about the methods to identify if a computer has been affected by the BUSHWALK malware.
What methods are employed to identify Mongall?,Can you tell me about the techniques used to detect Mongall?,False,False,False,False,False,False,False,False,EQUIVALENT,Both questions ask about the methods or techniques used to identify or detect Mongall.
What malware or spyware is associated with the codename Operation Dust Storm?,Which rootkit or spyware is linked to Operation Dust Storm?,False,False,False,False,False,False,False,False,EQUIVALENT,Both questions ask about the same malware or spyware linked to Operation Dust Storm.
"What type of malware, specifically rootkits or spyware, is associated with the FIN6 threat group?",Can you determine the type of rootkit or spyware used by the FIN6?,True,True,True,True,True,True,True,True,EQUIVALENT,Both questions ask about the type of rootkit or spyware used by the FIN6 threat group.
What kind of malware does Moafee primarily utilize for data theft and unauthorized system access?,What is the primary malware used by Moafee for data theft and unauthorized access?,False,False,False,False,False,False,False,False,EQUIVALENT,"Both questions ask about the primary malware used by Moafee for data theft and unauthorized access, with no change in entities or relationship."
What software or tools are available to identify and eliminate WINERACK?,What tools or software can be used to detect and remove WINERACK?,False,False,False,False,False,False,True,True,EQUIVALENT,"The paraphrase maintains the same entities (tools or software, WINERACK) and the same relationship (detect/remove or identify/eliminate)."
What identification methods are available for Rifdoor?,What methods can be used to identify Rifdoor?,False,False,False,True,False,False,False,False,EQUIVALENT,"Both questions ask about the methods available to identify Rifdoor, preserving the same entities and relationship."
What type of malware does RTM utilize for the purpose of data exfiltration?,What malware does RTM employ for data theft?,False,False,False,False,False,False,False,False,EQUIVALENT,"The paraphrase preserves the original meaning, entities, and relationship, with only a slight change in wording."
What malware removal tools and software can effectively identify and uninstall jRAT?,What tools or software can be used to detect and remove jRAT?,False,False,True,False,True,False,True,False,EQUIVALENT,"Both questions ask about the same tools and software for detecting and removing jRAT, maintaining the same entities and relationship."
What methods are used to identify the occurrence of RARSTONE within a system?,How do you detect the presence of RARSTONE in a system?,False,False,False,False,False,False,False,False,EQUIVALENT,Both questions ask about the methods to identify the presence of RARSTONE in a system.
Which type of rootkit or spyware is linked to the CyberAv3ngers?,What kind of rootkit or spyware is associated with the CyberAv3ngers?,True,True,True,True,True,True,True,True,EQUIVALENT,"Both questions ask about the type of rootkit or spyware associated with the CyberAv3ngers, preserving the same entities and relationship."
What steps should one take to detect and eradicate TinyZBot?,What are the steps involved in identifying and removing TinyZBot?,False,True,True,True,False,False,True,False,EQUIVALENT,Both questions ask about the same steps for detecting and removing TinyZBot.
What steps are involved in removing and identifying Stuxnet from a compromised system?,What is the process of detecting and eliminating Stuxnet from a system?,True,True,True,False,True,False,True,False,EQUIVALENT,The paraphrase maintains the same entities (Stuxnet) and the same relationship (process of detecting and eliminating) as the original question.
What malware or software is utilized by Malteiro to facilitate data theft operations?,What software does Malteiro exploit to facilitate data theft?,False,False,False,False,False,False,False,False,EQUIVALENT,"The paraphrase maintains the same entities (Malteiro, data theft) and the same relationship (exploit/utilize software) as the original question."
What software or tools are available to identify and eliminate Zebrocy?,What tools or software can be used to detect and remove Zebrocy?,False,False,False,False,False,False,True,False,EQUIVALENT,"The paraphrase maintains the same entities (tools or software, Zebrocy) and the same relationship (detect/remove or identify/eliminate)."
What are the indicators or warning signs that suggest the FruitFly malware is present on a computer system?,What signs or symptoms indicate the presence of FruitFly in a computer?,False,False,False,False,False,False,False,False,EQUIVALENT,Both questions ask about the signs or symptoms that indicate the presence of FruitFly malware on a computer.
What steps are necessary to detect and eliminate the AppleSeed?,What are the steps involved in identifying and removing AppleSeed?,True,True,True,True,False,False,False,False,EQUIVALENT,The paraphrase maintains the same entities (AppleSeed) and the same relationship (identifying and removing) as the original question.
What malware or ransomware variant is associated with the DarkVishnya?,Which malicious backdoor or ransomware is linked to the DarkVishnya?,False,False,False,False,False,False,False,False,EQUIVALENT,Both questions ask about the same malware or ransomware linked to DarkVishnya.
What malware is typically associated with the identifier C0010?,What backdoor or ransomware is typically associated with the C0010?,False,False,False,False,False,False,False,False,EQUIVALENT,"The paraphrase maintains the core meaning, asking about the malware associated with the identifier C0010, without altering the entities or the relationship."
What methods are employed to identify and detect the presence of Rover?,Can you tell me about the techniques used to detect Rover?,False,False,False,False,False,False,False,False,EQUIVALENT,"Both questions ask about the methods used to detect Rover, preserving the same entities and relationship."
What malware is the Chimera typically known to utilize for unauthorized acquisition?,What stealing software is commonly employed by the Chimera?,False,False,False,False,False,False,False,False,EQUIVALENT,Both questions ask about the same entity (Chimera) and the same relationship (stealing software/malware for unauthorized acquisition).
What methods are typically employed to identify and thwart Babuk malware?,What are the common methods used to detect and prevent Babuk infections?,False,False,False,False,False,False,False,False,EQUIVALENT,"Both questions ask about the methods used to detect and prevent Babuk infections, preserving the same entities and relationship."
What methods are employed to identify LIGHTWIRE?,Can you tell me about the techniques used to detect LIGHTWIRE?,False,False,False,False,False,False,False,False,EQUIVALENT,Both questions ask about the methods or techniques used to detect or identify LIGHTWIRE.
What steps are involved in identifying and removing TinyTurla from a system?,What is the process of detecting and eliminating TinyTurla from a system?,True,False,True,True,False,False,True,False,EQUIVALENT,Both questions ask about the same process of identifying and removing TinyTurla from a system.
What is the malware specifically used by the FIN7 group?,What is the name of the rootkit or spyware used by the FIN7?,False,False,False,False,False,False,False,False,NOT_EQUIVALENT,"The paraphrase broadens the scope from ""rootkit or spyware"" to ""malware,"" which could include other types of malicious software."
What steps can be taken to detect and eliminate Maze malware from a network?,How can Maze be identified and removed from a network?,False,False,False,False,False,False,True,False,EQUIVALENT,Both questions ask about the methods to identify and remove Maze malware from a network.
What methods are used to detect Dok?,What methods can be used to identify Dok?,False,False,False,False,False,False,False,False,EQUIVALENT,"Both questions ask about the methods used to identify or detect Dok, preserving the same entities and relationship."
What type of malware is associated with the term IndigoZebra?,Which malicious backdoor or ransomware is linked to the IndigoZebra?,False,False,False,False,False,False,False,False,NOT_EQUIVALENT,"The paraphrase broadens the scope from ""malicious backdoor or ransomware"" to ""type of malware,"" which could include other forms of malware not originally specified."
What methods do organizations typically employ to counteract EKANS malware and prevent its spread?,What are the common methods used to detect and prevent EKANS infections?,False,False,False,True,False,False,False,True,EQUIVALENT,"Both questions ask about the methods used to detect, prevent, and counteract EKANS malware."
What kind of malware is linked to the concept of Inception?,What type of backdoor or ransomware is associated with the Inception?,False,False,False,False,False,False,False,False,NOT_EQUIVALENT,The paraphrase broadens the scope from specific types of malware (backdoor or ransomware) to all kinds of malware.
What malware is utilized by APT19 to illicitly extract sensitive information?,What is the name of the malware used by the APT19 for stealing sensitive data?,False,False,False,False,False,False,False,False,EQUIVALENT,"The paraphrase maintains the same entities (APT19, malware, sensitive data) and the same relationship (use of malware for stealing information)."
What are the procedures necessary for detecting and uninstalling Caterpillar WebShell?,What are the steps involved in identifying and removing Caterpillar WebShell?,True,False,False,True,True,False,True,False,EQUIVALENT,Both questions ask about the same procedures for identifying and removing Caterpillar WebShell.
What malware is associated with the backdoor or ransomware known as UNC2452?,What is the name of the backdoor or ransomware exploited by the UNC2452?,False,False,False,True,False,True,True,False,NOT_EQUIVALENT,"The paraphrase incorrectly treats UNC2452 as the name of the malware, while the original correctly identifies UNC2452 as the group that exploited the backdoor or ransomware."
What kind of remote access Trojan is utilized by FunnyDream?,What type of RAT software is employed by the FunnyDream?,False,False,False,True,True,True,False,True,EQUIVALENT,"The paraphrase preserves the original meaning, asking about the type of RAT software used by FunnyDream."
What steps can be taken to detect and eliminate OopsIE from a network?,How can OopsIE be identified and removed from a network?,False,False,True,False,False,False,True,False,EQUIVALENT,Both questions ask about the methods to identify and remove OopsIE from a network.
What software does the threat actor TEMP.Veles primarily employ for illicit data exfiltration and unauthorized access to target systems?,What is the primary software tool used by TEMP.Veles for data theft and unauthorized access to user systems?,False,False,False,False,False,False,False,False,EQUIVALENT,"Both questions ask about the primary software tool used by TEMP.Veles for data theft and unauthorized access, using different but equivalent wording."
What malware variant is associated with the Dragonfly 2.0 threat?,Which malicious backdoor or ransomware is linked to the Dragonfly 2.0?,False,False,False,False,False,False,False,False,EQUIVALENT,"Both questions ask about the same malware linked to Dragonfly 2.0, with the paraphrase using more general terms."
What malware tools is Stolen Pencil typically used to carry out its data theft activities with?,What kind of malware does Stolen Pencil utilize for its data theft operations?,False,False,False,False,False,False,False,False,EQUIVALENT,"Both questions ask about the same malware used by Stolen Pencil for data theft, with only slight variations in wording."
What malware is utilized by the FIN13 threat group to facilitate data theft and compromise user security?,What is the specific malware used by FIN13 to facilitate data theft and compromise user security?,False,False,False,False,False,False,False,False,EQUIVALENT,"The paraphrase maintains the same entities (FIN13, malware) and the same relationship (used to facilitate data theft and compromise user security)."
What is the underlying principle behind ransomware attacks?,Can you explain the concept of Ransomware?,False,False,False,False,False,False,False,False,EQUIVALENT,Both questions ask for an explanation of the fundamental idea behind ransomware.
What type of rootkit or spyware was employed by the notorious cyber threat actor known as Sharpshooter?,Can you determine the type of rootkit or spyware used by the Sharpshooter?,True,True,True,True,True,True,True,True,EQUIVALENT,"Both questions ask about the type of rootkit or spyware used by the Sharpshooter, preserving the same entities and relationship."
What methods can be used to identify whether a computer has been compromised by a BACKSPACE infection?,How can one determine if a computer has been infected with BACKSPACE?,False,False,False,False,False,False,False,False,EQUIVALENT,"Both questions ask about methods to determine if a computer is infected with BACKSPACE, preserving the same entities and relationship."
"What type of malicious software, specifically a rootkit or spyware, is linked to the Triton Safety Instrumented System Attack?",What kind of rootkit or spyware is associated with Triton Safety Instrumented System Attack?,True,True,True,True,True,True,True,True,EQUIVALENT,"Both questions ask about the type of rootkit or spyware associated with the Triton Safety Instrumented System Attack, preserving the same entities and relationship."
What kind of malware does GALLIUM rely on to facilitate the theft of sensitive information?,Which type of malicious software does GALLIUM use to facilitate data theft?,False,False,False,False,False,False,False,False,EQUIVALENT,"Both questions ask about the type of malware used by GALLIUM for data theft, preserving the same entities and relationship."
What type of malware does the Ajax Security Team typically utilize?,What backdoor or ransomware tool is employed by the Ajax Security Team?,False,False,False,False,False,False,False,False,NOT_EQUIVALENT,The paraphrase broadens the scope from specific tools (backdoor or ransomware) to a general type of malware.
What malware is primarily utilized by the threat group FIN7 to facilitate unauthorized access and data theft?,What is the primary malware used by FIN7 for data theft and unauthorized access?,False,False,False,False,False,False,False,False,EQUIVALENT,Both questions ask about the primary malware used by FIN7 for the same purposes.
What RAT software is Operation CuckooBees specifically known to employ?,Which specific RAT software does Operation CuckooBees utilize?,False,False,True,True,True,True,True,True,EQUIVALENT,Both questions ask about the specific RAT software used by Operation CuckooBees.
What steps can be taken to detect and eliminate the presence of GuLoader malware from a network?,How can GuLoader be identified and removed from a network?,False,True,False,False,False,False,False,False,EQUIVALENT,"Both questions ask about the methods to identify and remove GuLoader from a network, preserving the same entities and relationship."
What malware is associated with the cyber operation codenamed Operation Sharpshooter?,Which rootkit or spyware is linked to Operation Sharpshooter?,False,False,False,False,False,False,False,False,NOT_EQUIVALENT,"The paraphrase broadens the scope from ""rootkit or spyware"" to ""malware,"" which could include other types of malicious software."
What steps are involved in removing SpyDealer from a compromised system?,What is the process of detecting and eliminating SpyDealer from a system?,True,False,False,False,True,True,True,True,EQUIVALENT,"Both questions ask about the process of removing SpyDealer from a system, preserving the same entities and relationship."
What type of malware is commonly associated with the operations of Metador?,What is the identity of the backdoor or ransomware used by the Metador?,False,False,False,False,False,False,False,False,NOT_EQUIVALENT,"The paraphrase changes the specific request for the identity of the backdoor or ransomware to a general type of malware, altering the scope and specificity of the question."
"What PROMETHIUM is typically associated with in terms of malware, specifically backdoors or ransomware?",Which malicious backdoor or ransomware is linked to the PROMETHIUM?,True,False,False,True,False,True,True,False,EQUIVALENT,"Both questions ask about the same entities (PROMETHIUM, backdoors, ransomware) and the same relationship (association/link)."
What type of malware does the Honeybee utilize in order to facilitate data theft and undermine user security?,What is the specific malware used by Honeybee to facilitate data theft and compromise user security?,False,False,False,False,False,False,False,False,EQUIVALENT,Both questions ask about the specific type of malware used by Honeybee for data theft and compromising user security.
What methods are employed to identify or detect Judy?,Can you tell me about the techniques used to detect Judy?,False,False,False,False,False,False,False,False,EQUIVALENT,"Both questions ask about the methods or techniques used to detect or identify Judy, preserving the same entities and relationship."
What GRIFFON-related tools or software can be used for detection and eradication purposes?,What tools or software can be used to detect and remove GRIFFON?,False,True,False,False,True,False,False,False,EQUIVALENT,The paraphrase maintains the same entities (GRIFFON) and the same relationship (detection and removal) as the original question.
What methods are employed to identify PUNCHBUGGY?,Can you tell me about the techniques used to detect PUNCHBUGGY?,False,False,False,False,False,False,False,False,EQUIVALENT,Both questions ask about the methods or techniques used to detect or identify PUNCHBUGGY.
What kind of malware is primarily employed by Scattered Spider for unauthorized data extraction and system access?,What is the primary malware used by Scattered Spider for data theft and unauthorized access?,False,False,False,False,False,False,False,False,EQUIVALENT,"Both questions ask about the primary malware used by Scattered Spider for data theft and unauthorized access, with no change in entities or relationships."
What is the malware utilized by LazyScripter that is designed for exfiltrating sensitive information?,What is the name of the malware used by the LazyScripter for stealing sensitive data?,False,False,False,False,False,False,False,False,EQUIVALENT,Both questions ask for the name of the malware used by LazyScripter for stealing sensitive data.
What steps can be taken to identify whether a computer has been compromised by Cheerscrypt malware?,How can one determine if a computer has been infected with Cheerscrypt?,False,False,False,False,False,False,False,False,EQUIVALENT,Both questions ask about the methods to identify if a computer is infected with Cheerscrypt malware.
What steps are required to detect and eliminate Trojan-SMS.AndroidOS.Agent.ao malware?,What are the steps involved in identifying and removing Trojan-SMS.AndroidOS.Agent.ao?,False,False,True,True,False,False,True,False,EQUIVALENT,Both questions ask about the same steps for identifying and removing the same specific malware.
What methods can be used to identify whether a computer has been compromised by the Vasport malware?,How can one determine if a computer has been infected with Vasport?,False,False,False,False,False,False,False,False,EQUIVALENT,Both questions ask about methods to determine if a computer is infected with the Vasport malware.
What characteristics or indicators suggest that a computer has been compromised by the presence of Umbreon?,What signs or symptoms indicate the presence of Umbreon in a computer?,True,False,False,False,False,False,False,False,NOT_EQUIVALENT,"The paraphrase changes the context from signs or symptoms to characteristics or indicators of compromise, altering the relationship and scope of the question."
What kind of malware is primarily associated with TeamTNT's tactics for exfiltrating data and gaining unauthorized access?,What is the primary malware used by TeamTNT for data theft and unauthorized access?,False,False,False,False,False,False,False,False,EQUIVALENT,Both questions ask about the primary malware used by TeamTNT for data theft and unauthorized access.
What kind of malware does the Strider typically utilize for stealing purposes?,What type of stealing software does the Strider typically use?,False,False,False,False,False,False,False,False,EQUIVALENT,"Both questions ask about the type of software used by Strider for stealing, with ""malware"" being a reasonable synonym for ""stealing software."""
