Question,OriginalQuestion,phi_dsl_nocot,phi_dsl_cot,phi_sparql_nocot,phi_sparql_cot,qwen_dsl_nocot,qwen_dsl_cot,qwen_sparql_nocot,qwen_sparql_cot,judge_verdict,judge_reason
What Ferocious behaviors are specifically linked to the hcdLoader?,What unique behaviors are associated with hcdLoader and Ferocious?,False,False,False,False,False,False,False,False,NOT_EQUIVALENT,"The paraphrase changes the scope, focusing on behaviors that are both Ferocious and linked to hcdLoader, whereas the original asks for unique behaviors associated with each entity.assistantfinalVerdict: NOT_EQUIVALENT"
What malicious activities are primarily associated with HUI Loader and Net Crawler?,What are the main targets of HUI Loader and Net Crawler in terms of their malicious activities?,False,False,False,False,False,False,False,False,EQUIVALENT,Both ask for the primary malicious activities of the two malware families.assistantfinalVerdict: EQUIVALENT
What specific operational traits distinguish PHOREAL and Revenge RAT malware?,What distinct characteristics do PHOREAL and Revenge RAT exhibit in their operations?,False,True,False,False,False,False,False,False,EQUIVALENT,Both ask for the same distinguishing operational characteristics of the PHOREAL and Revenge RAT malware.
What impact do the characteristics of Avaddon and the functionality of INCONTROLLER have on their respective threat assessments?,How do the behaviors of Avaddon and INCONTROLLER contribute to their respective threat profiles?,False,False,False,False,False,False,False,False,EQUIVALENT,paraphrase uses synonymous terms without altering scope.assistantfinalVerdict: EQUIVALENT
What are the key distinctions in the system impact caused by Flame and Kinsing malware?,What are the primary differences in the impact of Flame and Kinsing on a system?,False,False,False,False,False,False,False,False,EQUIVALENT,Both ask for the main differences in how the Flame and Kinsing malware affect a system.
What malicious activities are primarily associated with the operations of FlyTrap and the ANDROMEDA malware?,What are the main targets of FlyTrap and ANDROMEDA in terms of their malicious activities?,False,False,False,False,False,False,False,False,NOT_EQUIVALENT,"The original asks for the main targets of the malware, while the paraphrase asks for the malicious activities they perform, changing the relation being queried."
What specific operational traits are common to both STEADYPULSE and Trojan.Karagany malware variants?,What distinct characteristics do STEADYPULSE and Trojan.Karagany exhibit in their operations?,False,False,False,False,False,False,False,False,NOT_EQUIVALENT,The paraphrase changes the focus from distinct (possibly unique) characteristics to common traits shared by both.assistantfinalVerdict: NOT_EQUIVALENT
What entities are primarily targeted by Cannon and LitePower during their malicious activities?,What are the primary targets of Cannon and LitePower in the context of their malicious operations?,False,False,False,False,False,False,False,False,EQUIVALENT,Both ask for the same primary targets of Cannon and LitePower in their malicious operations.
What specifically differentiates the behavior profiles of ABK and Chameleon from one another?,What sets the behaviors of ABK and Chameleon apart from one another?,False,True,False,False,False,False,False,False,EQUIVALENT,same entities and asks for differences in behavior.assistantfinalVerdict: EQUIVALENT
What behaviors are distinctively linked to Avaddon and the X-Agent malware?,What unique behaviors are associated with Avaddon and X-Agent?,False,False,False,False,False,False,False,False,EQUIVALENT,"The paraphrase asks for the same distinct behaviors tied to the same two entities, merely rewording the phrasing."
"What key features of Asacub are notable, and does it act as a covert entry point that leverages the functionality of Chat Messages?","What characteristics define the Asacub, and specifically, does it serve as a backdoor that uses the Chat Messages?",False,False,True,False,False,False,True,True,EQUIVALENT,"paraphrase preserves entities and relationship, just rewords.assistantfinalVerdict: EQUIVALENT"
"What specific features distinguish the MarkiRAT, and does this malware function as a backdoor that leverages the Password Filter DLL?","What characteristics define the MarkiRAT, and specifically, does it serve as a backdoor that uses the Password Filter DLL?",False,False,True,False,True,False,True,True,EQUIVALENT,The paraphrase asks the same two aspects with synonymous wording.assistantfinalVerdict: EQUIVALENT
Is the Volgmer backdoor malware reliant on the Spoof Security Alerting attack vector?,"Is the Volgmer a type of backdoor, and if yes, does it rely on the Spoof Security Alerting attack technique?",False,False,True,True,True,False,True,True,NOT_EQUIVALENT,"The paraphrase presumes Volgmer is a backdoor rather than asking that, altering the question.assistantfinalVerdict: NOT_EQUIVALENT"
"Is the PLAINTEE classified as a type of backdoor, and if so, does its functionality depend on the Gather Victim Org Information attack vector?","Is the PLAINTEE a type of backdoor, and if yes, does it rely on the Gather Victim Org Information attack technique?",False,True,True,True,True,False,True,True,EQUIVALENT,"The paraphrase preserves the same entities (PLAINTEE, backdoor, Gather Victim Org Information) and asks the identical two‑part question about classification and reliance."
"Does RedDrop function as a malicious program that sets up a backdoor, and if so, what technique, specifically Template Injection, does it leverage to do so?","Is the RedDrop a malicious program that establishes a backdoor, and if so, what is the Template Injection it exploits?",False,True,True,True,True,False,True,True,EQUIVALENT,The paraphrase asks the same two-part question about RedDrop’s malicious backdoor behavior and the specific Template Injection it uses.assistantfinalVerdict: EQUIVALENT
What extent can Remote Services Mitigation techniques effectively counter the effects of MechaFlounder?,How can Remote Services Mitigation minimize the impact of MechaFlounder?,False,False,False,False,False,False,False,False,NOT_EQUIVALENT,"The paraphrase changes the question from asking how to mitigate to asking about the degree of effectiveness, altering the required answer."
What measures can Resource Hijacking Mitigation take to safeguard itself against the destructive consequences of Dipsind?,How can Resource Hijacking Mitigation protect itself from the damage caused by Dipsind?,False,False,False,False,False,False,False,False,NOT_EQUIVALENT,"The paraphrase misspells the entity “Dipsind” as “Dipsand,” altering the referenced entity."
What methods can be utilized for removing POWERSOURCE from the context of Hidden Files and Directories Mitigation?,What methods can be employed to remove POWERSOURCE from Hidden Files and Directories Mitigation?,False,False,False,False,False,False,False,False,EQUIVALENT,"Both ask for methods to remove POWERSOURCE within the Hidden Files and Directories Mitigation context, with only wording changes."
What are the names of the campaigns that Truvasys and CHEMISTGAMES have been involved in?,What campaigns have Truvasys and CHEMISTGAMES participated in?,False,False,False,False,False,False,False,False,EQUIVALENT,"The paraphrase asks for the same campaign names involving the same two entities, just reworded."
"What information or resources typically attract the attention of groups such as Clop, KEYMARBLE, and the infamous Samurai?","What types of information or resources are commonly sought after by Clop, KEYMARBLE, and Samurai?",False,False,False,True,True,True,False,False,EQUIVALENT,"Both ask for the same types of information or resources sought by the identical entities Clop, KEYMARBLE, and Samurai."
What measures can be taken to prevent the adverse effects of an AutoIt backdoor when implementing Install Root Certificate Mitigation?,How can Install Root Certificate Mitigation protect itself from the damage caused by AutoIt backdoor?,False,False,False,False,False,False,False,False,EQUIVALENT,"Both ask how to safeguard Install Root Certificate Mitigation against damage from an AutoIt backdoor, using only different wording."
Which attack tactic is most commonly associated with a Pteranodon variant of PoisonIvy malware?,Which type of PoisonIvy is more likely to employ DDoS attacks in its attack strategy?,False,False,False,False,False,False,False,False,NOT_EQUIVALENT,The paraphrase changes the focus from identifying a PoisonIvy type that uses DDoS to identifying the tactic used by a specific Pteranodon variant.assistantfinalVerdict: NOT_EQUIVALENT
"What methods can be employed to counteract and minimize the effects of threats like NetTraveler, Black Basta, and the malware known as HOMEFRY?","What are the typical methods for preventing and mitigating the impact of NetTraveler, Black Basta, and HOMEFRY?",True,True,True,True,True,True,False,True,EQUIVALENT,"The paraphrase asks for the same methods to prevent/mitigate the same three specific threats, just using different wording."
What initiatives have Agent Smith and the malware strain INSOMNIA been involved in?,What campaigns have Agent Smith and INSOMNIA participated in?,False,False,False,False,False,False,False,False,EQUIVALENT,"“Initiatives” and “been involved in” are synonymous with “campaigns” and “participated in,” and the entities remain the same."
What impact can be minimized by implementing File System Permissions Weakness Mitigation measures against the DanBot threat?,How can File System Permissions Weakness Mitigation minimize the impact of DanBot?,False,False,False,False,False,False,False,False,NOT_EQUIVALENT,"The original asks how the mitigation reduces DanBot’s impact (method), while the paraphrase asks which impact is reduced (different focus)."
What malware type has utilized HEXANE in the C0015 threat?,What kind of malware has HEXANE been using in C0015?,False,False,False,False,False,False,False,False,NOT_EQUIVALENT,"The paraphrase reverses the relationship, asking which malware uses HEXANE instead of which malware HEXANE uses."
In what ways do FluBot and Sys10 diverge in their reliance on distributed denial-of-service (DDoS) attacks to compromise system functionality?,How do FluBot and Sys10 differ in their use of DDoS attacks as a means of disrupting systems?,False,True,True,True,False,False,False,False,EQUIVALENT,The paraphrase asks the same comparison of the two malware's use of DDoS attacks to disrupt systems.assistantfinalVerdict: EQUIVALENT
What campaigns feature the presence of SHIPSHAPE and MESSAGETAP?,In what campaigns can SHIPSHAPE and MESSAGETAP be found?,False,False,False,False,False,False,False,False,EQUIVALENT,Both ask for the same set of campaigns that include SHIPSHAPE and MESSAGETAP.
In which operations are PoetRAT and BoxCaon known to be active?,In what campaigns can PoetRAT and BoxCaon be found?,False,False,False,False,False,False,False,False,EQUIVALENT,Both ask for the same set of campaigns/operations containing the two entities.assistantfinalVerdict: EQUIVALENT
How do the tactics employed by NotCompatible and NetTraveler typically compare in relation to initiating DDoS attacks?,What is the typical behavior of NotCompatible versus NetTraveler when it comes to launching DDoS attacks?,False,True,False,True,False,False,False,True,EQUIVALENT,paraphrase asks same comparison of typical DDoS launch behavior for the two groups.assistantfinalVerdict: EQUIVALENT
"What techniques are typically employed by malicious software such as PUNCHTRACK, DEATHRANSOM, and MAZE?","What are the common techniques used by malware, specifically PUNCHTRACK, DEATHRANSOM, and MAZE?",True,True,False,True,False,True,False,False,EQUIVALENT,Both ask for the same techniques used by the same three malware families.
What measures can Regsvcs/Regasm Mitigation implement to safeguard against the detrimental effects of CORALDECK?,How can Regsvcs/Regasm Mitigation protect itself from the damage caused by CORALDECK?,False,False,False,False,False,False,False,False,EQUIVALENT,"same meaning, just reworded.assistantfinalVerdict: EQUIVALENT"
"What techniques are involved in Compiled HTML File Mitigation that can be applied to minimize the effects of AndroRAT, specifically iKitten?",How can Compiled HTML File Mitigation be used to mitigate the impact of iKitten,False,False,False,False,False,False,False,False,NOT_EQUIVALENT,"The paraphrase introduces AndroRAT, altering the entity scope.assistantfinalVerdict: NOT_EQUIVALENT"
What measures can be taken to safeguard against the potential harm to Restrict Registry Permissions resulting from the actions of Kessel?,How can Restrict Registry Permissions protect itself from the damage caused by Kessel?,False,False,False,False,False,False,False,False,EQUIVALENT,"Both ask how to protect Restrict Registry Permissions from damage caused by Kessel, just reworded."
"What characteristics of Email Hiding Rules can be attributed to NightClub, MacMa, and LightNeuron?","What are the key characteristics of NightClub, MacMa, and LightNeuron in terms of Email Hiding Rules?",False,False,False,False,False,False,False,False,EQUIVALENT,Both ask for the same characteristics of the three entities concerning Email Hiding Rules.assistantfinalVerdict: EQUIVALENT
What initiatives have CARROTBAT and BBK been involved in?,What campaigns have CARROTBAT and BBK participated in?,False,False,False,False,False,False,False,False,EQUIVALENT,"“Campaigns” and “initiatives” are synonymous, and “participated in” matches “been involved in,” preserving the same entities and relationship."
"What are the key countermeasures for countering the potential threats posed by Doki, WindTail, and specifically Exaramel for Linux?","What are the primary methods for preventing and mitigating the risks associated with Doki, WindTail, and Exaramel for Linux?",True,True,False,False,True,True,False,True,EQUIVALENT,Both ask for primary prevention/mitigation methods for the same three Linux threats.assistantfinalVerdict: EQUIVALENT
What distinguishes INSOMNIA from MiniDuke in its use of Distributed Denial-of-Service (DDoS) attacks?,What sets INSOMNIA apart from MiniDuke in terms of its reliance on DDoS attacks?,False,True,True,False,False,False,False,True,EQUIVALENT,Both ask how INSOMNIA differs from MiniDuke regarding its reliance on/usage of DDoS attacks.
What campaigns have been associated with TrickBot and TinyTurla operations?,What are the known campaigns connected to TrickBot and TinyTurla?,False,False,False,False,False,False,False,False,EQUIVALENT,Both ask for the same set of campaigns linked to the TrickBot and TinyTurla entities.
What methods does Custom Command and Control Protocol utilize to evade detection by security software and systems?,How does Custom Command and Control Protocol manage to evade the detection of security systems and software?,False,False,False,False,False,False,False,False,EQUIVALENT,Both ask for the same methods used by the same protocol to evade detection by security software and systems.
What methods do malicious actors use to successfully breach or penetrate security systems and defenses through Malicious Web Content?,How does Malicious Web Content manage to breach or penetrate security systems and defenses?,False,False,False,False,False,False,False,False,NOT_EQUIVALENT,"changes focus from content to actors, altering entity.assistantfinalVerdict: NOT_EQUIVALENT"
On which platform is Brute Force I/O most commonly linked?,What kind of platform is Brute Force I/O most commonly associated with?,False,True,True,True,False,True,True,True,NOT_EQUIVALENT,"The original asks for the type/kind of platform, while the paraphrase asks for a specific platform, altering the scope of the answer."
What type of platform is vulnerable to the significant threat of Reflective Code Loading?,For what type of platform is Reflective Code Loading considered a significant threat?,False,True,True,True,False,True,False,False,EQUIVALENT,Both ask which platform type is subject to the significant threat posed by Reflective Code Loading.
What is typically sought to be undermined through Compromise Software Supply Chain?,What is the ultimate target of Compromise Software Supply Chain?,False,False,False,False,False,False,False,False,EQUIVALENT,Both ask what the attacker ultimately aims to affect or undermine in a software supply chain compromise.
What methods enable Modify cached executable code to avoid being detected and protected?,In what ways is Modify cached executable code able to evade detection and protection?,False,False,False,False,False,False,False,False,EQUIVALENT,"same meaning, just reworded.assistantfinalVerdict: EQUIVALENT"
"What security systems or defenses might be vulnerable to compromise, disablement, or bypass due to Loss of Productivity and Revenue?","What types of defenses or security systems can Loss of Productivity and Revenue compromise, disable, or bypass?",True,False,False,False,False,False,False,False,EQUIVALENT,"same entities and relationship, just reworded.assistantfinalVerdict: EQUIVALENT"
"What types of defenses can Loss of Availability successfully evade, bypass, or disable?","What are the defenses that Loss of Availability can successfully evade, bypass, or disable?",False,True,True,False,False,True,False,True,EQUIVALENT,"same entities and relationship, only wording changed.assistantfinalVerdict: EQUIVALENT"
What is the primary target platform for the Data from Configuration Repository?,For which platform is Data from Configuration Repository primarily intended?,False,True,True,True,False,False,True,False,EQUIVALENT,Both ask which platform is the primary target for the Data from Configuration Repository.
What security protocols or measures might be vulnerable to compromise or subversion by Spearphishing Link?,What security protocols or measures can Spearphishing Link compromise or undermine?,False,True,True,True,False,False,False,False,EQUIVALENT,paraphrase asks same thing with different wording.assistantfinalVerdict: EQUIVALENT
What security measures can Container and Resource Discovery potentially evade or bypass?,What defenses can Container and Resource Discovery evade or circumvent?,False,False,False,False,False,False,False,False,EQUIVALENT,The paraphrase uses synonymous terms (“security measures” for “defenses” and “bypass” for “evade or circumvent”) without altering entities or the relationship asked about.
What countermeasures fail to mitigate the vulnerability associated with Create Process with Token?,What countermeasures are ineffective against Create Process with Token?,False,False,False,False,False,False,False,False,EQUIVALENT,Both ask for the same countermeasures that do not work against the Create Process with Token technique.
Which security measures are susceptible to the PubPrn vulnerability?,What security measures are vulnerable to PubPrn?,False,False,False,False,False,False,False,False,EQUIVALENT,Both ask for the same set of security measures that are vulnerable to the PubPrn vulnerability.
What security protocols can NTFS Extended Attributes bypass or evade?,Identify the security protocols that NTFS Extended Attributes can circumvent.,True,True,True,False,False,False,False,False,EQUIVALENT,paraphrase uses synonyms but same meaning.assistantfinalVerdict: EQUIVALENT
What types of security controls does Indirect Command Execution successfully circumvent or compromise?,What security measures does Indirect Command Execution manage to bypass or undermine?,True,True,False,True,False,False,True,False,EQUIVALENT,same entities (Indirect Command Execution) and same relationship (bypass/undermine vs circumvent/compromise).assistantfinalVerdict: EQUIVALENT
What is the typical platform for the deployment or execution of External Remote Services?,On which platform is External Remote Services typically deployed or executed?,False,True,True,True,False,True,True,True,EQUIVALENT,"...""assistantfinalVerdict: EQUIVALENT"
What is the primary purpose of Re-opened Applications?,What is the main intention of a Re-opened Applications?,False,False,False,False,False,False,False,False,EQUIVALENT,Both ask for the main purpose/intention of Re-opened Applications.assistantfinalVerdict: EQUIVALENT
What operating environment is the Havij framework specifically tailored to function on?,On which platform is Havij designed to run?,False,False,True,False,False,False,False,False,EQUIVALENT,Both ask which platform/operating environment Havij is intended to run on.
"What types of security measures can System Services successfully evade, bypass, or disable?","What are the defenses that System Services can successfully evade, bypass, or disable?",False,False,True,False,False,False,True,False,EQUIVALENT,"paraphrase uses synonymous term ""security measures"" for ""defenses"".assistantfinalVerdict: EQUIVALENT"
What is the intended primary platform for the meek protocol?,What is the primary platform that meek is intended for?,False,True,False,False,False,False,False,False,EQUIVALENT,Both ask for the same primary platform that the meek protocol is designed for.
What security controls are ineffective against Reflective Code Loading attacks?,What security measures are unable to prevent Reflective Code Loading?,False,True,False,False,False,False,False,False,EQUIVALENT,same entities (security measures/controls) and same relationship (cannot prevent/ineffective).assistantfinalVerdict: EQUIVALENT
What mechanisms can malware use to evade or bypass the Prevent Application Removal defenses?,What defenses can Prevent Application Removal evade or circumvent?,False,False,False,False,False,False,False,False,NOT_EQUIVALENT,The paraphrase changes the focus from which defenses are evaded to which mechanisms evade the defenses.assistantfinalVerdict: NOT_EQUIVALENT
What is the primary objective behind the strategy of Generate Fraudulent Advertising Revenue?,What is the purpose of Generate Fraudulent Advertising Revenue?,True,True,False,False,False,True,False,True,EQUIVALENT,"Both questions ask for the purpose/objective of the same entity, ""Generate Fraudulent Advertising Revenue,"" without altering scope or meaning."
How do Masquerade Task or Service manage to evade the security measures that have been implemented?,In what ways does Masquerade Task or Service evade the defenses put in place?,False,False,False,False,False,False,True,True,EQUIVALENT,Both ask how Masquerade Task or Service evades the implemented defenses/security measures.
What are the known aliases used by the Nomadic Octopus group?,What are the pseudonyms of the Nomadic Octopus group?,False,False,False,True,False,False,False,False,EQUIVALENT,"""Pseudonyms"" and ""aliases"" are synonymous, and both ask for the same set of alternative names for the Nomadic Octopus group."
What is the primary goal of a Proxy attack?,What is the objective of an Proxy attack?,False,False,False,False,False,True,False,False,EQUIVALENT,"""Objective"" and ""primary goal"" are synonymous, keeping the same entity and relationship."
What is the main target platform typically exploited by attackers using the Regsvr32 command?,Which platform serves as the primary focus for Regsvr32 attacks?,False,False,False,False,False,True,True,False,EQUIVALENT,Both ask for the same primary platform targeted by Regsvr32 attacks.
What techniques are employed by Active Scanning to avoid being detected by security systems and software?,How does Active Scanning manage to evade the detection of security systems and software?,False,False,False,False,False,False,False,False,EQUIVALENT,"same meaning, same entities, same relationship.assistantfinalVerdict: EQUIVALENT"
What is the central platform for Video Capture attacks primarily targeted by threat actors?,Which platform serves as the primary focus for Video Capture attacks?,False,True,False,False,False,True,False,True,EQUIVALENT,Both ask for the same platform that is the main target of Video Capture attacks.
What tactics do System Binary Proxy Execution techniques typically employ to circumvent the defenses of security systems?,Can you describe the methods by which System Binary Proxy Execution evades the defenses of security systems?,False,False,False,False,False,False,False,False,EQUIVALENT,Both ask for the same methods used by System Binary Proxy Execution to bypass security system defenses.
What is the primary purpose of Application Deployment Software?,What is the intention behind Application Deployment Software?,False,False,False,False,False,False,False,False,EQUIVALENT,"Both ask for the purpose/intention of Application Deployment Software, just using different wording."
What types of security measures can be vulnerable to Unix Shell Configuration Modification?,What defensive techniques can be compromised by Unix Shell Configuration Modification?,False,False,False,False,False,True,False,False,EQUIVALENT,paraphrase uses synonymous terms without altering scope.assistantfinalVerdict: EQUIVALENT
For which particular platform is the Ingress Tool Transfer primarily designed?,What platform is Ingress Tool Transfer specifically tailored for?,False,False,True,True,False,True,True,True,EQUIVALENT,Both ask which specific platform the Ingress Tool Transfer is designed for.
What techniques does App Delivered via Email Attachment employ to successfully bypass detection by security defenses?,How does App Delivered via Email Attachment manage to evade detection by defenses?,False,False,False,False,False,True,False,False,EQUIVALENT,"same meaning, just reworded.assistantfinalVerdict: EQUIVALENT"
What security vulnerabilities does Hidden File System specifically target or take advantage of?,What are the security weaknesses or vulnerabilities that Hidden File System exploits or leverages?,True,False,False,False,False,False,False,False,EQUIVALENT,Both ask for the same security weaknesses that Hidden File System exploits or leverages.
What type of platform is primarily targeted by Unix Shell Configuration Modification attacks?,Which platform serves as the primary focus for Unix Shell Configuration Modification attacks?,False,True,True,False,False,True,True,True,EQUIVALENT,Both ask for the primary platform targeted by the same attack type.assistantfinalVerdict: EQUIVALENT
What are the known monikers used by the Patchwork group?,What are the known aliases of the Patchwork group?,True,False,False,True,False,False,False,False,EQUIVALENT,"""aliases"" and ""monikers"" are synonymous, same entity and request.assistantfinalVerdict: EQUIVALENT"
What security measures are vulnerable to being circumvented through Boot or Logon Autostart Execution?,Which defense strategies can be evaded by Boot or Logon Autostart Execution?,False,False,False,False,False,False,False,False,EQUIVALENT,"The paraphrase preserves the same entities and asks the same relationship, just reworded.assistantfinalVerdict: EQUIVALENT"
What security controls or defenses that BITS Jobs has access to can it potentially compromise or disable?,What types of defenses or security controls can BITS Jobs compromise or disable?,False,False,True,False,False,False,False,False,EQUIVALENT,Both ask for the same set of defenses/security controls that BITS Jobs can compromise or disable.assistantfinalVerdict: EQUIVALENT
What security features are typically circumvented through the use of Network Device CLI?,What security features are bypassed by Network Device CLI?,True,True,True,False,False,True,True,True,NOT_EQUIVALENT,"added ""typically"" changes scope.assistantfinalVerdict: NOT_EQUIVALENT"
What primary target does Clear Mailbox Data attacks typically focus on?,Which platform serves as the primary focus for Clear Mailbox Data attacks?,False,False,False,False,False,False,False,False,NOT_EQUIVALENT,"changed entity from platform to target, altering scope.assistantfinalVerdict: NOT_EQUIVALENT"
What is the primary purpose of the Login Item?,What is the main objective of Login Item?,False,False,False,False,False,False,False,False,EQUIVALENT,... one concise sentence.
What methods do adversaries use to evade detection by defenses within the Modify Controller Tasking framework?,How does Modify Controller Tasking manage to evade detection by defenses?,False,False,False,False,False,False,False,False,NOT_EQUIVALENT,"The paraphrase shifts focus from how Modify Controller Tasking itself evades detection to what adversary methods are used within that framework, altering the entity and relationship."
What strategies does Prevent Application Removal employ to avoid being detected by security systems and software?,How does Prevent Application Removal manage to evade the detection of security systems and software?,False,False,False,False,False,False,False,False,EQUIVALENT,Both ask for the methods Prevent Application Removal uses to avoid detection by security systems and software.
What tactics do security systems and software employ that Software Deployment Tools are able to successfully circumvent?,How does Software Deployment Tools manage to evade the detection of security systems and software?,False,False,False,False,False,False,False,True,NOT_EQUIVALENT,The paraphrase changes the focus from methods used by deployment tools to tactics used by security systems.assistantfinalVerdict: NOT_EQUIVALENT
What types of security protocols are incapable of blocking Block Command Message?,What security measures are unable to prevent Block Command Message?,False,False,True,False,False,False,True,False,EQUIVALENT,"paraphrase preserves entities (security measures/protocols, Block Command Message) and relationship (unable to prevent/block).assistantfinalVerdict: EQUIVALENT"
What is the main objective behind an Engineering Workstation Compromise?,What is the primary goal of Engineering Workstation Compromise?,False,False,True,False,False,False,False,False,EQUIVALENT,Both ask for the same primary goal/objective of an Engineering Workstation Compromise.
What types of security controls can be evaded or bypassed by Hooking?,What are the security controls or measures that Hooking can bypass or evade?,False,True,True,False,False,False,True,True,EQUIVALENT,"Both ask which security controls/measures Hooking can bypass or evade, with identical entities and relationship."
What is the primary purpose of Data from Removable Media?,What is the main objective of Data from Removable Media?,False,False,False,False,False,False,False,False,EQUIVALENT,"""Main objective"" and ""primary purpose"" are synonymous, keeping the same entity and question scope."
What is the main goal of the Install Digital Certificate process?,What is the purpose of Install Digital Certificate?,False,False,False,False,False,True,False,False,EQUIVALENT,"Both questions ask for the purpose/goal of the same ""Install Digital Certificate"" process."
What is the central target of Sharepoint exploitation efforts?,Which platform serves as the primary focus for Sharepoint attacks?,False,False,False,False,False,False,False,False,EQUIVALENT,Both ask for the same target platform of Sharepoint attacks/exploitation.assistantfinalVerdict: EQUIVALENT
What security measures are vulnerable to Point & Tag Identification?,What defensive techniques can be compromised by Point & Tag Identification?,False,False,False,False,False,False,False,False,EQUIVALENT,paraphrase uses synonymous terms without altering scope.assistantfinalVerdict: EQUIVALENT
What tactics does Local Email Collection employ to avoid being detected by security systems?,What strategies does Local Email Collection use to evade security defenses and remain undetected?,False,False,False,False,False,False,False,False,EQUIVALENT,Both ask for the same methods Local Email Collection uses to avoid detection by security defenses.
What security measures or protective protocols might be vulnerable to compromise or disruption by Fake Developer Accounts?,What types of defenses or security controls can Fake Developer Accounts compromise or disable?,False,False,True,False,False,False,True,False,EQUIVALENT,paraphrase asks same thing with different wording.assistantfinalVerdict: EQUIVALENT
How does Direct Network Flood successfully avoid being detected and protected by security measures?,In what ways is Direct Network Flood able to evade detection and protection?,False,False,False,False,False,True,True,False,EQUIVALENT,"Both ask for the methods Direct Network Flood uses to avoid detection and protection, preserving the same entity and relationship."
What techniques does a Graphical User Interface utilize to avoid being detected by security defenses?,How does Graphical User Interface manage to evade detection by defenses?,False,False,False,False,False,True,False,False,EQUIVALENT,paraphrase asks same question with different wording.assistantfinalVerdict: EQUIVALENT
What security measures are ineffective against SIP and Trust Provider Hijacking?,What security measures are unable to prevent SIP and Trust Provider Hijacking?,False,False,False,False,False,False,False,False,EQUIVALENT,Both ask for the same security measures that fail to stop SIP and Trust Provider Hijacking.
What security measures can Multilayer Encryption potentially circumvent or avoid?,What are the security controls or measures that Multilayer Encryption can bypass or evade?,False,True,False,False,False,True,True,False,EQUIVALENT,"Both ask which security controls/measures Multilayer Encryption can bypass or evade, using synonymous phrasing."
What are the various aliases used by the notorious group known as APT19?,What are the different names by which the APT19 group is known?,False,False,False,True,False,False,False,False,EQUIVALENT,Both ask for the aliases of APT19.assistantfinalVerdict: EQUIVALENT
What type of platform is most frequently linked to Exfiltration Over Web Service incidents?,What kind of platform is Exfiltration Over Web Service most commonly associated with?,True,True,True,False,False,False,False,True,EQUIVALENT,Both ask for the same platform type most commonly associated with the Exfiltration Over Web Service technique.
"What types of security measures can Junk Data effectively evade, bypass, or disable?","What are the defenses that Junk Data can successfully evade, bypass, or disable?",False,False,False,False,False,False,False,True,EQUIVALENT,"Both ask for the same set of defenses/security measures that Junk Data can evade, bypass, or disable."
What types of security measures are susceptible to Clipboard Modification?,What security measures are vulnerable to Clipboard Modification?,True,False,False,False,False,True,False,False,EQUIVALENT,... concise.assistantfinalVerdict: EQUIVALENT
What security measures are commonly evaded or circumvented by the technique of Code Signing?,What techniques does Code Signing use to bypass security measures?,False,False,False,False,False,False,False,True,NOT_EQUIVALENT,The paraphrase changes the focus from techniques used by Code Signing to the security measures it evades.assistantfinalVerdict: NOT_EQUIVALENT
What platform is typically linked to the operation of Rogue Master Device?,What kind of platform is Rogue Master Device most commonly associated with?,False,True,True,False,False,True,False,True,EQUIVALENT,Both ask which platform is most commonly associated with Rogue Master Device.assistantfinalVerdict: EQUIVALENT
Which security protocols are typically evaded or circumvented as a result of Remote System Information Discovery?,What security protocols are bypassed or compromised by Remote System Information Discovery?,False,False,False,False,False,True,True,True,EQUIVALENT,"The paraphrase preserves the same entities (security protocols, Remote System Information Discovery) and relationship (being bypassed/compromised).assistantfinalVerdict: EQUIVALENT"
What is the main purpose of a Rogue Master Device?,What is the primary objective of a Rogue Master Device?,False,False,False,False,False,True,False,False,EQUIVALENT,... one concise sentence.
What methods does Access Sensitive Data in Device Logs employ to remain active and avoid being detected?,What techniques does Access Sensitive Data in Device Logs use to evade detection and remain active?,False,False,False,False,False,False,False,False,EQUIVALENT,Both ask for the same techniques used by Access Sensitive Data in Device Logs to stay active and avoid detection.
What is the purpose of XDG Autostart Entries?,What is the intention behind XDG Autostart Entries?,False,False,False,False,False,False,False,False,EQUIVALENT,"""Intention"" and ""purpose"" are synonymous, so both ask the same thing about XDG Autostart Entries."
What is the purpose of Password Policy Discovery?,What is the intention behind Password Policy Discovery?,False,False,False,False,False,False,False,False,EQUIVALENT,"""Intention"" and ""purpose"" are synonymous, so both ask the same thing about Password Policy Discovery."
What platforms are commonly targeted by Transport Agent malware for exploitation?,What type of platform is often compromised by Transport Agent malware?,False,False,False,True,False,False,False,True,EQUIVALENT,Both ask which platforms are commonly compromised/targeted by Transport Agent malware.assistantfinalVerdict: EQUIVALENT
What is the purpose behind Malicious or Vulnerable Built-in Device Functionality?,What is the intention behind Malicious or Vulnerable Built-in Device Functionality?,False,False,False,False,False,False,False,False,EQUIVALENT,"""Intention"" and ""purpose"" are synonymous, so the question meaning and entities remain unchanged."
What is the primary goal of Uninstall Malicious Application?,What is the main intention of a Uninstall Malicious Application?,False,False,True,False,False,True,False,False,EQUIVALENT,Both questions ask for the same purpose/goal of the Uninstall Malicious Application.
What is the main objective of Alternate Network Mediums?,What is the primary goal of Alternate Network Mediums?,False,False,False,False,False,True,False,False,EQUIVALENT,"""Primary goal"" and ""main objective"" are synonymous, and the entity and relationship remain unchanged."
What tactics does the Modify Authentication Process use to circumvent the security measures in place?,Can you describe the methods by which Modify Authentication Process evades the defenses of security systems?,False,False,False,False,False,False,False,True,EQUIVALENT,Both ask for the same methods the Modify Authentication Process uses to bypass security defenses.
"What security systems and defenses can be compromised, disabled, or circumvented through RDP Hijacking?","What types of defenses or security systems can RDP Hijacking compromise, disable, or bypass?",True,True,True,False,False,True,False,True,EQUIVALENT,"Both ask for the same set of defenses/security systems that RDP Hijacking can compromise, disable, or bypass."
What is the primary objective behind a Dynamic-link Library Injection?,What is the main intention of a Dynamic-link Library Injection?,False,True,False,False,False,True,False,False,EQUIVALENT,Both ask for the main purpose/goal of DLL injection.assistantfinalVerdict: EQUIVALENT
What is the function of Additional Cloud Credentials?,What is the purpose of Additional Cloud Credentials?,False,False,False,False,False,False,False,False,EQUIVALENT,"""Purpose"" and ""function"" are synonymous, so the question asks the same thing about the same entity."
When did Operation Honeybee's most recent iteration occur?,When did the most recent instance of Operation Honeybee take place?,True,False,False,True,True,False,False,False,EQUIVALENT,"Both ask for the date of the latest occurrence of Operation Honeybee, preserving the same entity and relationship."
What security measures fail to prevent the operation of Change Operating Mode?,What security measures are unable to prevent Change Operating Mode?,False,True,True,True,False,False,True,False,EQUIVALENT,The paraphrase asks for the same security measures that cannot prevent the Change Operating Mode.assistantfinalVerdict: EQUIVALENT
What types of security controls are vulnerable to exploitation via the InstallUtil utility?,Which security controls are susceptible to InstallUtil?,False,False,False,False,False,False,False,False,EQUIVALENT,paraphrase asks same question with same scope.assistantfinalVerdict: EQUIVALENT
"What security measures or defense systems can be compromised, disabled, or circumvented by Protected User Data?","What types of defenses or security systems can Protected User Data compromise, disable, or bypass?",False,True,False,False,False,True,True,False,EQUIVALENT,"The paraphrase asks the same question about which defenses can be affected by Protected User Data, just rephrased.assistantfinalVerdict: EQUIVALENT"
Which security measures are susceptible to exploitation through Ptrace System Calls?,What security measures are vulnerable to Ptrace System Calls?,False,False,False,False,False,False,False,True,EQUIVALENT,Both ask for the same security measures that are vulnerable/exploitable via Ptrace system calls.
For what platform is Indicator Removal on Host primarily designed?,For which platform is Indicator Removal on Host primarily intended?,False,True,True,True,False,True,True,True,EQUIVALENT,"Both questions ask which platform the Indicator Removal on Host feature is primarily meant for, using synonymous wording."
What platforms are the intended users of RemoteUtilities?,Which platform is the target audience for RemoteUtilities?,False,False,False,False,False,False,True,False,NOT_EQUIVALENT,"The paraphrase changes the scope from a singular platform to potentially multiple platforms, altering the original question’s specificity."
How does Regsvcs/Regasm manage to avoid being detected and protected by security systems?,In what ways is Regsvcs/Regasm able to evade detection and protection?,False,False,False,False,False,False,True,True,EQUIVALENT,"Both ask how Regsvcs/Regasm evades detection and protection, preserving the same entities and relationship."
On which type of platform is Impersonation typically designed to operate?,What type of platform is Impersonation typically designed for?,True,True,True,True,False,True,True,True,EQUIVALENT,Both ask for the same platform type that Impersonation is intended for.
"What types of security defenses can Modify Registry successfully evade, bypass, or disable?","What are the defenses that Modify Registry can successfully evade, bypass, or disable?",False,False,True,False,False,False,False,True,EQUIVALENT,"paraphrase only rewords, adds ""security"" but same meaning.assistantfinalVerdict: EQUIVALENT"
On which system is Event Triggered Execution typically deployed or carried out?,On which platform is Event Triggered Execution  typically deployed or executed?,False,False,False,False,False,False,False,False,EQUIVALENT,"“Platform” and “system” are synonymous, and “executed” vs “carried out” do not change the asked relationship."
What is the primary objective of Cloud Groups?,What does Cloud Groups aim to achieve?,False,False,True,False,False,False,False,False,EQUIVALENT,Both ask for the goal or objective that Cloud Groups intends to achieve.
What security controls and defenses might Domain Fronting potentially undermine or circumvent?,What types of defenses or security controls can Domain Fronting compromise or disable?,True,True,True,False,False,False,False,False,EQUIVALENT,paraphrase asks same thing with synonymous terms.assistantfinalVerdict: EQUIVALENT
What security measures are typically circumvented by Default Accounts?,What security features are bypassed by Default Accounts?,True,True,True,False,False,True,True,True,NOT_EQUIVALENT,"The paraphrase adds ""typically"", altering the scope.assistantfinalVerdict: NOT_EQUIVALENT"
What methods does a Rogue Domain Controller employ to circumvent and compromise existing security systems and defenses?,How does Rogue Domain Controller manage to breach or penetrate security systems and defenses?,False,True,False,False,False,True,False,False,EQUIVALENT,"Both ask for the ways a Rogue Domain Controller breaches or compromises security systems, using only different wording."
On what platforms is Disable Cloud Logs usually implemented or activated?,On which platform is Disable Cloud Logs typically deployed or executed?,False,True,True,True,False,True,True,True,EQUIVALENT,"Both ask which platform(s) Disable Cloud Logs is typically used on, just reworded."
What is the main goal of an Exfiltration Over Command and Control Channel cyber-attack?,What is the objective of an Exfiltration Over Command and Control Channel attack?,False,False,False,False,False,True,False,True,EQUIVALENT,Both ask for the same purpose of an Exfiltration Over Command and Control Channel attack.
What is the primary purpose of Execution Guardrails?,What is the main intention of a Execution Guardrails?,False,False,False,False,False,False,False,False,EQUIVALENT,... concise.
What is the primary objective of an attacker when performing Domain Trust Discovery?,What does an attacker seek to accomplish with Domain Trust Discovery?,True,False,False,False,False,False,False,False,EQUIVALENT,Both questions ask for the attacker’s goal or objective when using Domain Trust Discovery.
How does the Cloud Service Dashboard successfully circumvent existing security measures?,In what ways does Cloud Service Dashboard evade the defenses put in place?,False,True,False,False,False,False,True,False,EQUIVALENT,Both ask for methods the Cloud Service Dashboard uses to bypass defenses.assistantfinalVerdict: EQUIVALENT
What is the primary objective of a Drive-by Compromise?,What does an attacker seek to accomplish with Drive-by Compromise?,True,False,False,False,False,False,False,False,EQUIVALENT,Both ask for the attacker’s goal or main purpose of a Drive‑by Compromise.
What is the intended function of Insecure Third-Party Libraries?,What is the purpose of Insecure Third-Party Libraries?,False,False,False,False,False,False,False,False,EQUIVALENT,"""Purpose"" and ""intended function"" are synonymous, same entity.assistantfinalVerdict: EQUIVALENT"
What is the purpose of the Trusted Developer Utilities?,What is the intention behind Trusted Developer Utilities?,False,False,False,False,False,False,False,False,EQUIVALENT,"""Intention"" and ""purpose"" are synonymous, so both ask the same thing about Trusted Developer Utilities."
What methods do System Services employ to avoid detection and continue operating?,What techniques does System Services use to evade detection and remain active?,False,True,False,False,False,False,False,False,EQUIVALENT,The paraphrase uses synonymous wording but asks the same about System Services' techniques/methods for avoiding detection and staying operational.
What methods does Data Encrypted for Impact utilize to avoid detection and persist on a system?,What techniques does Data Encrypted for Impact use to evade detection and remain active?,False,False,False,False,False,False,False,False,EQUIVALENT,Both ask for the same techniques Data Encrypted for Impact uses to avoid detection and stay active/persistent.
What is the destination endpoint of Network Address Translation Traversal?,What is the ultimate target of Network Address Translation Traversal?,False,False,False,False,False,False,False,True,EQUIVALENT,Both ask for the final target/destination of NAT traversal.assistantfinalVerdict: EQUIVALENT
What is the primary objective of conducting Network Connection Enumeration?,What is the purpose of Network Connection Enumeration?,True,False,False,False,False,False,False,True,EQUIVALENT,Both ask for the same purpose/objective of Network Connection Enumeration without altering entities or scope.
On which platforms does ListPlanting typically target or function?,Which platform does ListPlanting target or operate on?,True,True,True,False,False,True,False,True,EQUIVALENT,"only wording changed, same entities and relationship.assistantfinalVerdict: EQUIVALENT"
What security vulnerabilities or weaknesses does Network Information Discovery specifically target or utilize?,What are the security weaknesses or vulnerabilities that Network Information Discovery exploits or leverages?,True,True,False,False,False,False,False,False,EQUIVALENT,Both ask for the same set of security weaknesses/vulnerabilities that Network Information Discovery exploits or targets.
What techniques does Compromise Software Supply Chain utilize to bypass security defenses?,What methods does Compromise Software Supply Chain employ to evade security defenses?,False,False,False,False,False,False,False,False,EQUIVALENT,"The paraphrase uses synonymous wording (methods/techniques, employ/utilize, evade/bypass) while keeping the same entity and relationship."
What is the primary platform targeted by Elevated Execution with Prompt type attacks?,Which platform serves as the primary focus for Elevated Execution with Prompt attacks?,False,True,True,True,False,True,False,True,EQUIVALENT,Both ask for the same primary platform targeted by Elevated Execution with Prompt attacks.
What methods does Exfiltration Over Webhook utilize to bypass detection and maintain persistence?,What techniques does Exfiltration Over Webhook use to evade detection and remain active?,False,False,False,False,False,False,False,False,EQUIVALENT,paraphrase uses synonyms but same entities and relationship.assistantfinalVerdict: EQUIVALENT
What is the purpose behind the concept of Fileless Storage?,What is the intention behind Fileless Storage?,False,False,False,False,False,False,False,False,EQUIVALENT,Both ask for the same underlying reason or goal of Fileless Storage.
What methods do attackers utilize to successfully penetrate security systems using Dynamic-link Library Injection?,How does Dynamic-link Library Injection manage to breach or penetrate security systems and defenses?,False,False,False,False,False,False,False,False,EQUIVALENT,"Both ask how DLL injection is used to breach security systems, preserving the same entities and relationship."
What measures does the Component Object Model employ to avoid being detected by security systems?,Can you explain how Component Object Model evades detection by security systems?,False,False,False,False,False,True,False,False,EQUIVALENT,Both ask for the same explanation of COM's evasion methods.assistantfinalVerdict: EQUIVALENT
What Confluence features or functionalities might be vulnerable to exploitation by attackers?,What defensive techniques can be compromised by Confluence?,False,False,False,False,False,False,False,False,NOT_EQUIVALENT,"The paraphrase shifts focus from defensive techniques that Confluence can compromise to Confluence features that attackers might exploit, altering both the entities and the relationship."
Which security defenses are susceptible to being targeted by Client Configurations?,What defense mechanisms are vulnerable to exploitation by Client Configurations?,True,False,False,False,False,False,False,False,EQUIVALENT,"The paraphrase asks for the same set of defense mechanisms that can be exploited by Client Configurations, using synonymous wording."
Which security protocols are vulnerable to exploitation through the mechanism known as Pass the Ticket?,What security protocols are bypassed or compromised by Pass the Ticket?,False,False,True,True,False,True,True,True,EQUIVALENT,paraphrase asks same set of protocols affected by Pass the Ticket.assistantfinalVerdict: EQUIVALENT
On which system or platform does the Activate Firmware Update Mode function operate?,Which platform does Activate Firmware Update Mode target or operate on?,False,False,True,True,False,False,True,False,EQUIVALENT,Both ask for the same platform on which Activate Firmware Update Mode operates.
What is the primary goal of an attack involving Impair Command History Logging?,What is the objective of an Impair Command History Logging attack?,False,False,False,False,False,True,False,True,EQUIVALENT,Both ask for the same objective of the same attack.assistantfinalVerdict: EQUIVALENT
What security protocols or measures might Stored Application Data potentially compromise or erode?,What security protocols or measures can Stored Application Data compromise or undermine?,False,False,False,False,False,False,False,False,EQUIVALENT,"paraphrase only rewords, preserving entities and relationship.assistantfinalVerdict: EQUIVALENT"
What is the primary objective behind the malicious operation known as Project File Infection?,What is the purpose of Project File Infection?,False,False,False,False,False,False,False,True,EQUIVALENT,"Both ask for the purpose/objective of the same entity, Project File Infection."
What methods enable SID-History Injection to avoid detection and protection?,In what ways is SID-History Injection able to evade detection and protection?,False,False,False,False,False,False,True,False,EQUIVALENT,Both ask for the methods by which SID-History Injection can evade or avoid detection and protection.
What security controls are most vulnerable to issues stemming from Network Trust Dependencies?,Which security controls are susceptible to Network Trust Dependencies?,False,True,False,False,False,False,False,True,NOT_EQUIVALENT,"The paraphrase narrows the scope to the “most vulnerable” controls, whereas the original asks for all controls susceptible to Network Trust Dependencies."
What security measures are evaded or compromised through the Escape to Host tactic?,What security protocols are bypassed or compromised by Escape to Host?,False,True,False,False,False,True,False,False,NOT_EQUIVALENT,"changed entity from protocols to measures, altering scope.assistantfinalVerdict: NOT_EQUIVALENT"
What is the purpose behind Deobfuscate/Decode Files or Information?,What is the intention behind Deobfuscate/Decode Files or Information?,False,False,False,False,False,False,False,False,EQUIVALENT,"""Intention"" and ""purpose"" are synonymous, so the question meaning is unchanged."
What security defenses does At (Linux) typically circumvent through its evasion techniques?,What methods does At (Linux) employ to evade security defenses?,False,True,False,False,False,True,False,False,NOT_EQUIVALENT,"The original asks for the evasion methods used, while the paraphrase asks for which security defenses are bypassed, changing the focus."
What security controls or measures can Proxy potentially circumvent or sidestep?,What are the security controls or measures that Proxy can bypass or evade?,False,False,True,False,False,True,False,False,EQUIVALENT,"Both ask which security controls or measures Proxy is capable of bypassing, using synonymous wording."
What security measures are circumvented or compromised by Data from Information Repositories?,What security measures does Data from Information Repositories manage to bypass or undermine?,True,True,False,False,False,True,True,True,EQUIVALENT,"Both ask which security measures are bypassed or undermined by Data from Information Repositories, using synonymous wording."
What countermeasures are ineffectual against the AppDomainManager?,What countermeasures are ineffective against AppDomainManager?,False,False,False,False,False,False,False,False,EQUIVALENT,The paraphrase uses synonymous wording and retains the same entity and relationship.
What security measures can Startup Items potentially evade or bypass?,What defenses can Startup Items evade or circumvent?,False,True,True,False,False,True,False,False,EQUIVALENT,The paraphrase asks for the same set of defenses/security measures that Startup Items can evade or bypass.
What security measures are vulnerable to compromise through Lockscreen Bypass?,What defensive techniques can be compromised by Lockscreen Bypass?,False,False,True,False,False,False,False,False,EQUIVALENT,Both ask which defensive/security techniques are susceptible to compromise via Lockscreen Bypass.
What security protocols are circumvented by Valid Accounts?,What security protocols are bypassed or compromised by Valid Accounts?,True,True,False,False,False,True,True,True,EQUIVALENT,"Both ask which security protocols are affected (bypassed/compromised vs circumvented) by Valid Accounts, preserving entities and relationship."
What methods do malicious actors employ to remain hidden using Data from Information Repositories?,What strategies does Data from Information Repositories use to evade security defenses and remain undetected?,False,False,False,False,False,False,False,False,NOT_EQUIVALENT,"changes subject from Data to malicious actors, altering meaning.assistantfinalVerdict: NOT_EQUIVALENT"
What is the primary goal of Token Impersonation/Theft?,What is the main objective of Token Impersonation/Theft?,False,False,True,True,False,True,False,False,EQUIVALENT,"""Main objective"" and ""primary goal"" are synonymous, preserving the same entities and relationship."
What methods does the WHOIS protocol employ to bypass security systems and avoid detection?,What strategies does WHOIS use to evade security defenses and remain undetected?,False,False,False,False,False,False,False,False,EQUIVALENT,Both ask for the same WHOIS techniques for evading/bypassing security defenses and staying undetected.
What platforms are particularly vulnerable to the risks associated with a Code Signing Policy Modification?,For what type of platform is Code Signing Policy Modification considered a significant threat?,True,True,True,True,False,True,True,True,NOT_EQUIVALENT,The paraphrase broadens scope from a single platform type to multiple platforms.assistantfinalVerdict: NOT_EQUIVALENT
On which platform do Unix Shell attacks primarily take place?,Which platform serves as the primary focus for Unix Shell attacks?,False,True,True,True,False,True,True,True,EQUIVALENT,"Both ask for the same primary platform targeted by Unix Shell attacks, just reworded."
What security defenses do Malicious Media Content methods typically evade?,What methods does Malicious Media Content employ to evade security defenses?,False,True,False,False,False,True,False,False,NOT_EQUIVALENT,The paraphrase asks for defenses rather than methods.assistantfinalVerdict: NOT_EQUIVALENT
What security defenses are typically evaded by Component Object Model Hijacking tactics?,What methods does Component Object Model Hijacking employ to evade security defenses?,False,True,False,False,False,True,False,True,NOT_EQUIVALENT,The paraphrase changes the focus from methods used to evade to the defenses being evaded.assistantfinalVerdict: NOT_EQUIVALENT
What security measures can Modify Controller Tasking potentially evade or bypass?,What defenses can Modify Controller Tasking evade or circumvent?,False,False,True,False,False,False,True,False,EQUIVALENT,"The paraphrase uses synonymous terms and retains the same entities and relationship, merely rewording the question."
What types of security measures can Fallback Channels bypass or evade?,What defenses can Fallback Channels evade or circumvent?,True,True,True,False,False,True,True,False,EQUIVALENT,"The paraphrase uses synonymous terms (“defenses”/“security measures”, “evade or circumvent”/“bypass or evade”) without altering the entities or relationship."
What is the primary goal of an operation designed to Generate Traffic from Victim?,What is the objective of an Generate Traffic from Victim attack?,False,False,True,False,False,True,False,False,EQUIVALENT,Both ask for the same objective/goal of a “Generate Traffic from Victim” attack.
What is the primary objective of the Query Registry?,What does Query Registry aim to achieve?,False,False,True,False,False,False,False,False,EQUIVALENT,Both questions ask for the same goal or purpose of the Query Registry.
How do security systems fail to detect Exfiltration to Code Repository tactics?,Can you explain how Exfiltration to Code Repository evades detection by security systems?,False,False,False,False,False,False,False,False,EQUIVALENT,"same meaning, just reworded.assistantfinalVerdict: EQUIVALENT"
"What methods does the ""Use Alternate Authentication Material"" technique employ to avoid detection and sustain its operational presence?",What techniques does Use Alternate Authentication Material use to evade detection and remain active?,False,False,False,False,False,False,False,False,EQUIVALENT,"Both ask for the same techniques used by the ""Use Alternate Authentication Material"" method to avoid detection and stay active."
What security features are susceptible to exploitation through Bypass User Access Control?,What defense mechanisms are vulnerable to exploitation by Bypass User Access Control?,False,False,False,True,False,False,False,False,EQUIVALENT,The paraphrase uses synonymous terms and retains the same entities and relationship.
What techniques does Keychain employ to avoid being detected by security systems and software?,How does Keychain manage to evade the detection of security systems and software?,False,False,False,False,False,False,False,False,EQUIVALENT,Both ask for the methods Keychain uses to avoid detection by security systems and software.
What security controls does the presence of Windows Admin Shares potentially evade or compromise?,What security measures does Windows Admin Shares manage to bypass or undermine?,True,True,True,False,False,False,False,False,EQUIVALENT,Both ask which security measures/controls are bypassed or compromised by Windows Admin Shares.
What is the primary objective behind the exploitation of Compromise Software Dependencies and Development Tools?,What is the intention behind Compromise Software Dependencies and Development Tools?,False,False,False,False,False,False,True,True,NOT_EQUIVALENT,"The paraphrase adds “exploitation of,” altering the relationship from the intention behind the compromise itself to the intention behind exploiting it."
How do threat actors utilize the tactic of Generate Traffic from Victim to evade detection by security systems?,Can you explain how Generate Traffic from Victim evades detection by security systems?,False,False,False,False,False,False,False,False,EQUIVALENT,"Both ask how the “Generate Traffic from Victim” tactic enables evasion of detection by security systems, with only wording changes."
What security controls or defenses can be compromised or disabled by Exfiltration Over Unencrypted/Obfuscated Non-C2 Protocol?,What types of defenses or security controls can Exfiltration Over Unencrypted/Obfuscated Non-C2 Protocol compromise or disable?,True,False,False,False,False,True,False,False,EQUIVALENT,"Both ask which defenses/security controls can be compromised or disabled by the same technique, with identical entities and relationship."
What security measures are exposed to potential threats from Shared Webroot?,What security measures are vulnerable to Shared Webroot?,False,False,True,True,False,False,False,False,EQUIVALENT,"Both ask which security measures are vulnerable/exposed to threats from Shared Webroot, preserving entities and relationship."
What techniques does Remote File Copy employ to avoid being detected by security systems?,Can you explain how Remote File Copy evades detection by security systems?,False,False,False,False,False,False,False,False,EQUIVALENT,"Both ask for the methods Remote File Copy uses to avoid detection by security systems, preserving entities and relationship."
What security vulnerabilities does PowerShell exploit or utilize?,What are the security weaknesses or vulnerabilities that PowerShell exploits or leverages?,False,False,True,True,False,False,False,False,EQUIVALENT,Both ask for the same security weaknesses/vulnerabilities that PowerShell exploits or uses.
For which platform is I/O Module Discovery primarily designed?,What platform is I/O Module Discovery specifically tailored for?,False,True,True,True,False,True,True,True,EQUIVALENT,"Both ask which platform I/O Module Discovery is intended for, using synonymous phrasing."
What methods do threat actors employ to remain undetected by antivirus software when engaging in SIP and Trust Provider Hijacking?,How does SIP and Trust Provider Hijacking successfully evade detection by antivirus software?,False,False,False,False,False,False,False,False,EQUIVALENT,paraphrase asks same question about evasion methods for same techniques.assistantfinalVerdict: EQUIVALENT
What techniques do threat actors employ to successfully bypass the defenses of security systems while executing Gather Victim Host Information?,Can you describe the methods by which Gather Victim Host Information evades the defenses of security systems?,False,False,False,False,False,False,True,False,EQUIVALENT,Both ask for the same evasion techniques for Gather Victim Host Information.assistantfinalVerdict: EQUIVALENT
What techniques does Trust Modification utilize to avoid detection by security defenses?,How does Trust Modification manage to evade detection by defenses?,False,False,False,True,False,False,False,False,EQUIVALENT,Both ask for the methods Trust Modification uses to avoid detection by defenses.
What is the primary goal of a Server assault?,What is the objective of an Server attack?,False,False,False,False,False,True,False,False,EQUIVALENT,"Both ask for the same goal/objective of a server attack, using synonymous wording."
What security controls or measures can IP Addresses potentially circumvent or evade?,What are the security controls or measures that IP Addresses can bypass or evade?,False,False,False,False,False,True,False,True,EQUIVALENT,"Both ask which security controls or measures IP Addresses can bypass/evade, with identical entities and relationship."
What types of defenses can be evaded or bypassed by Proc Memory?,What defenses can Proc Memory evade or circumvent?,True,False,False,False,False,False,True,False,EQUIVALENT,"same entities and relationship, just reworded.assistantfinalVerdict: EQUIVALENT"
On what platforms is a Malicious Third Party Keyboard App typically intended to operate?,On which platform is Malicious Third Party Keyboard App designed to function effectively?,True,True,True,False,False,True,True,True,NOT_EQUIVALENT,"The paraphrase changes the scope from a single platform to potentially multiple platforms, altering the question’s requirement."
What types of security measures can Password Spraying effectively bypass or evade?,What defenses can Password Spraying evade or circumvent?,True,True,True,False,False,True,False,False,EQUIVALENT,paraphrase uses synonymous terms without altering meaning.assistantfinalVerdict: EQUIVALENT
What is the objective of an attacker's use of Local Network Connections Discovery?,What does an attacker seek to accomplish with Local Network Connections Discovery?,False,False,False,False,False,False,False,False,EQUIVALENT,Both ask for the attacker’s goal when employing Local Network Connections Discovery.
What is the main purpose of One-Way Communication?,What is the primary objective of a One-Way Communication?,False,False,False,False,False,False,False,False,EQUIVALENT,"“Primary objective” and “main purpose” are synonymous, and both refer to the same concept of One-Way Communication."
On which system does Call Log  primarily operate?,On which platform is Call Log  typically deployed or executed?,False,False,True,True,False,False,True,False,EQUIVALENT,Both ask for the same deployment/execution environment (platform/system) of Call Log.
What techniques do External Proxy use to avoid being detected by security software and systems?,How does External Proxy manage to evade the detection of security systems and software?,False,False,False,False,False,False,False,False,EQUIVALENT,Both ask for the same methods External Proxy uses to avoid detection by security systems/software.
What security protocols or measures might Data Obfuscation potentially compromise or render ineffective?,What security protocols or measures can Data Obfuscation compromise or undermine?,False,False,False,False,False,True,False,False,EQUIVALENT,"same entities (Data Obfuscation, security protocols/measures) and same relationship (compromise/undermine).assistantfinalVerdict: EQUIVALENT"
What is the purpose of At?,What is the intention behind At?,False,False,False,False,False,False,False,False,EQUIVALENT,"""Intention"" and ""purpose"" are synonymous, no change.assistantfinalVerdict: EQUIVALENT"
What is the primary purpose or intended use of a Virtual Private Server?,For which platform is Virtual Private Server primarily intended?,False,False,False,False,False,False,False,False,NOT_EQUIVALENT,"The original asks about the specific platform a VPS targets, while the paraphrase asks about its general purpose or use, changing the entity being queried."
What types of security controls can be compromised through Software Discovery?,Which security controls are susceptible to Software Discovery?,False,False,False,False,False,False,True,True,EQUIVALENT,Both ask for the same set of security controls that are vulnerable to or can be compromised by Software Discovery.
What security measures could potentially be compromised or weakened by File and Directory Permissions Modification?,What security protocols or measures can File and Directory Permissions Modification compromise or undermine?,False,False,False,True,False,True,False,False,EQUIVALENT,"Both ask for the same security protocols/measures that could be compromised by File and Directory Permissions Modification, just rephrased."
What is the purpose behind the DCShadow malware?,What is the intention behind DCShadow?,False,False,False,False,False,False,False,False,EQUIVALENT,"Both ask for the purpose/intention of DCShadow, same entity.assistantfinalVerdict: EQUIVALENT"
What techniques does the LSASS Driver employ to avoid detection by security systems?,What strategies does LSASS Driver use to evade security defenses and remain undetected?,False,False,False,False,False,False,False,False,EQUIVALENT,same entities (LSASS Driver) and same relationship (strategies/techniques to evade detection).assistantfinalVerdict: EQUIVALENT
What is Source typically intended for use on?,What type of platform is Source typically designed for?,False,False,True,False,False,True,True,False,EQUIVALENT,Both ask about the platform for which Source is designed/intended.assistantfinalVerdict: EQUIVALENT
What is the purpose of exploiting a File System Permissions Weakness?,What is the objective of an File System Permissions Weakness attack?,False,False,False,False,False,False,False,False,EQUIVALENT,Both ask for the goal/purpose of exploiting a File System Permissions Weakness.
What are the various names or monikers known to refer to the CURIUM group?,What are the known aliases of the CURIUM group?,False,False,False,True,False,False,False,False,EQUIVALENT,... one concise sentence.
"What types of defenses can App Delivered via Email Attachment effectively evade, bypass, or disable?","What are the defenses that App Delivered via Email Attachment can successfully evade, bypass, or disable?",False,False,False,False,False,False,False,True,EQUIVALENT,"same meaning, just reworded.assistantfinalVerdict: EQUIVALENT"
Which security protocols can be evaded by Search Open Websites/Domains.,Identify the security protocols that Search Open Websites/Domains can circumvent.,False,False,True,True,False,False,True,True,EQUIVALENT,Both ask for the same set of security protocols that the Search Open Websites/Domains feature can bypass.
How does the AppDomainManager manage to evade the defensive measures that have been implemented?,In what ways does AppDomainManager evade the defenses put in place?,False,False,False,False,False,False,False,True,EQUIVALENT,"Both ask how the AppDomainManager evades the implemented defensive measures, preserving the same entities and relationship."
What security controls or defenses does SIM Card Swap manage to circumvent or compromise?,What security measures does SIM Card Swap manage to bypass or undermine?,False,True,False,False,False,True,True,True,EQUIVALENT,"The paraphrase uses synonymous terms for “security measures” and “bypass or undermine,” preserving the same entities and relationship."
What security features are vulnerable to being circumvented by SID-History Injection?,What security features are bypassed by SID-History Injection?,False,False,False,True,False,False,False,True,EQUIVALENT,"same entities and relationship, just reworded.assistantfinalVerdict: EQUIVALENT"
What is the most recent instance of the Oldsmar Treatment Plant Intrusion?,When was Oldsmar Treatment Plant Intrusion last seen in action?,False,False,False,False,True,False,False,False,EQUIVALENT,Both ask for the time of the most recent occurrence.assistantfinalVerdict: EQUIVALENT
On what operating systems is Wi-Fi Discovery intended to operate smoothly?,On which platform is Wi-Fi Discovery designed to function effectively?,False,False,True,True,False,True,True,True,NOT_EQUIVALENT,"The paraphrase narrows “platform” to specifically “operating systems,” altering the scope of the entity being asked about."
What type of platform typically falls victim to malware that involves Patch System Image exploits?,What type of platform is often compromised by Patch System Image malware?,False,True,False,False,False,False,False,False,EQUIVALENT,"paraphrase preserves meaning, same entities and relationship.assistantfinalVerdict: EQUIVALENT"
What security vulnerabilities does Device Unlock Code Guessing or Brute Force exploit or take advantage of?,What are the security weaknesses or vulnerabilities that Device Unlock Code Guessing or Brute Force exploits or leverages?,True,False,True,False,False,False,True,False,EQUIVALENT,"Both ask for the same security weaknesses that Device Unlock Code Guessing/Brute Force exploits, using only different wording."
What security measures can be circumvented through the use of Kerberoasting?,Which defense strategies can be evaded by Kerberoasting?,True,True,True,True,False,False,True,False,EQUIVALENT,paraphrase uses synonymous terms without altering scope.assistantfinalVerdict: EQUIVALENT
What security controls are circumvented by File Deletion?,What security features are bypassed by File Deletion?,True,True,True,True,False,False,True,True,EQUIVALENT,The paraphrase uses synonymous terms (“security controls”/“circumvented”) without altering the entity or relationship.
How does the concept of Loss of Availability manage to remain undetected by antivirus software?,How does Loss of Availability successfully evade detection by antivirus software?,False,False,False,False,False,False,False,False,EQUIVALENT,"Both ask how Loss of Availability avoids detection by antivirus software, using only wording changes."
Which defensive measures are susceptible to disruption by Call Control?,What defensive techniques can be compromised by Call Control?,False,False,False,False,False,True,False,False,EQUIVALENT,"same entities and relationship, just reworded.assistantfinalVerdict: EQUIVALENT"
What security measures are unable to mitigate the risks associated with Template Injection?,What countermeasures are ineffective against Template Injection?,False,False,False,False,False,False,True,False,EQUIVALENT,Both ask which security measures fail to protect against Template Injection.
What techniques do Kernel Modules and Extensions employ to avoid detection by security defenses?,What strategies does Kernel Modules and Extensions use to evade security defenses and remain undetected?,True,False,False,False,False,True,False,False,EQUIVALENT,Both ask for the same methods used by Kernel Modules and Extensions to bypass or avoid security defenses.
What names are also linked to the threat group known as DarkHydrus?,What other names are associated with the group DarkHydrus?,False,False,False,True,False,False,True,False,EQUIVALENT,"Both ask for alternative names linked to the same threat group, DarkHydrus."
What is the purpose of the function known as Screen Capture?,What is the intention behind Screen Capture?,False,False,False,False,False,False,False,False,EQUIVALENT,"Both ask for the purpose/intention of the same entity, Screen Capture."
What platforms are vulnerable to the significant threat of Log Enumeration?,For what type of platform is Log Enumeration considered a significant threat?,False,True,True,True,False,False,True,True,EQUIVALENT,Both ask which platforms are affected by Log Enumeration as a significant threat.assistantfinalVerdict: EQUIVALENT
What security measures are ineffective against Data Compressed?,What security measures are unable to prevent Data Compressed?,False,False,False,False,False,False,False,False,EQUIVALENT,"Both ask which security measures cannot stop or prevent Data Compressed, using synonymous phrasing."
What is the primary purpose of Data from Information Repositories?,What is the main intention of a Data from Information Repositories?,False,False,False,False,False,False,False,False,EQUIVALENT,"same meaning, just wording change.assistantfinalVerdict: EQUIVALENT"
What security protocols are potentially circumvented when Clear Windows Event Logs is executed?,What security protocols are bypassed or compromised by Clear Windows Event Logs?,True,True,True,False,False,True,True,False,NOT_EQUIVALENT,"Adding “potentially” changes the certainty of the effect, altering the original question’s definitive claim about which protocols are bypassed or compromised."
What security controls are circumvented by the App Auto-Start at Device Boot mechanism?,What security features are bypassed by App Auto-Start at Device Boot?,True,True,False,False,False,True,False,True,EQUIVALENT,The paraphrase uses synonymous terms without altering the entities or relationship queried.
What platform is typically linked to the task of Gather Victim Org Information?,What kind of platform is Gather Victim Org Information most commonly associated with?,False,True,False,True,False,True,False,True,EQUIVALENT,Both ask which platform the Gather Victim Org Information task is commonly associated with.
What is the primary goal of an attack that employs Debugger Evasion techniques?,What is the objective of an Debugger Evasion attack?,False,False,False,False,False,True,False,False,EQUIVALENT,... concise.
What platform is typically linked with the Modify Cloud Compute Infrastructure?,What kind of platform is Modify Cloud Compute Infrastructure most commonly associated with?,False,True,True,True,False,True,True,True,EQUIVALENT,Both ask which platform is associated with Modify Cloud Compute Infrastructure.assistantfinalVerdict: EQUIVALENT
What security measures or protocols could potentially be compromised or undermined by Domain Trust Discovery?,What security protocols or measures can Domain Trust Discovery compromise or undermine?,True,False,False,True,False,True,False,False,EQUIVALENT,"Both ask which security protocols/measures may be compromised or undermined by Domain Trust Discovery, with only wording changes."
What platform is typically associated with the process of Install Digital Certificate?,What kind of platform is Install Digital Certificate most commonly associated with?,False,True,True,True,False,True,True,True,EQUIVALENT,Both questions ask which platform is commonly/typically associated with the Install Digital Certificate process.
What security measures does Linux and Mac File and Directory Permissions Modification aim to circumvent or compromise?,What security measures does Linux and Mac File and Directory Permissions Modification manage to bypass or undermine?,False,True,False,False,False,False,False,False,EQUIVALENT,Both ask which security measures are bypassed/undermined by the same Linux and Mac file permission modification technique.
What security measures or protocols can be compromised or undermined by Patch System Image?,What security protocols or measures can Patch System Image compromise or undermine?,False,False,False,True,False,True,True,False,EQUIVALENT,"The paraphrase asks the same question about which security protocols/measures Patch System Image can compromise, just with reordered wording."
How do security systems and software fail to detect Credentials from Password Stores.,How does Credentials from Password Stores manage to evade the detection of security systems and software?,False,False,False,False,False,False,True,False,EQUIVALENT,"Both ask why credentials from password stores are not detected by security systems and software, preserving entities and relationship."
What is the primary goal of an exploitation of Native API vulnerabilities?,What is the objective of an Native API attack?,False,False,False,False,False,False,False,False,EQUIVALENT,Both ask for the same goal/objective of attacking Native API vulnerabilities.
What is the main purpose of Loss of Protection?,What is the primary objective of a Loss of Protection?,False,False,False,False,False,False,False,False,EQUIVALENT,"""Primary objective"" and ""main purpose"" are synonymous, and the entity ""Loss of Protection"" is unchanged."
What types of countermeasures fail to protect Domain Account?,What countermeasures are ineffective against Domain Account?,False,False,False,False,False,True,False,False,EQUIVALENT,Both ask for the same set of countermeasures that do not work against Domain Account.
What are Domain Generation Algorithms primarily intended for use on?,What type of platform is Domain Generation Algorithms typically designed for?,False,False,False,False,False,False,True,False,EQUIVALENT,Both ask which platform type Domain Generation Algorithms are meant to be used on.
Which security measures can Commonly Used Port bypass or avoid?,What defenses can Commonly Used Port evade or circumvent?,False,False,True,False,False,True,False,False,EQUIVALENT,paraphrase uses synonymous terms without changing scope.assistantfinalVerdict: EQUIVALENT
What Windows security measures are vulnerable to exploitation by Winlogon Helper DLL?,What defensive techniques can be compromised by Winlogon Helper DLL?,False,True,False,False,False,True,True,True,EQUIVALENT,"paraphrase preserves meaning, same entities and relationship.assistantfinalVerdict: EQUIVALENT"
What vulnerabilities or weaknesses in system security does Process Injection specifically target or utilize?,What are the security weaknesses or vulnerabilities that Process Injection exploits or leverages?,False,False,False,False,False,False,False,False,EQUIVALENT,"same meaning, just reworded.assistantfinalVerdict: EQUIVALENT"
On which platforms is Dylib Hijacking considered a notable security risk?,For what type of platform is Dylib Hijacking considered a significant threat?,False,True,True,False,False,True,True,True,EQUIVALENT,Both ask which platforms consider Dylib Hijacking a significant/notable security threat.
What security controls are vulnerable to Emond?,Which security controls are susceptible to Emond?,True,False,False,True,False,False,True,False,EQUIVALENT,"“Susceptible” and “vulnerable” are synonymous, so both ask for the same security controls affected by Emond."
What security protocols can a Uninstall Malicious Application bypass.,Identify the security protocols that Uninstall Malicious Application can circumvent.,True,False,True,False,False,False,True,False,EQUIVALENT,"same entities and relationship, just reworded.assistantfinalVerdict: EQUIVALENT"
What security controls or measures can an Email Forwarding Rule potentially circumvent or sidestep?,What are the security controls or measures that Email Forwarding Rule can bypass or evade?,False,True,False,False,False,False,True,False,EQUIVALENT,"Both ask which security controls or measures an Email Forwarding Rule can bypass, using synonymous wording."
What mechanisms does Event Triggered Execution utilize to evade detection and maintain persistence?,What techniques does Event Triggered Execution  use to evade detection and remain active?,False,False,False,False,False,False,False,False,EQUIVALENT,The paraphrase uses synonymous terms and retains the same entity and dual focus on evading detection and staying active.
What system does gsecdump provide support for?,What system does gsecdump cater to?,False,True,True,False,False,True,False,False,EQUIVALENT,both ask which system gsecdump is intended for/supports.assistantfinalVerdict: EQUIVALENT
What are the other names for the Sowbug group?,Can you list the alternative names for the Sowbug group?,False,False,False,True,False,False,False,False,EQUIVALENT,Both ask for the same set of alternative names for the Sowbug group.
What security protocols are susceptible to being bypassed by using a Non-Standard Port?,Identify the security protocols that Non-Standard Port can circumvent.,True,False,False,True,False,False,True,True,EQUIVALENT,Both ask for the same set of security protocols that can be bypassed using a Non-Standard Port.
What techniques enable System Service Discovery to avoid detection by defensive measures?,How does System Service Discovery manage to evade detection by defenses?,True,False,False,False,False,True,True,False,EQUIVALENT,Both ask for the methods System Service Discovery uses to avoid detection.assistantfinalVerdict: EQUIVALENT
What techniques do security systems struggle to detect when faced with File System Logical Offsets?,Can you describe the methods by which File System Logical Offsets evades the defenses of security systems?,False,False,False,False,False,False,False,False,EQUIVALENT,Both ask for the evasion techniques used by File System Logical Offsets against security systems.assistantfinalVerdict: EQUIVALENT
What is the main objective of launching a Run Virtual Instance?,What is the primary goal of Run Virtual Instance?,False,False,False,False,False,True,False,False,EQUIVALENT,"Both ask for the main purpose or goal of a Run Virtual Instance, only differing in wording."
What is the main goal behind Steal or Forge Kerberos Tickets?,What is the primary objective of a Steal or Forge Kerberos Tickets?,False,False,False,False,False,True,False,False,EQUIVALENT,"Both ask for the same primary purpose of stealing or forging Kerberos tickets, just using different wording."
What are the various aliases or names used to refer to the Cobalt Group?,What are the different names by which the Cobalt Group group is known?,False,False,False,True,False,False,False,False,EQUIVALENT,"Both ask for the alternative names/aliases of the same entity, the Cobalt Group."
What protocol is being targeted by Exfiltration Over Unencrypted/Obfuscated Non-C2 Protocol in its ultimate goal?,What is the ultimate target of Exfiltration Over Unencrypted/Obfuscated Non-C2 Protocol?,False,False,False,False,False,False,False,False,NOT_EQUIVALENT,"paraphrase changes the type of target to a protocol, altering the relationship.assistantfinalVerdict: NOT_EQUIVALENT"
What security features are found to be circumvented by the process of Security Software Discovery?,What security features are bypassed by Security Software Discovery?,False,False,True,False,False,False,False,True,EQUIVALENT,paraphrase uses synonymous terms without altering scope.assistantfinalVerdict: EQUIVALENT
What security protocols or measures are vulnerable to being compromised or undermined by Hidden Users?,What security protocols or measures can Hidden Users compromise or undermine?,True,False,True,True,False,True,False,False,EQUIVALENT,"Both ask which security protocols or measures can be compromised or undermined by Hidden Users, with identical entities and relationship."
What security measures fail to prevent the presence of Invalid Code Signature?,What security measures are unable to prevent Invalid Code Signature?,False,False,False,True,False,False,True,False,EQUIVALENT,Both ask for security measures that cannot prevent Invalid Code Signature.assistantfinalVerdict: EQUIVALENT
What does Disable or Modify Linux Audit System ultimately aim to affect?,What is the ultimate target of Disable or Modify Linux Audit System?,False,False,False,False,False,False,True,False,EQUIVALENT,"Both ask for the same ultimate goal or target of the ""Disable or Modify Linux Audit System"" action."
What is Content Injection generally intended for use on?,What type of platform is Content Injection typically designed for?,False,True,False,True,False,False,True,False,EQUIVALENT,Both ask about the platform type for which Content Injection is designed.assistantfinalVerdict: EQUIVALENT
What is the main purpose behind executing a Downgrade System Image?,What is the primary objective of a Downgrade System Image?,False,False,False,True,False,False,False,False,EQUIVALENT,Both ask for the same primary purpose of a Downgrade System Image.
In what ways does Block Reporting Message successfully avoid detection and protection?,In what ways is Block Reporting Message able to evade detection and protection?,False,False,False,False,False,False,True,False,EQUIVALENT,"same meaning, same entities, same relationship.assistantfinalVerdict: EQUIVALENT"
What tactics does an adversary utilize for Password Policy Discovery to avoid being detected by security measures?,How does Password Policy Discovery manage to evade detection by defenses?,False,False,False,False,False,False,False,False,EQUIVALENT,Both ask for methods used in Password Policy Discovery to avoid detection.assistantfinalVerdict: EQUIVALENT
What security protocols are potentially vulnerable to the methods employed by Access Sensitive Data in Device Logs.,Identify the security protocols that Access Sensitive Data in Device Logs can circumvent.,False,False,False,False,False,True,True,False,EQUIVALENT,The paraphrase asks for the same set of security protocols that can be bypassed by the same technique.assistantfinalVerdict: EQUIVALENT
How do malicious actors utilize System Network Connections Discovery to circumvent the security measures of defense systems?,Can you describe the methods by which System Network Connections Discovery evades the defenses of security systems?,False,False,False,False,False,False,False,False,EQUIVALENT,Both ask for ways the System Network Connections Discovery technique bypasses security defenses.assistantfinalVerdict: EQUIVALENT
What security measures can be circumvented through the use of Abuse Accessibility Features?,Which defense strategies can be evaded by Abuse Accessibility Features?,True,True,True,True,False,True,False,True,EQUIVALENT,"The paraphrase asks for the same security measures that can be bypassed using Abuse Accessibility Features, just with different wording."
What type of platform is frequently targeted by malware that utilizes the Ignore Process Interrupts tactic?,What type of platform is often compromised by Ignore Process Interrupts malware?,False,True,False,False,False,False,False,False,EQUIVALENT,Both ask for the platform type affected by malware using the Ignore Process Interrupts technique.assistantfinalVerdict: EQUIVALENT
What types of defenses can potentially be circumvented by Systemd Timers?,What defensive techniques can be compromised by Systemd Timers?,True,False,False,False,False,True,False,False,EQUIVALENT,"Both ask which defenses/techniques can be undermined by Systemd Timers, preserving entities and relationship."
What type of platform does the Lock User Out of Device function primarily affect?,Which platform does Lock User Out of Device target or operate on?,False,True,True,False,False,False,False,True,EQUIVALENT,Both ask which platform the Lock User Out of Device function works on.assistantfinalVerdict: EQUIVALENT
What is the primary target platform for the Verclsid software?,For which platform is Verclsid primarily intended?,False,False,True,False,False,False,False,False,EQUIVALENT,Both ask which platform is the main intended target for Verclsid.
What security protocols are vulnerable to being circumvented through Path Interception by Search Order Hijacking?,What security protocols are bypassed or compromised by Path Interception by Search Order Hijacking?,True,False,True,True,False,False,False,False,EQUIVALENT,"paraphrase preserves same entities and relationship, just rewords.assistantfinalVerdict: EQUIVALENT"
What Serverless Execution methods can be circumvented by attackers?,Which defense strategies can be evaded by Serverless Execution?,False,False,False,False,False,True,True,False,NOT_EQUIVALENT,changes both the entity being asked about and the direction of the relationship.assistantfinalVerdict: NOT_EQUIVALENT
What security protocols are potentially vulnerable to being circumvented by Event Triggered Execution?,Identify the security protocols that Event Triggered Execution can circumvent.,False,True,False,True,False,True,True,False,EQUIVALENT,Both ask for the same set of security protocols that can be bypassed by Event Triggered Execution.assistantfinalVerdict: EQUIVALENT
What type of system or environment typically implements or facilitates Domain Trust Modification?,On which platform is Domain Trust Modification typically deployed or executed?,False,False,True,True,False,False,False,False,EQUIVALENT,Both ask for the same kind of platform/system where Domain Trust Modification is typically deployed or implemented.
What platform is intended to support the functionality of Download New Code at Runtime?,On which platform is Download New Code at Runtime designed to function effectively?,False,True,True,False,False,True,True,True,EQUIVALENT,both ask for the platform that the feature is designed for.assistantfinalVerdict: EQUIVALENT
What is the primary objective of Office Test?,What is the purpose of Office Test?,False,False,False,False,False,False,False,False,EQUIVALENT,"""Purpose"" and ""primary objective"" are synonymous, keeping the same entity and question scope."
What is the primary objective of Time Based Evasion techniques?,What does Time Based Evasion aim to achieve?,False,True,False,False,False,True,False,False,EQUIVALENT,Both ask for the goal of Time Based Evasion.assistantfinalVerdict: EQUIVALENT
How does the malware utilize the Contact List to bypass security measures?,In what ways does Contact List evade the defenses put in place?,False,False,False,False,False,False,False,False,EQUIVALENT,"Both ask for ways Contact List is used to evade/bypass defenses, only wording changed.assistantfinalVerdict: EQUIVALENT"
What tactics does Rundll32 employ to avoid detection and bypass security measures?,What strategies does Rundll32 use to evade security defenses and remain undetected?,False,False,False,False,False,True,False,False,EQUIVALENT,Both ask for the same methods Rundll32 uses to avoid detection and bypass security defenses.
What measures do Default Accounts employ to successfully penetrate or breach security systems and defenses?,How does Default Accounts manage to breach or penetrate security systems and defenses?,False,False,False,False,False,False,False,False,EQUIVALENT,Both ask for the methods Default Accounts use to breach security systems.assistantfinalVerdict: EQUIVALENT
What is the primary objective behind the Exploitation of Vulnerability?,What is the primary goal of Exploitation of Vulnerability?,True,False,False,False,False,False,False,False,EQUIVALENT,"..."" concise.assistantfinalVerdict: EQUIVALENT"
On which platform is the Capture Camera most typically found?,What kind of platform is Capture Camera most commonly associated with?,False,True,True,True,False,True,True,False,EQUIVALENT,Both questions ask for the same platform that the Capture Camera is most commonly associated with.
What security protocols are potentially circumvented or compromised when Rundll32 is utilized?,What security protocols are bypassed or compromised by Rundll32?,False,True,True,False,False,True,True,False,EQUIVALENT,"Both ask which security protocols are bypassed/compromised by using Rundll32, only wording differs.assistantfinalVerdict: EQUIVALENT"
What are the alternate designations used for the Group5 entity?,What are the various names used to refer to the Group5 group?,False,False,False,False,False,False,False,False,EQUIVALENT,Both ask for the different names/alternate designations of the same Group5 entity.
What is the primary purpose or objective of Visual Basic?,What is the main intention of a Visual Basic?,False,False,True,True,False,False,False,False,EQUIVALENT,Both ask for the same purpose/objective of Visual Basic without altering entities or scope.
What security protocols can Hidden File System bypass or evade detection through?,Identify the security protocols that Hidden File System can circumvent.,False,True,True,False,False,False,True,False,EQUIVALENT,"Both ask for the same security protocols that Hidden File System can bypass/circumvent, with only synonymous wording."
What mechanisms allow Process Hollowing to avoid being detected by security defenses?,How does Process Hollowing manage to evade detection by defenses?,True,False,False,False,False,False,True,False,EQUIVALENT,Both ask for the mechanisms by which Process Hollowing evades detection by security defenses.
What is Stripped Payloads generally intended for deployment on?,What type of platform is Stripped Payloads typically designed for?,False,False,True,False,False,False,True,False,EQUIVALENT,Both ask about the platform type Stripped Payloads is designed for.assistantfinalVerdict: EQUIVALENT
What techniques do Rootkits use to circumvent the defenses of security systems?,Can you describe the methods by which Rootkit evades the defenses of security systems?,False,False,False,False,False,False,False,False,EQUIVALENT,Both ask for the same set of methods Rootkits employ to bypass security system defenses.
What platform is Device Driver Discovery optimized to operate on?,On which platform is Device Driver Discovery designed to function effectively?,False,True,True,True,False,True,True,True,EQUIVALENT,Both questions ask for the same platform on which Device Driver Discovery is intended to work.
What is the primary objective of Exploitation for Initial Access?,What is the ultimate target of Exploitation for Initial Access?,True,False,False,False,False,False,False,False,EQUIVALENT,"synonyms, same entity and relationship.assistantfinalVerdict: EQUIVALENT"
What is the primary goal or intention behind VDSO Hijacking?,What is the main objective of VDSO Hijacking?,False,False,True,False,False,False,False,False,EQUIVALENT,Both ask for the same primary purpose of VDSO Hijacking without altering scope or entities.
What security protocols can be bypassed by Data Encoding.,Identify the security protocols that Data Encoding can circumvent.,False,False,True,False,True,False,True,False,EQUIVALENT,Both ask for the same set of security protocols that Data Encoding can bypass.
What security defenses does Data Staged utilize evasion techniques against?,What methods does Data Staged employ to evade security defenses?,False,True,False,True,False,True,False,False,NOT_EQUIVALENT,The paraphrase changes the focus from methods to the defenses being evaded.assistantfinalVerdict: NOT_EQUIVALENT
What security measures are insufficient to safeguard a Trusted Relationship?,What security measures are unable to prevent Trusted Relationship?,False,False,False,False,False,False,True,False,NOT_EQUIVALENT,changed the direction of the relationship (preventing vs protecting).assistantfinalVerdict: NOT_EQUIVALENT
"What security controls can DLL Search Order Hijacking effectively circumvent, evade, or disable?","What are the defenses that DLL Search Order Hijacking can successfully evade, bypass, or disable?",False,False,False,False,False,False,False,True,EQUIVALENT,same entities (DLL Search Order Hijacking) and same relationship (defenses/security controls it can evade/bypass/disable).assistantfinalVerdict: EQUIVALENT
What is the primary goal of Multi-Factor Authentication Request Generation?,What is the main objective of Multi-Factor Authentication Request Generation?,False,False,False,False,False,True,False,False,EQUIVALENT,... concise.assistantfinalVerdict: EQUIVALENT
What is the platform most frequently linked with Network Address Translation Traversal?,What kind of platform is Network Address Translation Traversal most commonly associated with?,False,True,True,True,False,True,True,True,EQUIVALENT,Both questions ask for the same platform that NAT Traversal is most commonly associated with.
What type of platform is particularly vulnerable to the threats posed by Network Logon Script?,For what type of platform is Network Logon Script considered a significant threat?,False,True,True,True,False,True,True,False,EQUIVALENT,Both ask which platform type is threatened or vulnerable to Network Logon Script.
How do attackers utilize HTML Smuggling to successfully evade security measures and compromise system defenses?,How does HTML Smuggling manage to breach or penetrate security systems and defenses?,False,False,False,False,False,False,False,False,EQUIVALENT,"Both ask how HTML Smuggling is used to bypass or breach security defenses, preserving the same entities and relationship."
What methods do malicious actors use to bypass or compromise security systems when Disable Cloud Logs is enabled?,How does Disable Cloud Logs manage to breach or penetrate security systems and defenses?,False,False,False,False,False,False,True,False,NOT_EQUIVALENT,"The paraphrase changes the subject and condition, altering the entity and relationship.assistantfinalVerdict: NOT_EQUIVALENT"
What platforms are targeted or operated on by Domain Accounts?,Which platform does Domain Accounts target or operate on?,False,True,True,True,False,True,True,True,EQUIVALENT,"Both ask for the platform(s) that Domain Accounts targets or operates on, only differing in wording."
What tactics do security systems and software typically fail to detect when it comes to Automated Exfiltration?,How does Automated Exfiltration manage to evade the detection of security systems and software?,False,False,False,False,False,False,True,False,EQUIVALENT,Both ask for the methods/tactics by which Automated Exfiltration evades detection by security systems/software.assistantfinalVerdict: EQUIVALENT
In what context is Utilize/Change Operating Mode primarily used?,For which platform is Utilize/Change Operating Mode primarily intended?,False,False,False,False,False,False,False,False,NOT_EQUIVALENT,"The paraphrase replaces the specific ask about a platform with a vague “context,” altering the entity being queried."
What is the primary purpose of Port Monitors?,What is the main intention of a Port Monitors?,False,False,False,False,False,False,False,False,EQUIVALENT,"Both ask for the same core purpose of Port Monitors, just using different wording."
What was the final date of the conclusion of Operation Dream Job's operations?,When did Operation Dream Job conclude its activities?,False,False,False,False,True,False,True,True,EQUIVALENT,Both ask for the date when Operation Dream Job ended its activities.
How does Trusted Developer Utilities circumvent the existing security measures?,In what ways does Trusted Developer Utilities evade the defenses put in place?,False,True,False,False,False,True,True,True,EQUIVALENT,Both ask how Trusted Developer Utilities bypasses the same defenses/security measures.
What methods do Insecure Third-Party Libraries employ to stay undetected and continue operating?,What techniques does Insecure Third-Party Libraries use to evade detection and remain active?,False,False,False,False,False,False,False,False,EQUIVALENT,... one concise sentence.
What security protocols or measures can be compromised or undermined if Modify OS Kernel or Boot Partition is attempted?,What security protocols or measures can Modify OS Kernel or Boot Partition compromise or undermine?,True,True,True,False,False,True,True,False,EQUIVALENT,The paraphrase asks the same question about which security protocols/measures could be compromised by modifying the OS kernel or boot partition.assistantfinalVerdict: EQUIVALENT
What methods do attackers use to avoid being detected by security systems through ARP Cache Poisoning attacks?,Can you explain how ARP Cache Poisoning evades detection by security systems?,False,False,False,False,False,False,False,False,EQUIVALENT,Both ask for the same explanation of how ARP Cache Poisoning avoids detection by security systems.
What is the ultimate goal of an attacker when they obtain Credentials from Web Browsers?,What does an attacker seek to accomplish with Credentials from Web Browsers?,False,False,False,False,False,True,False,True,EQUIVALENT,Both ask for the attacker’s objective with web browser credentials.assistantfinalVerdict: EQUIVALENT
What is the primary target platform for Network Share Connection Removal exploits?,Which platform serves as the primary focus for Network Share Connection Removal attacks?,False,True,False,True,False,True,True,True,EQUIVALENT,Both ask for the same platform that is the main target of Network Share Connection Removal attacks/exploits.
What mechanisms allow Thread Local Storage to avoid being detected by security software and systems?,How does Thread Local Storage manage to evade the detection of security systems and software?,False,False,False,False,False,False,True,False,EQUIVALENT,Both ask for the same explanation of how Thread Local Storage avoids detection by security software/systems.
What security measures can Mshta potentially circumvent or render inoperable?,What types of defenses or security controls can Mshta compromise or disable?,False,True,False,False,False,True,True,True,EQUIVALENT,"Both ask which security defenses/measures Mshta can bypass or disable, using synonymous wording."
What is the primary objective of an attacker's manipulation of the Server Software Component?,What does an attacker seek to accomplish with Server Software Component?,False,False,False,False,False,True,False,False,EQUIVALENT,same entity (Server Software Component) and same relationship (attacker's goal).assistantfinalVerdict: EQUIVALENT
What kind of system is frequently targeted by malware that targets Domain Controller Authentication?,What type of platform is often compromised by Domain Controller Authentication malware?,False,False,False,False,False,False,False,False,EQUIVALENT,Both ask for the same type of platform/system targeted by the same malware.assistantfinalVerdict: EQUIVALENT
What mechanisms does Compromise Application Executable employ to successfully breach or penetrate various security systems and defenses?,How does Compromise Application Executable manage to breach or penetrate security systems and defenses?,False,True,False,False,False,False,False,True,EQUIVALENT,Both ask for the methods the Compromise Application Executable uses to breach or penetrate security systems and defenses.
What methods do Print Processors employ in order to avoid detection and sustain their operational presence?,What techniques does Print Processors use to evade detection and remain active?,False,False,False,False,False,False,False,False,EQUIVALENT,Both ask for the same techniques Print Processors use to avoid detection and stay active.
What security features do adversaries exploit in Serverless environments?,What security features are bypassed by Serverless?,False,False,False,False,False,False,False,False,NOT_EQUIVALENT,"The paraphrase changes the focus from security features bypassed by Serverless itself to those exploited by adversaries, altering the entities and relationship."
What techniques does Additional Cloud Roles employ to avoid detection by security systems and software?,How does Additional Cloud Roles manage to evade the detection of security systems and software?,False,False,False,False,False,False,False,False,EQUIVALENT,Both ask for the methods Additional Cloud Roles uses to avoid detection by security systems and software.
"Which security systems or defenses can be compromised, disabled, or bypassed by Install Insecure or Malicious Configuration?","What types of defenses or security systems can Install Insecure or Malicious Configuration compromise, disable, or bypass?",True,True,False,True,False,False,True,True,EQUIVALENT,"Both questions ask for the same set of defenses/security systems that can be compromised, disabled, or bypassed by Install Insecure or Malicious Configuration."
What platform is the LC_MAIN Hijacking technique typically intended for?,What type of platform is LC_MAIN Hijacking typically designed for?,False,False,False,False,False,True,False,True,EQUIVALENT,Both questions ask for the same platform type that LC_MAIN Hijacking is designed/intended for.
On what platform are Unsecured Credentials typically deployed or executed?,On which platform is Unsecured Credentials typically deployed or executed?,True,True,True,True,False,False,True,True,EQUIVALENT,... one concise sentence.
What methods does the Safe Mode Boot employ to evade detection and continue its operation?,What techniques does Safe Mode Boot use to evade detection and remain active?,False,False,False,False,False,False,False,False,EQUIVALENT,Both ask for the same techniques/methods used by Safe Mode Boot to avoid detection and stay operational.
What security protocols does Active Setup have the capability to bypass or evade?,Identify the security protocols that Active Setup can circumvent.,False,True,True,True,False,True,True,True,EQUIVALENT,Both ask for the same set of security protocols that Active Setup can bypass/circumvent.
What does the SNMP (MIB Dump) operation ultimately aim to reveal?,What is the ultimate target of SNMP (MIB Dump)?,False,False,False,False,False,False,False,False,EQUIVALENT,Both ask for the same ultimate purpose or goal of the SNMP MIB Dump operation.
How do adversaries utilize Search Open Technical Databases to circumvent existing security measures?,In what ways does Search Open Technical Databases evade the defenses put in place?,False,False,False,False,False,False,False,False,NOT_EQUIVALENT,"The paraphrase shifts the focus from how the technique itself evades defenses to how adversaries use the technique to bypass them, altering the relationship being asked about."
What techniques does Modify System Partition use to circumvent the defenses of security systems?,Can you describe the methods by which Modify System Partition evades the defenses of security systems?,False,False,False,True,False,False,True,False,EQUIVALENT,concise sentence.
"What security systems or defenses can potentially be compromised, disabled, or circumvented by Gather Victim Network Information?","What types of defenses or security systems can Gather Victim Network Information compromise, disable, or bypass?",True,True,False,False,False,True,False,False,EQUIVALENT,"Both ask which defenses/security systems the Gather Victim Network Information technique can compromise, disable, or bypass."
How do adversaries utilize Network Trust Dependencies to bypass established security measures?,In what ways does Network Trust Dependencies evade the defenses put in place?,False,True,False,False,False,False,False,False,NOT_EQUIVALENT,"The paraphrase introduces adversaries as agents and changes the focus from the inherent evasion of Network Trust Dependencies to how attackers use it, altering the entities and relationship."
What mechanisms enable Sudo Caching to avoid detection by antivirus software?,How does Sudo Caching successfully evade detection by antivirus software?,False,False,False,False,False,True,True,False,EQUIVALENT,Both ask for the methods Sudo Caching uses to avoid antivirus detection.assistantfinalVerdict: EQUIVALENT
What techniques or strategies do malicious actors use to breach or penetrate security systems and defenses via Drive-by Target attacks?,How does Drive-by Target manage to breach or penetrate security systems and defenses?,False,False,False,False,False,False,False,False,EQUIVALENT,Both ask for the methods Drive-by Target uses to breach security systems.assistantfinalVerdict: EQUIVALENT
How does Autorun Image employ various tactics to stay undetected and maintain its active status?,What techniques does Autorun Image use to evade detection and remain active?,False,False,False,False,False,False,False,False,EQUIVALENT,Both ask for the same techniques Autorun Image uses to avoid detection and stay active.
What security protocols are potentially circumvented by the Plist Modification?,What security measures does Plist Modification manage to bypass or undermine?,True,True,False,False,False,True,True,False,EQUIVALENT,Both ask which security measures/protocols are bypassed or circumvented by Plist Modification.
What security measures does Timestomp utilize evasion techniques to circumvent?,What techniques does Timestomp use to bypass security measures?,False,True,False,True,False,True,False,False,NOT_EQUIVALENT,The paraphrase asks for security measures instead of techniques.assistantfinalVerdict: NOT_EQUIVALENT
What is Multi-hop Proxy primarily designed for?,What platform is Multi-hop Proxy specifically tailored for?,False,False,False,False,False,False,False,False,NOT_EQUIVALENT,"The original asks for the specific platform, while the paraphrase asks what it is designed for, changing the target of the question."
What security vulnerabilities or weaknesses are being exploited or utilized by the Application Access Token?,What are the security weaknesses or vulnerabilities that Application Access Token exploits or leverages?,False,False,True,False,False,False,False,False,EQUIVALENT,Both ask for the same security weaknesses/vulnerabilities that the Application Access Token exploits or leverages.
How do security systems fail to detect SSH Authorized Keys?,Can you explain how SSH Authorized Keys evades detection by security systems?,False,False,False,False,False,False,False,False,EQUIVALENT,Both ask for the same explanation of why SSH Authorized Keys bypasses security system detection.
What techniques does an attacker utilize to evade detection by antivirus software through Process Injection?,How does Process Injection successfully evade detection by antivirus software?,False,False,False,False,False,False,False,False,EQUIVALENT,Both ask for the methods by which process injection avoids AV detection.assistantfinalVerdict: EQUIVALENT
What security measures does Silver Ticket employ to evade or circumvent?,What techniques does Silver Ticket use to bypass security measures?,False,True,False,False,False,False,False,True,NOT_EQUIVALENT,"The paraphrase asks for security measures instead of techniques, changing the entity being queried.assistantfinalVerdict: NOT_EQUIVALENT"
What is the main purpose behind implementing Redundant Access?,What is the primary goal of Redundant Access?,False,False,False,False,False,False,False,False,EQUIVALENT,"Both ask for the main purpose or primary goal of Redundant Access, preserving the same entity and relationship."
What are the different monikers or designations associated with the Wizard Spider group?,What are the various names used to refer to the Wizard Spider group?,False,False,False,True,False,False,False,False,EQUIVALENT,Both ask for the set of alternative names for the same Wizard Spider group.
What security measures are vulnerable to being bypassed or undermined by the Disable or Modify Cloud Firewall functionality?,What security measures does Disable or Modify Cloud Firewall manage to bypass or undermine?,False,False,False,False,False,False,False,False,EQUIVALENT,"paraphrase preserves meaning, same entities and relation.assistantfinalVerdict: EQUIVALENT"
What platform does the function of Change Operating Mode execute or affect?,Which platform does Change Operating Mode target or operate on?,False,True,True,True,False,True,True,False,EQUIVALENT,Both ask which platform the Change Operating Mode function targets/operates on.assistantfinalVerdict: EQUIVALENT
What security weaknesses or vulnerabilities does Modify Trusted Execution Environment take advantage of or rely on?,What are the security weaknesses or vulnerabilities that Modify Trusted Execution Environment exploits or leverages?,False,False,True,False,False,False,True,False,EQUIVALENT,Both questions ask for the same security weaknesses that Modify Trusted Execution Environment exploits or leverages.
What is the primary purpose of the KernelCallbackTable?,What is the main intention of a KernelCallbackTable?,False,False,False,False,False,False,False,False,EQUIVALENT,Both ask for the same core purpose of the KernelCallbackTable without altering scope or entities.
What techniques do IIS Components employ to avoid detection and bypass security measures?,What strategies does IIS Components use to evade security defenses and remain undetected?,False,False,False,False,False,False,False,False,EQUIVALENT,Both ask for the same methods IIS Components uses to avoid detection and bypass security defenses.
What is the primary objective of the Serverless paradigm?,What is the ultimate target of Serverless?,False,False,False,False,False,True,False,False,EQUIVALENT,"Both ask for the main goal or purpose of serverless computing, using different wording but the same entities and relationship."
What methods do malicious actors employ for Network Share Connection Removal to successfully circumvent security protocols and defenses?,How does Network Share Connection Removal manage to breach or penetrate security systems and defenses?,False,False,False,False,False,False,True,False,EQUIVALENT,"Both ask how Network Share Connection Removal bypasses security, just reworded.assistantfinalVerdict: EQUIVALENT"
What security measures does Exploit Baseband Vulnerability employ techniques to circumvent?,What techniques does Exploit Baseband Vulnerability use to bypass security measures?,False,False,False,False,False,True,False,False,NOT_EQUIVALENT,"The original asks for the techniques used, while the paraphrase asks for the security measures being bypassed."
What platform is Clear Network Connection History and Configurations intended to operate efficiently on?,On which platform is Clear Network Connection History and Configurations designed to function effectively?,True,True,True,True,False,True,True,True,EQUIVALENT,Both questions ask for the same platform on which Clear Network Connection History and Configurations is designed/intended to operate effectively.
What is COR_PROFILER primarily intended for use on?,What type of platform is COR_PROFILER typically designed for?,False,False,True,True,False,True,True,False,EQUIVALENT,Both ask which platform COR_PROFILER is designed/intended to run on.
What is the intended target platform for the Expand software to operate on?,On which platform is Expand designed to run?,False,False,True,False,False,False,False,False,EQUIVALENT,Both ask for the specific platform that the Expand software is intended to run on.
What security measures fail to block or mitigate Trusted Developer Utilities Proxy Execution?,What security measures are unable to prevent Trusted Developer Utilities Proxy Execution?,False,False,False,False,False,False,True,False,EQUIVALENT,Both ask for the same security measures that cannot stop Trusted Developer Utilities Proxy Execution.
On which systems or platforms is the feature Use Alternate Authentication Material generally implemented or activated?,On which platform is Use Alternate Authentication Material typically deployed or executed?,False,True,False,True,False,True,True,True,EQUIVALENT,Both ask for the typical platform(s) where the Use Alternate Authentication Material feature is deployed/implemented.
What types of security vulnerabilities can be exploited to Gather Victim Identity Information?,What security measures are vulnerable to Gather Victim Identity Information?,False,False,False,False,False,False,True,False,EQUIVALENT,Both ask for the same set of security weaknesses that can be used to gather victim identity information.assistantfinalVerdict: EQUIVALENT
What vulnerabilities can be exploited by unauthorized access to Device Administrator Permissions?,What defense mechanisms are vulnerable to exploitation by Device Administrator Permissions?,False,False,True,False,False,False,False,False,NOT_EQUIVALENT,"The original asks which defense mechanisms are vulnerable, while the paraphrase asks about which vulnerabilities can be exploited, changing the entity being queried."
What security defenses does Local Job Scheduling typically try to evade through its methods?,What methods does Local Job Scheduling employ to evade security defenses?,True,True,True,False,False,False,False,False,NOT_EQUIVALENT,"The original asks for the methods used, while the paraphrase asks for the security defenses being evaded."
What is the purpose of PubPrn?,What is the intention behind PubPrn?,False,False,False,False,False,False,False,False,EQUIVALENT,"..."" Provide concise reason.assistantfinalVerdict: EQUIVALENT"
What security protocols can be bypassed or circumvented by the Windows Credential Manager?,Identify the security protocols that Windows Credential Manager can circumvent.,False,True,False,True,False,False,True,False,EQUIVALENT,Both ask for the same set of security protocols that Windows Credential Manager can bypass.
How do adversaries leverage Denial of View to bypass or evade established security defenses?,In what ways does Denial of View evade the defenses put in place?,False,True,False,False,False,False,False,False,EQUIVALENT,Both ask for methods by which Denial of View bypasses existing defenses.assistantfinalVerdict: EQUIVALENT
What security features are compromised by Theft of Operational Information?,What security features are bypassed by Theft of Operational Information?,False,False,False,False,False,False,True,True,EQUIVALENT,"""bypassed"" and ""compromised"" convey same effect on security features.assistantfinalVerdict: EQUIVALENT"
What types of defenses are susceptible to exploitation through Scheduled Task/Job?,What defense mechanisms are vulnerable to exploitation by Scheduled Task/Job?,False,False,False,False,False,False,False,True,EQUIVALENT,Both ask which defense mechanisms are vulnerable to exploitation by the same Scheduled Task/Job.
What is the primary target of Hooking's intended use?,For which platform is Hooking primarily intended?,False,False,False,False,False,False,False,False,EQUIVALENT,"Both ask which platform Hooking is primarily meant for, just reworded."
What platform is primarily targeted by the security feature known as Signed Binary Proxy Execution?,For which platform is Signed Binary Proxy Execution primarily intended?,False,True,False,False,False,False,False,True,EQUIVALENT,Both ask which platform is the primary target/intended for Signed Binary Proxy Execution.
What vulnerability is the Executable Installer File Permissions Weakness ultimately aimed at?,What is the ultimate target of Executable Installer File Permissions Weakness?,False,False,False,False,False,False,False,False,EQUIVALENT,Both ask which vulnerability the Executable Installer File Permissions Weakness ultimately targets.
What vulnerabilities or security weaknesses are exploited or utilized by Local Email Collection?,What are the security weaknesses or vulnerabilities that Local Email Collection exploits or leverages?,False,False,True,False,False,False,False,False,EQUIVALENT,Both ask for the same set of security weaknesses/vulnerabilities that Local Email Collection exploits.
What is the ultimate goal an attacker aims to achieve with the Golden Ticket?,What does an attacker seek to accomplish with Golden Ticket?,False,False,False,False,False,True,False,True,EQUIVALENT,"Both ask for the attacker’s intended outcome when using a Golden Ticket, with only wording changed."
What platforms are typically vulnerable to significant threats from Code Injection?,For what type of platform is Code Injection considered a significant threat?,False,True,True,True,False,False,True,True,EQUIVALENT,"Both ask which platforms are significantly threatened by Code Injection, only differing in wording and singular/plural phrasing."
What type of platform is typically linked to Runtime Data Manipulation?,What kind of platform is Runtime Data Manipulation most commonly associated with?,False,True,True,True,False,True,True,True,EQUIVALENT,Both ask for the same category of platform that Runtime Data Manipulation is commonly associated with.
What platform is Email Account intended to operate optimally on?,On which platform is Email Account designed to function effectively?,True,True,True,True,False,True,True,True,EQUIVALENT,"Both ask which platform the Email Account is designed/intended to work best on, preserving the same entity and relationship."
What security controls are vulnerable to modification during the Modify Authentication Process?,Which security controls are susceptible to Modify Authentication Process?,True,True,True,False,False,True,False,False,EQUIVALENT,Both ask for the same set of security controls that are affected by the Modify Authentication Process.
What security protocols or measures could be vulnerable to compromise or undermining due to Web Session Cookie?,What security protocols or measures can Web Session Cookie compromise or undermine?,True,False,True,True,False,True,False,False,EQUIVALENT,"Both ask which security protocols or measures may be compromised or undermined by Web Session Cookie, preserving the same entities and relationship."
On what platforms are Shared Modules usually run or deployed?,On which platform is Shared Modules typically deployed or executed?,True,True,True,False,False,True,True,True,EQUIVALENT,Both ask which platform(s) Shared Modules is typically deployed/run on.assistantfinalVerdict: EQUIVALENT
What platforms is Capture SMS Messages regarded as a considerable threat to?,For what type of platform is Capture SMS Messages considered a significant threat?,False,True,True,True,False,True,True,True,EQUIVALENT,Both ask which platform(s) Capture SMS Messages is considered a significant/considerable threat to.
What security measures are potentially evaded by the utilization of Data from Network Shared Drive?,What security features are bypassed by Data from Network Shared Drive?,False,True,True,True,False,True,False,True,NOT_EQUIVALENT,"The paraphrase adds “potentially,” introducing uncertainty not present in the original question."
What methods are employed by Network Service Scanning to avoid detection by antivirus software?,How does Network Service Scanning successfully evade detection by antivirus software?,False,False,False,False,False,True,False,False,EQUIVALENT,"same entities (Network Service Scanning, antivirus software) and same relationship (how it evades detection).assistantfinalVerdict: EQUIVALENT"
What methods does Msiexec employ to avoid detection by security defenses?,How does Msiexec manage to evade detection by defenses?,False,False,False,False,False,True,False,False,EQUIVALENT,... concise.
Which security measures are often circumvented or undermined in Sharepoint?,What security protocols are bypassed or compromised by Sharepoint?,False,True,False,True,False,False,True,False,EQUIVALENT,"paraphrase retains same entities (Sharepoint, security protocols/measures) and relationship (bypassed/compromised).assistantfinalVerdict: EQUIVALENT"
What is Launchd primarily intended for use on?,What type of platform is Launchd typically designed for?,False,True,True,False,False,False,True,False,EQUIVALENT,Both ask which platform Launchd is designed/intended to run on.
What is the objective of a malicious actor when targeting the LSASS Driver?,What does an attacker seek to accomplish with LSASS Driver?,False,False,False,False,False,True,False,False,EQUIVALENT,Both ask for the attacker’s goal when using or targeting the LSASS Driver.
What platform is commonly used for the deployment or execution of URI Hijacking?,On which platform is URI Hijacking typically deployed or executed?,False,True,True,False,False,True,True,True,EQUIVALENT,Both ask for the same typical platform used to deploy or execute URI Hijacking.
What is the primary target environment for development using Electron Applications?,What type of platform is Electron Applications typically designed for?,True,False,True,False,False,False,True,False,EQUIVALENT,both ask about the platform/environment Electron apps target.assistantfinalVerdict: EQUIVALENT
What security systems or defenses can a malicious actor attempt to Modify Parameter to disable or bypass?,"What types of defenses or security systems can Modify Parameter compromise, disable, or bypass?",False,False,False,False,False,False,False,True,NOT_EQUIVALENT,"paraphrase omits ""compromise"" and changes phrasing, narrowing scope.assistantfinalVerdict: NOT_EQUIVALENT"
What methods does Inter-Process Communication employ to successfully evade detection by defensive systems?,How does Inter-Process Communication manage to evade detection by defenses?,False,False,False,False,False,True,True,False,EQUIVALENT,... concise.assistantfinalVerdict: EQUIVALENT
"What security systems or defenses can be compromised, disabled, or circumvented by accessing /etc/passwd and /etc/shadow?","What types of defenses or security systems can /etc/passwd and /etc/shadow compromise, disable, or bypass?",False,False,False,False,False,True,True,False,EQUIVALENT,"Both ask which security defenses can be compromised, disabled, or bypassed by /etc/passwd and /etc/shadow."
What methods do malicious actors use to avoid being detected by security systems when Weaken Encryption is employed?,Can you explain how Weaken Encryption evades detection by security systems?,False,False,False,False,False,False,False,False,EQUIVALENT,Both ask how Weaken Encryption avoids detection by security systems.assistantfinalVerdict: EQUIVALENT
What platforms does Masquerading typically target or operate within?,Which platform does Masquerading target or operate on?,False,True,False,True,False,True,True,True,NOT_EQUIVALENT,"Adding “typically” narrows the scope, altering the original question’s unrestricted inquiry about platforms."
What security measures can be vulnerable to exploitation via PowerShell?,What defensive techniques can be compromised by PowerShell?,False,False,False,False,False,False,False,False,EQUIVALENT,paraphrase uses synonymous terms without altering scope.assistantfinalVerdict: EQUIVALENT
What techniques does Regsvcs/Regasm employ to avoid being detected by security defenses?,How does Regsvcs/Regasm manage to evade detection by defenses?,False,False,False,False,False,True,False,False,EQUIVALENT,"same meaning, just reworded.assistantfinalVerdict: EQUIVALENT"
What security measures can Active Setup potentially compromise or weaken?,What security protocols or measures can Active Setup compromise or undermine?,False,True,True,True,False,False,False,False,NOT_EQUIVALENT,"The paraphrase omits “protocols,” narrowing the scope from both protocols and measures to only measures."
What platforms are Clipboard Modification intended to operate on efficiently?,On which platform is Clipboard Modification designed to function effectively?,True,True,True,True,False,True,True,True,EQUIVALENT,"Both ask which platform(s) Clipboard Modification is designed to work efficiently on, preserving the same entities and relationship."
What platforms are commonly targeted by attacks utilizing Defacement malware?,What type of platform is often compromised by Defacement malware?,False,False,False,False,False,False,False,False,EQUIVALENT,Both ask which platforms are typically affected by Defacement malware.assistantfinalVerdict: EQUIVALENT
What security measures or controls can Spearphishing Voice potentially circumvent or evade?,What are the security controls or measures that Spearphishing Voice can bypass or evade?,False,False,True,False,False,True,False,False,EQUIVALENT,Both ask for the same set of security controls/measures that Spearphishing Voice can bypass or evade.
How do Control Device Identification tactics manage to bypass or circumvent existing defensive measures?,In what ways does Control Device Identification evade the defenses put in place?,False,False,False,False,False,True,True,False,EQUIVALENT,"Both ask how Control Device Identification bypasses or evades existing defensive measures, preserving the same entities and relationship."
What platforms are frequently targeted by the malware known as Indicator Removal from Tools?,What type of platform is often compromised by Indicator Removal from Tools malware?,False,False,True,False,False,False,False,False,EQUIVALENT,Both ask which platforms are targeted/compromised by the same malware.assistantfinalVerdict: EQUIVALENT
What platforms does Network Boundary Bridging target or operate on?,Which platform does Network Boundary Bridging target or operate on?,False,True,False,True,False,False,True,True,NOT_EQUIVALENT,"The original asks for a single platform, while the paraphrase expands to potentially multiple platforms, altering the scope."
For what purpose is Scripting generally intended to be utilized?,What type of platform is Scripting typically designed for?,False,False,False,False,False,False,False,False,NOT_EQUIVALENT,changes the focus from platform type to purpose.assistantfinalVerdict: NOT_EQUIVALENT
What security measures are susceptible to being circumvented by Spoof Security Alerting?,Which defense strategies can be evaded by Spoof Security Alerting?,True,True,True,True,False,False,False,False,EQUIVALENT,paraphrase uses synonymous terms without altering scope.assistantfinalVerdict: EQUIVALENT
How do attackers utilize Capture SMS Messages to circumvent security measures in place?,In what ways does Capture SMS Messages evade the defenses put in place?,False,False,False,False,False,False,True,False,EQUIVALENT,Both ask for methods by which Capture SMS Messages bypasses existing defenses.assistantfinalVerdict: EQUIVALENT
"What security measures can Input Capture successfully evade, bypass, or disable?","What are the defenses that Input Capture can successfully evade, bypass, or disable?",False,True,False,True,False,False,False,False,EQUIVALENT,"""Defenses"" and ""security measures"" are synonymous, preserving the same entity and relationship."
What techniques do Installer Packages employ to avoid being detected by security systems and software?,How does Installer Packages manage to evade the detection of security systems and software?,False,False,False,False,False,True,False,False,EQUIVALENT,Both ask for the methods Installer Packages use to avoid detection by security systems and software.
What types of security measures are incapable of protecting against Firmware Corruption?,What security measures are unable to prevent Firmware Corruption?,False,False,False,True,False,False,True,False,EQUIVALENT,"Both ask which security measures cannot prevent (or protect against) firmware corruption, preserving the same entities and relationship."
What methods do attackers utilizing SMB/Windows Admin Shares employ to avoid being detected and sustain their presence?,What techniques does SMB/Windows Admin Shares use to evade detection and remain active?,False,False,False,False,False,False,False,False,EQUIVALENT,Both ask for the same evasion and persistence methods associated with SMB/Windows Admin Shares.
How do malicious actors exploit the existing Accessibility Features to bypass or evade security measures?,In what ways does Accessibility Features evade the defenses put in place?,False,False,False,False,False,False,False,False,NOT_EQUIVALENT,"The paraphrase introduces malicious actors as the agents exploiting Accessibility Features, altering the original focus on the features themselves evading defenses."
What security measures or protective controls could Clear Mailbox Data potentially compromise or disable?,What types of defenses or security controls can Clear Mailbox Data compromise or disable?,False,True,True,False,False,False,False,False,EQUIVALENT,... concise.
What platforms are typically targeted by malware that utilizes Impair Command History Logging?,What type of platform is often compromised by Impair Command History Logging malware?,False,True,True,False,False,False,True,True,EQUIVALENT,Both ask which platforms are affected/targeted by Impair Command History Logging malware.assistantfinalVerdict: EQUIVALENT
What platforms typically deploy or execute the System Network Configuration Discovery?,On which platform is System Network Configuration Discovery typically deployed or executed?,False,True,True,True,False,True,True,True,EQUIVALENT,Both ask for the same platforms on which System Network Configuration Discovery is typically deployed or executed.
What methods does Hide Infrastructure employ to bypass security defenses and remain concealed?,What strategies does Hide Infrastructure use to evade security defenses and remain undetected?,False,False,False,False,False,True,False,False,EQUIVALENT,... one concise sentence.
Which defensive techniques are vulnerable to Identify Roles?,What defensive techniques can be compromised by Identify Roles?,False,False,False,False,False,True,False,False,EQUIVALENT,Both ask for the same defensive techniques that can be compromised by Identify Roles.
What is the primary objective behind RDP Hijacking?,What is the purpose of RDP Hijacking?,False,False,False,False,False,True,False,False,EQUIVALENT,Both questions ask for the same purpose/objective of RDP Hijacking without altering scope.
What mechanisms does Gatekeeper Bypass employ to circumvent the detection of security software and systems?,How does Gatekeeper Bypass manage to evade the detection of security systems and software?,False,False,False,False,False,False,False,False,EQUIVALENT,"same entities and relationship, just reworded.assistantfinalVerdict: EQUIVALENT"
What platforms are System Script Proxy Execution primarily intended for?,What type of platform is System Script Proxy Execution typically designed for?,False,True,True,True,False,False,True,True,EQUIVALENT,Both ask which platform(s) System Script Proxy Execution is designed/intended for.
What types of security measures can Bidirectional Communication bypass or sidestep?,What defenses can Bidirectional Communication evade or circumvent?,True,False,False,False,False,False,True,False,EQUIVALENT,paraphrase uses synonymous terms without altering scope.assistantfinalVerdict: EQUIVALENT
What types of defenses are susceptible to exploitation through Conceal Multimedia Files?,What defense mechanisms are vulnerable to exploitation by Conceal Multimedia Files?,False,False,False,False,False,True,False,True,EQUIVALENT,"Both ask which defense mechanisms are vulnerable to exploitation by Conceal Multimedia Files, using synonymous wording."
Which defense mechanisms are susceptible to being compromised through the exploitation of Manipulate App Store Rankings or Ratings?,What defense mechanisms are vulnerable to exploitation by Manipulate App Store Rankings or Ratings?,False,False,False,False,False,False,False,False,EQUIVALENT,"same entities and relationship, just reworded.assistantfinalVerdict: EQUIVALENT"
What techniques does Junk Data utilize to bypass security measures?,What methods does Junk Data employ to evade security defenses?,False,False,False,False,False,False,False,False,EQUIVALENT,Both ask for the same set of tactics Junk Data uses to get around security defenses.
On which platforms does Application or System Exploitation occur or function?,Which platform does Application or System Exploitation target or operate on?,True,True,True,False,False,True,True,True,EQUIVALENT,same entities (Application or System Exploitation) and same relationship (platform targeted/operated on).assistantfinalVerdict: EQUIVALENT
What security protocols are typically vulnerable to being circumvented by Phishing tactics?,Identify the security protocols that Phishing can circumvent.,False,True,False,True,False,True,False,False,EQUIVALENT,"same entities and relationship, just reworded.assistantfinalVerdict: EQUIVALENT"
"What security measures can Direct Volume Access evade, bypass, or disable effectively?","What are the defenses that Direct Volume Access can successfully evade, bypass, or disable?",False,True,True,False,False,False,False,False,EQUIVALENT,both ask for the same set of defenses DVA can evade/bypass/disable.assistantfinalVerdict: EQUIVALENT
What tactics do Broadcast Receivers use to circumvent the defenses of security systems?,Can you describe the methods by which Broadcast Receivers evades the defenses of security systems?,False,False,False,False,False,False,False,True,EQUIVALENT,"..."" Provide concise reason.assistantfinalVerdict: EQUIVALENT"
What methods does the Abuse Elevation Control Mechanism utilize to avoid being detected by defense systems?,How does Abuse Elevation Control Mechanism manage to evade detection by defenses?,False,False,False,False,False,True,False,False,EQUIVALENT,Both ask for the ways the Abuse Elevation Control Mechanism avoids detection by defenses.
What are the other names by which the TeamTNT group is also known?,What are the alternate designations of the TeamTNT group?,False,False,False,True,False,False,False,False,EQUIVALENT,Both ask for the same set of alternative names for the TeamTNT group.
What security controls are vulnerable to the technique of OS Credential Dumping?,Which security controls are susceptible to OS Credential Dumping?,False,False,False,True,False,False,False,True,EQUIVALENT,The paraphrase uses synonymous wording without altering the entities or relationship queried.
What security protocols or measures are vulnerable to being compromised or undermined by Wordlist Scanning?,What security protocols or measures can Wordlist Scanning compromise or undermine?,True,False,True,True,False,True,False,False,EQUIVALENT,"Both ask which security protocols or measures can be compromised or undermined by Wordlist Scanning, with identical entities and relationship."
What security protocols are vulnerable to being circumvented or compromised by an Adversary-in-the-Middle?,What security protocols are bypassed or compromised by Adversary-in-the-Middle?,False,False,True,False,False,False,False,False,EQUIVALENT,Both ask for the same set of security protocols that a Man-in-the-Middle can bypass or compromise.
What does DNS/Passive DNS ultimately aim to identify or track?,What is the ultimate target of DNS/Passive DNS?,False,False,False,False,False,False,False,False,EQUIVALENT,Both ask for the primary goal or object that DNS/Passive DNS is intended to identify or track.
What techniques do Third-party Software employ to bypass the defenses of security systems?,Can you describe the methods by which Third-party Software evades the defenses of security systems?,False,False,False,False,False,True,False,False,EQUIVALENT,... concise.assistantfinalVerdict: EQUIVALENT
What are the known aliases of the notorious group known as the Aquatic Panda?,What are the pseudonyms of the Aquatic Panda group?,False,False,False,True,False,False,False,False,EQUIVALENT,Both ask for the same set of alternative names (aliases/pseudonyms) of the Aquatic Panda group.
What techniques does Asynchronous Procedure Call utilize to circumvent security systems?,What methods does Asynchronous Procedure Call employ to evade security defenses?,False,False,False,False,False,False,False,False,EQUIVALENT,paraphrase uses synonymous terms without altering scope.assistantfinalVerdict: EQUIVALENT
How does Modify Parameter manage to bypass the existing security measures?,In what ways does Modify Parameter evade the defenses put in place?,True,False,False,False,False,True,True,False,EQUIVALENT,Both ask how Modify Parameter bypasses the same defenses/security measures.
What defense mechanisms can be bypassed by an Attack PC via USB Connection?,Which defense strategies can be evaded by Attack PC via USB Connection?,True,False,True,True,False,True,True,False,EQUIVALENT,The paraphrase uses synonymous terms and retains the same entities and relationship.
Which defense mechanisms can be compromised by JavaScript exploits?,What defense mechanisms are vulnerable to exploitation by JavaScript?,False,False,False,False,False,False,False,False,EQUIVALENT,Both ask for the same set of defense mechanisms that JavaScript can exploit.
What is the primary target platform for Subvert Trust Controls attacks?,Which platform serves as the primary focus for Subvert Trust Controls attacks?,False,True,True,True,False,True,True,True,EQUIVALENT,Both ask for the same primary platform targeted by Subvert Trust Controls attacks.
What is the purpose of a Domain Account?,What is the intention behind Domain Account?,False,False,False,False,False,False,False,False,EQUIVALENT,"Both ask for the purpose/intention of a Domain Account, preserving the same entity and relationship."
On what operating systems or platforms is Modify System Image typically executed or deployed?,On which platform is Modify System Image typically deployed or executed?,True,True,True,True,False,True,True,True,EQUIVALENT,"paraphrase only rewords, adds synonymous term.assistantfinalVerdict: EQUIVALENT"
What methods do attackers employing Premium SMS Toll Fraud use to bypass or evade existing security measures?,What defenses can Premium SMS Toll Fraud evade or circumvent?,False,False,False,True,False,True,False,False,NOT_EQUIVALENT,"The paraphrase changes the focus from which defenses are evaded to which attacker methods are used, altering the entity and relationship being queried."
On which systems does DLL Search Order Hijacking typically occur?,Which platform does DLL Search Order Hijacking target or operate on?,True,False,True,True,False,False,True,False,EQUIVALENT,Both ask which platforms/systems are affected by DLL Search Order Hijacking.assistantfinalVerdict: EQUIVALENT
What security defense evasion techniques are used by an Internet Accessible Device?,What methods does Internet Accessible Device employ to evade security defenses?,False,False,False,False,False,False,False,False,EQUIVALENT,Both ask for the same evasion methods employed by an Internet Accessible Device.
What is Firmware primarily intended for use on?,What type of platform is Firmware typically designed for?,False,True,True,False,False,True,True,False,EQUIVALENT,Both ask which platform firmware is designed/intended for.assistantfinalVerdict: EQUIVALENT
What is the last reported time frame for the operation known as Operation Wocao?,What was the last known activity time for Operation Wocao?,False,False,False,False,True,False,False,False,EQUIVALENT,Both ask for the most recent time associated with Operation Wocao.assistantfinalVerdict: EQUIVALENT
Which security features are vulnerable to the exploits of a Malicious File?,What security features are bypassed by Malicious File?,False,False,False,True,False,True,False,False,EQUIVALENT,Both ask for the same security features that a Malicious File can compromise or bypass.
What platforms are frequently targeted by malware that leverages the Cloud Instance Metadata API?,What type of platform is often compromised by Cloud Instance Metadata API malware?,False,False,False,False,False,False,False,False,EQUIVALENT,Both ask which platforms are commonly compromised/targeted by Cloud Instance Metadata API malware.assistantfinalVerdict: EQUIVALENT
What is the fundamental purpose of Automated Collection?,What is the primary objective of a Automated Collection?,True,False,False,False,False,False,False,False,EQUIVALENT,"Both ask for the main purpose/objective of the same entity, Automated Collection."
What is the primary focus area of Peirates concentrated on?,What platform does Peirates have its core focus on?,False,False,False,False,False,False,False,False,NOT_EQUIVALENT,changed entity from platform to generic focus area.assistantfinalVerdict: NOT_EQUIVALENT
What platforms do Regsvcs/Regasm typically run on?,On which platform is Regsvcs/Regasm typically deployed or executed?,False,True,True,True,False,True,True,True,EQUIVALENT,"Both ask which platforms Regsvcs/Regasm are typically used on, preserving the same entities and relationship."
What is the primary purpose of Data Staged?,What is the main objective of Data Staged?,False,False,False,False,False,False,False,False,EQUIVALENT,Both ask for the same core goal of Data Staged using synonymous wording.
What security controls or defenses may be compromised or disabled by Re-opened Applications?,What types of defenses or security controls can Re-opened Applications compromise or disable?,True,False,False,False,False,False,False,True,EQUIVALENT,"Both ask which defenses/security controls can be compromised or disabled by Re-opened Applications, preserving entities and relationship."
What types of security controls are ineffective against Sudo?,What security measures are unable to prevent Sudo?,False,False,False,False,False,False,True,False,EQUIVALENT,The paraphrase asks the same thing using synonymous wording.assistantfinalVerdict: EQUIVALENT
What platform is typically targeted by malware that utilizes the Exploit TEE Vulnerability?,What type of platform is often compromised by Exploit TEE Vulnerability malware?,False,True,True,False,False,False,False,True,EQUIVALENT,same entity (platform) and same relationship (compromised/targeted by Exploit TEE Vulnerability malware).assistantfinalVerdict: EQUIVALENT
What primary purpose do Code Signing Certificates serve on a given platform?,For which platform is Code Signing Certificates primarily intended?,False,True,True,True,False,False,False,True,NOT_EQUIVALENT,changes the asked entity from platform to purpose.assistantfinalVerdict: NOT_EQUIVALENT
When did the 2016 Ukraine Electric Power Attack take place?,At what point in time did 2016 Ukraine Electric Power Attack last occur?,False,False,False,False,False,False,False,False,EQUIVALENT,Both ask for the time when the 2016 Ukraine Electric Power Attack occurred.
What security measures can Rename System Utilities potentially evade or bypass?,What are the security controls or measures that Rename System Utilities can bypass or evade?,False,True,True,False,False,True,True,True,EQUIVALENT,"same entities and relationship, just reworded.assistantfinalVerdict: EQUIVALENT"
What system does the Mythic software support?,What system does Mythic cater to?,False,False,True,False,False,False,False,False,EQUIVALENT,same entities and asks which system Mythic is intended for/supports.assistantfinalVerdict: EQUIVALENT
What is the primary objective associated with Uncommonly Used Port?,What is the primary goal of Uncommonly Used Port?,False,False,True,False,False,False,False,False,EQUIVALENT,"Both ask for the main purpose/goal of the same entity, Uncommonly Used Port."
What types of security measures are vulnerable to exploitation by a Botnet?,What defensive techniques can be compromised by Botnet?,False,True,False,True,False,True,False,False,EQUIVALENT,same entities (defensive techniques/security measures) and same relationship (can be compromised/vulnerable to exploitation).assistantfinalVerdict: EQUIVALENT
What defensive techniques are vulnerable to a Data Historian Compromise?,What defensive techniques can be compromised by Data Historian Compromise?,False,False,False,False,False,False,False,False,EQUIVALENT,... concise.assistantfinalVerdict: EQUIVALENT
What security measures can Malware evade or bypass through?,What are the security controls or measures that Malware can bypass or evade?,False,False,False,False,False,False,False,False,EQUIVALENT,Both ask for the same security controls/measures that malware is capable of bypassing or evading.
What methods enable SSH Hijacking to successfully breach or penetrate security systems and defenses?,How does SSH Hijacking manage to breach or penetrate security systems and defenses?,False,False,False,False,False,False,True,False,EQUIVALENT,Both ask for the ways SSH Hijacking breaches security.assistantfinalVerdict: EQUIVALENT
What is the purpose of an External Remote Services attack?,What is the objective of an External Remote Services attack?,False,False,False,False,False,False,False,False,EQUIVALENT,"""Objective"" and ""purpose"" are synonymous, no change in entity or scope.assistantfinalVerdict: EQUIVALENT"
What security measures do Threat Intel Vendors typically employ evasion techniques against?,What techniques does Threat Intel Vendors use to bypass security measures?,False,False,False,False,False,False,False,True,NOT_EQUIVALENT,The paraphrase changes the focus from techniques to security measures.assistantfinalVerdict: NOT_EQUIVALENT
On what typical platform does Component Object Model Hijacking occur?,On which platform is Component Object Model Hijacking typically deployed or executed?,True,True,True,True,False,True,True,True,EQUIVALENT,Both ask for the typical platform where Component Object Model Hijacking is deployed/occurs.
What security vulnerabilities or weaknesses does Subvert Trust Controls target or take advantage of?,What are the security weaknesses or vulnerabilities that Subvert Trust Controls exploits or leverages?,False,True,False,False,False,False,False,False,EQUIVALENT,Both ask for the same security weaknesses/vulnerabilities that Subvert Trust Controls exploits or leverages.
What platform is Confluence specifically intended to operate on?,On which platform is Confluence designed to function effectively?,False,True,True,True,False,True,True,True,EQUIVALENT,same entity (Confluence) and same relationship (platform it is designed/intended to operate on).assistantfinalVerdict: EQUIVALENT
What is Rogue Wi-Fi Access Points primarily designed for use on?,What platform is Rogue Wi-Fi Access Points specifically tailored for?,False,True,True,False,False,False,True,False,EQUIVALENT,Both ask which platform the Rogue Wi-Fi Access Points is intended or tailored for.
What platform is primarily linked to the SILENTTRINITY malware?,What is the main platform associated with SILENTTRINITY?,False,True,False,False,False,False,False,False,EQUIVALENT,Both ask for the primary platform associated with the SILENTTRINITY malware.
What type of platform is targeted or exploited by the Denial of View attack?,Which platform does Denial of View target or operate on?,False,False,True,True,False,True,False,True,EQUIVALENT,Both ask for the platform type that Denial of View targets.assistantfinalVerdict: EQUIVALENT
What vulnerabilities or weaknesses does External Defacement typically target or take advantage of?,What are the security weaknesses or vulnerabilities that External Defacement exploits or leverages?,True,False,False,False,False,False,True,False,EQUIVALENT,Both ask for the same set of vulnerabilities exploited by External Defacement.assistantfinalVerdict: EQUIVALENT
What defense mechanisms are vulnerable to Malicious Shell Modification?,Which defense strategies can be evaded by Malicious Shell Modification?,False,False,False,False,False,False,False,False,EQUIVALENT,paraphrase preserves same entities and relationship.assistantfinalVerdict: EQUIVALENT
"What security systems or defenses can Permission Groups Discovery potentially compromise, disable, or circumvent?","What types of defenses or security systems can Permission Groups Discovery compromise, disable, or bypass?",True,False,True,False,False,False,False,False,EQUIVALENT,"same meaning, just reworded.assistantfinalVerdict: EQUIVALENT"
What platforms does the Standard Cryptographic Protocol specifically target or operate on?,Which platform does Standard Cryptographic Protocol target or operate on?,False,True,False,True,False,True,True,True,EQUIVALENT,The paraphrase only rewords the question without altering the entities or relationship being asked about.
Which countermeasures fail to be effective against the Authentication Package?,What countermeasures are ineffective against Authentication Package?,False,False,False,False,False,False,False,False,EQUIVALENT,Both questions ask for the same set of countermeasures that are ineffective against the Authentication Package.
What security measures can potentially be compromised or disabled by assigning the Add Office 365 Global Administrator Role?,What types of defenses or security controls can Add Office 365 Global Administrator Role compromise or disable?,False,True,False,False,False,False,False,False,EQUIVALENT,Both ask which security controls could be compromised or disabled by the Add Office 365 Global Administrator Role.
What security features can be circumvented by Taint Shared Content?,What security features are bypassed by Taint Shared Content?,True,True,True,False,False,False,True,False,EQUIVALENT,"“bypassed” and “circumvented” are synonymous, and the entities and relationship remain unchanged."
What security controls are vulnerable to the Masquerade Task or Service?,Which security controls are susceptible to Masquerade Task or Service?,False,False,False,True,False,False,True,False,EQUIVALENT,paraphrase uses synonymous wording without altering scope.assistantfinalVerdict: EQUIVALENT
What security controls are vulnerable to exploitation through the Windows Command Shell?,Which security controls are susceptible to Windows Command Shell?,False,False,True,True,False,False,False,False,EQUIVALENT,Both ask for the same set of security controls that are vulnerable to the Windows Command Shell.
Which security measures are susceptible to exploitation by Credentials from Password Stores?,What defense mechanisms are vulnerable to exploitation by Credentials from Password Stores?,True,False,False,True,False,False,False,False,EQUIVALENT,paraphrase uses synonyms but same meaning.assistantfinalVerdict: EQUIVALENT
What methods does Environmental Keying utilize to avoid being detected and sustain its malicious presence?,What techniques does Environmental Keying use to evade detection and remain active?,False,False,False,False,False,False,False,False,EQUIVALENT,Both ask for the same techniques used by Environmental Keying to avoid detection and stay active.
What other names are associated with the TA2541 group?,What are the alternate designations of the TA2541 group?,False,False,False,True,False,False,False,False,EQUIVALENT,Both ask for the other names/alternate designations of the same TA2541 group.
How do attackers typically employ Downgrade to Insecure Protocols to bypass the defenses of security systems?,Can you describe the methods by which Downgrade to Insecure Protocols evades the defenses of security systems?,False,False,False,False,False,False,True,False,EQUIVALENT,"paraphrase asks same about methods of technique evading defenses, only wording changed.assistantfinalVerdict: EQUIVALENT"
What is the primary goal of exploiting Access Calendar Entries?,What is the objective of an Access Calendar Entries attack?,False,False,False,False,False,True,False,True,EQUIVALENT,Both ask for the same goal/objective of the Access Calendar Entries attack.
What is the core objective of Symmetric Cryptography?,What is the primary goal of Symmetric Cryptography?,False,False,False,False,False,False,False,False,EQUIVALENT,one concise sentence.
What security features does Timestomp typically evade or circumvent?,What security features are bypassed by Timestomp?,False,True,True,False,False,True,False,False,EQUIVALENT,Both ask for the same set of security features that Timestomp bypasses.assistantfinalVerdict: EQUIVALENT
"What PowerShell scripts are a hallmark of, and what asset is the focal point of, the Triada attack pattern?","What asset is at the center of the attack pattern that utilizes PowerShell scripts, a distinguishing feature of the Triada?",False,False,False,False,True,False,True,False,NOT_EQUIVALENT,"paraphrase adds an extra query about the PowerShell scripts, altering the question.assistantfinalVerdict: NOT_EQUIVALENT"
What countermeasure is most likely to effectively mitigate the risks posed by PlugX?,What defensive strategy is most effective in mitigating the risks associated with PlugX?,False,True,True,True,True,False,True,True,EQUIVALENT,Both ask for the most effective mitigation measure (defensive strategy/countermeasure) against PlugX.
"What kind of target asset is typically compromised by the Sykipot, often using PowerShell scripts as part of its attack strategy?","What type of asset is the Sykipot typically designed to compromise, often employing PowerShell scripts in its attack?",False,True,False,False,False,False,True,False,EQUIVALENT,"Both ask for the same asset type that Sykopot typically compromises, with identical reference to PowerShell‑script usage."
What attack pattern is utilized by the Ginp?,What type of attack pattern does the Ginp employ?,False,False,False,False,False,False,False,False,EQUIVALENT,"Both questions ask for the same attack pattern used by the Ginp, just rephrased."
How might operating on Windows Registers contribute to preventing the dissemination of the Cerberus attack pattern?,In what way can the course of action that involves operating on Windows Registers help to prevent the spread of Cerberus and its associated attack pattern?,False,False,False,False,False,False,False,False,NOT_EQUIVALENT,"paraphrase drops the reference to Cerberus itself, narrowing scope.assistantfinalVerdict: NOT_EQUIVALENT"
What malware tools such as AuTo Stealer are typically associated with which type of attack pattern?,What kind of attack pattern is characteristic of malware tools like AuTo Stealer?,False,False,False,False,False,True,True,False,EQUIVALENT,Both ask which attack pattern type is characteristic of AuTo Stealer.assistantfinalVerdict: EQUIVALENT
"What asset is primarily targeted by the attack pattern that utilizes PowerShell scripts, as seen in the BOOTRASH?","What asset is the main focus of the attack pattern that incorporates PowerShell scripts, used by the BOOTRASH?",False,False,False,False,True,False,True,False,EQUIVALENT,Both questions ask for the same asset targeted by the PowerShell‑script attack pattern used by BOOTRASH.
How does the malware associated with the American campaigns attributed to Ajax Security Team execute its malicious operations?,In what way does the malware used in American campaigns attributed to Ajax Security Team conduct its attack?,False,False,False,False,False,False,False,False,EQUIVALENT,Both ask for the method the malware used in Ajax Security Team‑attributed American campaigns employs to carry out its attack.
What asset is being targeted by the attack pattern that utilizes PowerShell scripts operated by the gh0st?,Which asset is the target of the attack pattern that employs PowerShell scripts used by the gh0st?,False,False,False,False,True,False,False,False,EQUIVALENT,Both questions ask for the same asset targeted by the same PowerShell‑script‑based attack pattern associated with gh0st.
What asset typically becomes the focus of an attack that leverages PowerShell scripts as part of the POSHSPY tactic?,What asset is usually targeted by the attack pattern that utilizes PowerShell scripts as a tool of the POSHSPY?,False,False,False,False,True,True,True,False,EQUIVALENT,Both ask for the same typically targeted asset of the POSHSPY attack pattern using PowerShell scripts.
What impact do modular backdoor behaviors have on the progression of a MuddyWater operation?,How do the behaviors of a modular backdoor influence the progression of a MuddyWater campaign?,False,False,False,False,False,False,True,False,EQUIVALENT,"same entities and relationship, just reworded.assistantfinalVerdict: EQUIVALENT"
What tactics can be employed to identify the malicious operations associated with the malware operated by the group behind Operation CuckooBees?,How can we detect the malicious activities of the malware used by the group responsible for Operation CuckooBees?,True,True,True,False,True,True,True,True,EQUIVALENT,same entities and asks for detection methods for malicious activities of that malware.assistantfinalVerdict: EQUIVALENT
What course of action targets Windows Registers and mitigates an attack pattern associated with the presence of DCSrv?,"What attack pattern is mitigated by the course of action that targets Windows Registers, and is associated with the presence of DCSrv?",False,False,False,False,False,False,False,False,NOT_EQUIVALENT,"The original asks for the attack pattern, while the paraphrase asks for the course of action.assistantfinalVerdict: NOT_EQUIVALENT"
To what extent does the implementation of Connection Proxy Mitigation reduce the consequences of a worm attack?,To what extent does Connection Proxy Mitigation mitigate the impact of worm?,True,True,True,True,True,True,True,True,EQUIVALENT,"The paraphrase keeps the same mitigation technique and worm threat, merely rephrasing “mitigate the impact” as “reduce the consequences.”"
What action taken on Windows Registers could potentially prevent the OSX/Shlayer attack pattern from unfolding?,How can the course of action that involves operating on Windows Registers help to prevent the attack pattern associated with OSX/Shlayer?,False,False,False,False,False,False,False,False,NOT_EQUIVALENT,The paraphrase changes the query from asking how the action helps (mechanism) to asking which action could prevent (identifying the action).assistantfinalVerdict: NOT_EQUIVALENT
"What is the primary target of the attack pattern that leverages PowerShell scripts, as employed by the Zen?","What asset is the main focus of the attack pattern that incorporates PowerShell scripts, used by the Zen?",False,False,False,False,True,False,False,False,EQUIVALENT,"The paraphrase asks for the same target asset of the same PowerShell‑script attack pattern used by the Zen, just with different wording."
What types of attack patterns are typically utilized by Dendroid to disperse and compromise systems?,What kind of attack pattern is commonly used by Dendroid to spread and infect systems?,False,False,False,False,False,False,False,False,EQUIVALENT,The paraphrase asks the same about Dendroid's attack pattern used to spread/infect systems.assistantfinalVerdict: EQUIVALENT
Can Resource Hijacking Mitigation techniques effectively stop the spread of a worm?,Can Resource Hijacking Mitigation prevent the propagation of worm?,True,True,True,False,True,True,True,True,EQUIVALENT,"Both ask whether Resource Hijacking Mitigation can halt a worm’s propagation, with only superficial wording changes."
What methods are typically used by malicious software to obtain unauthorized access to users' bank account information?,How do malware programs steal bank account details?,False,False,False,False,False,False,False,False,EQUIVALENT,"same entities (malware/malicious software, bank account details) and same relationship (methods of stealing/obtaining).assistantfinalVerdict: EQUIVALENT"
What is the main target of the attack pattern that utilizes PowerShell scripts as a key component of Kwampirs?,"What asset is the primary target of the attack pattern that employs PowerShell scripts, a key component of the Kwampirs?",False,False,False,False,True,False,False,False,EQUIVALENT,Both ask for the same asset that is the primary/main target of the Kwampirs‑related PowerShell‑script attack pattern.
What attack pattern is typically linked to the exploitation of DEATHRANSOM malware?,What is the attack pattern associated with DEATHRANSOM tools?,False,False,False,False,False,False,False,False,EQUIVALENT,Both ask for the attack pattern related to DEATHRANSOM malware/tools.assistantfinalVerdict: EQUIVALENT
What attack pattern is employed by the tool known as USBStealer?,What is the attack pattern utilized by the tool associated with the USBStealer?,True,False,True,True,True,True,True,False,EQUIVALENT,Both ask for the same attack pattern of the same tool USBStealer.assistantfinalVerdict: EQUIVALENT
What measures can be implemented to avoid the installation of TangleBot on a system?,What crucial step can be taken to prevent the installation of TangleBot on a system?,False,False,True,False,True,True,True,False,EQUIVALENT,Both ask for actions to stop TangleBot installation.assistantfinalVerdict: EQUIVALENT
What asset is typically targeted by an attack employing PowerShell scripts as a component of the 4H RAT?,What asset is usually targeted by the attack pattern that utilizes PowerShell scripts as a tool of the 4H RAT?,False,True,False,False,True,False,True,False,EQUIVALENT,"same meaning, only wording changed.assistantfinalVerdict: EQUIVALENT"
What type of attack pattern is typically employed by DRATzarus?,Which attack pattern does DRATzarus usually utilize?,False,False,False,False,False,False,False,False,EQUIVALENT,same entities (DRATzarus) and same relationship (attack pattern used).assistantfinalVerdict: EQUIVALENT
What malicious tactics does the WastedLocker employ to execute its operations?,What kind of attack pattern does the WastedLocker use to carry out its malicious activities?,False,False,False,False,False,False,False,False,EQUIVALENT,paraphrase asks same about WastedLocker's attack methods.assistantfinalVerdict: EQUIVALENT
What malware technique is utilized by the malware in American campaigns associated with the Chimera threat actor?,What attack technique does the malware employed in American campaigns attributed to Chimera utilize?,False,False,False,False,False,False,False,False,EQUIVALENT,Both ask for the attack/malware technique used by the same Chimera‑attributed American‑campaign malware.assistantfinalVerdict: EQUIVALENT
What steps can a network administrator take to mitigate the impact of Mori on a computer network?,What countermeasure can be taken to minimize the effects of Mori on a computer network?,False,True,True,True,False,False,True,False,EQUIVALENT,Both ask for measures to reduce Mori's impact on a computer network.assistantfinalVerdict: EQUIVALENT
What impact do modular backdoors have within the scope of a Ke3chang operation?,What effects do the actions of a modular backdoor have in the context of a Ke3chang campaign?,False,False,True,False,False,False,False,False,EQUIVALENT,Both ask about the same effects of modular backdoors in a Ke3chang campaign/operation.
What asset is primarily targeted by the attack pattern that incorporates PowerShell scripts as part of the Saint Bot?,What asset is primarily affected by the attack pattern that utilizes PowerShell scripts as part of the Saint Bot?,False,False,False,False,True,False,True,False,EQUIVALENT,The paraphrase only rewords the question without altering the entity (asset) or the relationship (primary impact/target) being asked about.
What asset is being targeted by an attack pattern that utilizes PowerShell scripts associated with Tangelo?,Which asset is the target of the attack pattern that employs PowerShell scripts used by the Tangelo?,False,False,False,False,True,False,True,True,EQUIVALENT,Both questions ask for the same asset targeted by the Tangelo‑related PowerShell script attack pattern.
What level of effectiveness does Transmitted Data Manipulation Mitigation have in countering the threat of worm attacks?,How well does Transmitted Data Manipulation Mitigation protect against worm attacks?,True,True,True,True,True,True,True,True,EQUIVALENT,same entities and relationship (effectiveness/protection).assistantfinalVerdict: EQUIVALENT
What asset is typically targeted by an attack that leverages PowerShell scripts as part of the MirageFox attack pattern?,What asset is usually targeted by the attack pattern that utilizes PowerShell scripts as a tool of the MirageFox?,False,True,False,False,False,False,False,False,EQUIVALENT,Both questions ask for the same asset targeted by the MirageFox attack pattern that uses PowerShell scripts.
What domains did the perpetrators of Operation Wocao use malware for launching their DDoS attacks against?,What domains did the group behind Operation Wocao target with their DDoS attacks using malware?,False,False,False,False,False,False,False,False,EQUIVALENT,"paraphrase preserves entities and relationship, just rewords.assistantfinalVerdict: EQUIVALENT"
What are the malicious tactics employed by the Woody RAT to conduct its cyber attacks?,What kind of attack pattern does the Woody RAT use to carry out its malicious activities?,False,False,False,False,False,False,False,False,EQUIVALENT,"Both ask about the same entity (Woody RAT) and the methods it uses for attacks, merely rephrasing “attack pattern” as “malicious tactics.”"
What malicious activities does the OopsIE execute by employing its attack pattern?,What kind of attack pattern does the OopsIE use to carry out its malicious activities?,False,False,False,False,False,False,False,False,NOT_EQUIVALENT,The paraphrase changes the focus from the attack pattern type to the malicious activities performed.assistantfinalVerdict: NOT_EQUIVALENT
What measures can be implemented to mitigate the impact of Egregor on a computer network?,What countermeasure can be taken to minimize the effects of Egregor on a computer network?,False,True,True,True,False,True,True,True,EQUIVALENT,"Both ask for actions to reduce Egregor’s impact on a computer network, using synonymous wording."
How can taking control of Windows Registers impact the dissemination of Pisloader and its affiliated malicious tactics?,In what way can the course of action that involves operating on Windows Registers help to prevent the spread of Pisloader and its associated attack pattern?,False,False,False,False,False,False,False,False,NOT_EQUIVALENT,"The paraphrase changes the goal from preventing spread to any impact on dissemination, altering the relationship.assistantfinalVerdict: NOT_EQUIVALENT"
What tool is primarily linked to the attack pattern employed by Kinsing?,What is the primary attack pattern associated with the tool employed by the Kinsing?,False,False,False,False,False,False,False,False,NOT_EQUIVALENT,"The paraphrase swaps the queried entity and relationship, asking for a tool instead of an attack pattern.assistantfinalVerdict: NOT_EQUIVALENT"
What steps can be taken to prevent and minimize the impact of the Android/Chuli.A threat?,What method can effectively prevent and mitigate the damage caused by Android/Chuli.A?,False,True,True,True,True,True,True,True,EQUIVALENT,Both ask for ways to prevent and reduce the damage/impact of the Android/Chuli.A threat.
What step must be taken to avert the installation of EvilBunny on a system?,What crucial step can be taken to prevent the installation of EvilBunny on a system?,False,False,False,False,False,False,True,False,EQUIVALENT,Both ask for the same essential action to stop EvilBunny from being installed.
What attack pattern is typically employed by the entity known as Hi-Zor?,Which attack pattern does Hi-Zor usually utilize?,False,False,False,False,False,False,False,False,EQUIVALENT,... concise.
How does the modular backdoor's behavior contribute to the objectives of a Patchwork campaign?,What is the role of a modular backdoor's behavior in facilitating the goals of a Patchwork campaign?,False,False,False,False,False,False,False,False,EQUIVALENT,"Both ask how the modular backdoor's behavior aids the goals/objectives of a Patchwork campaign, preserving entities and relationship."
What kind of attack pattern is utilized by the Briba?,What type of attack pattern does the Briba employ?,False,False,False,False,False,False,False,False,EQUIVALENT,... concise.
What are the implications of a modular backdoor within the scope of a Mofang operation?,What effects do the actions of a modular backdoor have in the context of a Mofang campaign?,False,False,False,False,False,False,False,False,EQUIVALENT,Both ask about the effects/implications of a modular backdoor in the context of a Mofang campaign/operation.
What type of attack pattern is employed by the FunnyDream tool to compromise systems?,What type of attack pattern is used by the FunnyDream's tool to compromise systems?,True,True,True,True,True,True,True,False,EQUIVALENT,...assistantfinalVerdict: EQUIVALENT
"What type of attack pattern can be thwarted by a course of action centered on manipulating Windows Registers, particularly in the context of Pillowmint?","What type of attack pattern can be prevented by the course of action that involves operating on Windows Registers, specifically in relation to Pillowmint?",False,False,False,False,False,False,False,False,EQUIVALENT,Both ask for the same attack pattern that can be prevented by manipulating Windows Registers in the Pillowmint context.
What level of protection does CMSTP Mitigation offer against worm-related cyber threats?,How well does CMSTP Mitigation protect against worm attacks?,True,True,True,True,True,True,True,True,EQUIVALENT,Both ask about the effectiveness/level of protection that CMSTP Mitigation provides against worms.
What cybersecurity measures help prevent and mitigate attacks from the threat actor DDKONG?,What key component of cybersecurity helps to prevent and mitigate the attacks of DDKONG?,False,False,True,True,True,False,False,True,NOT_EQUIVALENT,"The paraphrase broadens the query from a single “key component” to general “cybersecurity measures,” altering the entity being asked about."
What methods can be used to prevent and mitigate the malware tactics employed by the groups associated with C0011?,How can we prevent and remediate the malware methods employed by groups involved in C0011?,False,False,False,False,False,False,False,False,EQUIVALENT,paraphrase preserves entities and asks for same preventive and corrective methods.assistantfinalVerdict: EQUIVALENT
What type of attack pattern can be thwarted by a course of action that involves manipulating Windows Registers in relation to X-Agent?,"What type of attack pattern can be prevented by the course of action that involves operating on Windows Registers, specifically in relation to X-Agent?",False,False,False,False,False,False,False,False,EQUIVALENT,"same entities and relationship, only wording changed.assistantfinalVerdict: EQUIVALENT"
What measures can be taken to prevent the dissemination of the Skeleton Key?,What strategy should be implemented to prevent the spread of Skeleton Key?,True,True,True,True,True,True,True,True,EQUIVALENT,Both ask for the same preventive actions regarding the spread/diffusion of the Skeleton Key.
"What type of asset is commonly targeted by VBShower, which often utilizes PowerShell scripts as part of its attack strategy?","What type of asset is the VBShower typically designed to compromise, often employing PowerShell scripts in its attack?",False,True,False,False,True,False,True,False,EQUIVALENT,"paraphrase preserves meaning, same entities and relationship.assistantfinalVerdict: EQUIVALENT"
What asset is commonly targeted in the attack pattern that utilizes PowerShell scripts as part of the Dridex operation?,"What asset is typically compromised by the attack pattern involving PowerShell scripts, which is used by the Dridex?",False,False,False,False,False,True,False,False,EQUIVALENT,"paraphrase preserves meaning, same asset and relation.assistantfinalVerdict: EQUIVALENT"
What measures can be taken to effectively minimize the risks associated with the notorious Crimson threat?,What defensive strategy is most effective in mitigating the risks associated with Crimson?,False,True,False,True,True,False,True,True,NOT_EQUIVALENT,"The paraphrase broadens the query from seeking the single most effective defensive strategy to asking for any effective measures, altering the scope."
What characteristic attack pattern is associated with the tool employed by the Conficker?,What attack pattern is characteristic of the tool used by the Conficker?,True,True,True,True,True,True,True,True,EQUIVALENT,"Both ask for the same characteristic attack pattern of the tool used by Conficker, with identical entities and relationship."
What type of attack pattern does the tool that utilizes SHARPSTATS employ?,What type of attack pattern is employed by the tool that SHARPSTATS utilizes?,True,False,True,False,True,True,True,False,NOT_EQUIVALENT,"The direction of utilization is reversed, changing the entity relationship.assistantfinalVerdict: NOT_EQUIVALENT"
What impact does a modular backdoor's functionality have on the operational dynamics of an Inception campaign?,How does a modular backdoor's behavior affect the dynamics of a Inception campaign?,False,False,True,False,False,False,False,False,EQUIVALENT,"same entities and relationship, just reworded.assistantfinalVerdict: EQUIVALENT"
What kind of malware technique does SodaMaster usually use to compromise computer systems?,What type of attack does SodaMaster typically employ to infect systems?,False,False,False,False,False,False,False,False,EQUIVALENT,paraphrase asks same thing with different wording.assistantfinalVerdict: EQUIVALENT
Which asset is primarily impacted by an attack pattern that leverages PowerShell scripts within the CrossRAT?,What asset is primarily affected by the attack pattern that utilizes PowerShell scripts as part of the CrossRAT?,False,False,False,False,True,False,True,False,EQUIVALENT,Both ask for the same primary asset affected by the PowerShell‑script attack pattern in CrossRAT.
What course of action operating on Windows Registers is specifically related to mitigating the DustySky attack pattern?,"What attack pattern is mitigated by the course of action that operates on Windows Registers, and is specifically related to DustySky?",False,False,False,False,False,False,False,False,NOT_EQUIVALENT,The paraphrase asks for a different entity (course of action vs attack pattern).assistantfinalVerdict: NOT_EQUIVALENT
What domains were targeted by the group behind C0033 as part of their DDoS attacks conducted via malware?,What domains did the group behind C0033 target with their DDoS attacks using malware?,False,False,True,False,True,False,False,False,EQUIVALENT,"same entities (group behind C0033, domains) and same relationship (domains targeted in DDoS attacks using malware).assistantfinalVerdict: EQUIVALENT"
What Windows Registers-related mitigation action is associated with the presence of GravityRAT malware?,"What attack pattern is mitigated by the course of action that targets Windows Registers, and is associated with the presence of GravityRAT?",False,False,False,False,False,False,False,False,NOT_EQUIVALENT,changes the asked entity from attack pattern to mitigation action.assistantfinalVerdict: NOT_EQUIVALENT
What method is primarily used to mitigate the effects of BUBBLEWRAP on a system's overall security?,Which key approach helps to neutralize the impact of BUBBLEWRAP on a system?,False,True,True,True,True,False,True,True,NOT_EQUIVALENT,"paraphrase narrows focus to security, altering scope.assistantfinalVerdict: NOT_EQUIVALENT"
What steps can be taken to prevent the FALLCHILL attack pattern by utilizing operations on Windows Registers?,How can the course of action that involves operating on Windows Registers help to prevent the attack pattern associated with FALLCHILL?,False,False,False,False,False,False,False,False,EQUIVALENT,Both ask how using Windows Register operations can prevent FALLCHILL.assistantfinalVerdict: EQUIVALENT
Would employing Disabling Security Tools Mitigation constitute a viable approach to countering worm infections?,Can Disabling Security Tools Mitigation be considered a successful strategy for combating worm?,True,True,True,True,True,True,True,True,EQUIVALENT,same entities and asks if the mitigation is a viable strategy against worm.assistantfinalVerdict: EQUIVALENT
What countermeasure is commonly utilized to mitigate the NotPetya threat?,What crucial tactic is employed to counter the threat posed by NotPetya?,True,False,True,True,True,True,True,True,EQUIVALENT,Both ask for the same countermeasure against NotPetya.assistantfinalVerdict: EQUIVALENT
What impact do the characteristics of a modular backdoor have on the unfolding of an ALLANITE operation?,How do the behaviors of a modular backdoor influence the progression of a ALLANITE campaign?,False,False,False,False,False,False,False,False,EQUIVALENT,same entities and relationship.assistantfinalVerdict: EQUIVALENT
Which systems or networks are vulnerable to the propagation of a worm?,What platforms are susceptible to the actions of a worm?,False,True,False,False,False,True,False,True,NOT_EQUIVALENT,paraphrase narrows focus to worm propagation rather than all worm actions.assistantfinalVerdict: NOT_EQUIVALENT
What countermeasures can be implemented to prevent or mitigate potential DustySky threats?,What proactive measure can be taken to protect against DustySky attacks?,False,True,True,True,True,True,True,True,EQUIVALENT,"Both ask for defensive actions against DustySky attacks, just reworded.assistantfinalVerdict: EQUIVALENT"
What countermeasure is utilized to neutralize the threat emanating from QuietSieve?,What crucial tactic is employed to counter the threat posed by QuietSieve?,False,True,True,False,True,False,True,False,EQUIVALENT,Both ask for the same tactic used to counter the threat from QuietSieve.
"What key component is central to the attack pattern characterized by the use of PowerShell scripts, a notable hallmark of Gelsemium?","What asset is at the center of the attack pattern that utilizes PowerShell scripts, a distinguishing feature of the Gelsemium?",False,False,False,False,False,False,False,False,EQUIVALENT,Both ask for the same central asset/component of the PowerShell‑script attack pattern associated with Gelsemium.
What actions would a modular backdoor's presence entail within a HAFNIUM campaign?,What are the consequences of a modular backdoor's actions within a HAFNIUM campaign?,False,False,False,False,False,False,False,False,NOT_EQUIVALENT,"The original asks for the consequences of the backdoor's actions, while the paraphrase asks which actions the backdoor would perform, changing the focus from outcomes to actions."
What systems is SPACESHIP primarily known to compromise using a particular attack pattern?,What is the primary attack pattern used by SPACESHIP to compromise systems?,False,False,False,False,False,False,False,False,NOT_EQUIVALENT,The paraphrase changes the asked entity from attack pattern to systems.assistantfinalVerdict: NOT_EQUIVALENT
What method of attack is commonly associated with the actions of Amadey?,What type of attack does Amadey typically employ to infect systems?,False,False,False,False,False,False,False,False,NOT_EQUIVALENT,"The paraphrase drops the specific “to infect systems” constraint, broadening the scope beyond the original question’s focus."
What typical attack patterns are associated with the malware tool known as Maze?,"What is the typical attack pattern used by malware tools, specifically Maze?",False,False,False,True,True,True,True,False,EQUIVALENT,Both questions ask for the typical attack pattern(s) used by the malware tool Maze.
What kind of attack pattern does BADFLICK utilize?,What type of attack pattern does the BADFLICK employ?,False,False,False,False,False,False,False,False,EQUIVALENT,"Both ask for the same attack pattern type used by BADFLICK, only wording differs."
What malware tools are employed by the individuals behind the operation known as Operation Dream Job?,What are the malware tools used by the group responsible for the operation Operation Dream Job?,False,True,True,True,False,False,False,False,NOT_EQUIVALENT,"The paraphrase replaces “the group” with “the individuals,” altering the entity being asked about."
What proactive steps can be implemented to safeguard against the threat of Triada attacks?,What proactive measure can be taken to protect against Triada attacks?,True,True,True,True,True,True,True,True,EQUIVALENT,"Both ask for proactive actions to protect against Triada attacks, with identical entities and relationship."
What type of attack pattern is commonly employed by Carbon to spread malware and infect systems?,What kind of attack pattern is commonly used by Carbon to spread and infect systems?,False,False,False,False,False,False,False,False,EQUIVALENT,"only superficial wording change, same entities and relationship.assistantfinalVerdict: EQUIVALENT"
"What attack pattern is typically associated with the malware employed by the Bouncing Golf group in American campaigns, and what are the specifics of its tactics?","What attack pattern is commonly linked to the malware used in American campaigns attributed to the Bouncing Golf group, and how does",False,False,False,False,False,False,False,False,EQUIVALENT,Both ask for the same attack pattern linked to Bouncing Golf’s malware in American campaigns and request details about its tactics.
What techniques does CARROTBAT usually utilize to compromise systems?,What type of attack does CARROTBAT typically employ to infect systems?,False,False,False,False,False,False,False,False,EQUIVALENT,"The paraphrase asks about the same entity (CARROTBAT) and the same kind of relationship (the methods/attack type it uses to affect systems), merely rewording the phrasing."
How does a modular backdoor's behavior affect the progression of an operation referred to as a Sharpshooter campaign?,How do the behaviors of a modular backdoor influence the progression of a Sharpshooter campaign?,False,False,False,False,False,False,True,False,EQUIVALENT,"Both ask how the modular backdoor’s behavior influences the progression of the Sharpshooter campaign, with identical entities and relationship."
What attack pattern is most commonly linked to the tool utilized by TERRACOTTA?,What is the primary attack pattern associated with the tool employed by the TERRACOTTA?,True,True,True,True,True,True,True,False,EQUIVALENT,"Both ask for the main attack pattern linked to the tool used by TERRACOTTA, with identical entities and relationship."
What are the potential repercussions of a modular backdoor's operations within a known APT29 operation?,What are the consequences of a modular backdoor's actions within a APT29 campaign?,True,False,False,False,False,False,True,True,EQUIVALENT,Both ask for the same effects of a modular backdoor’s actions within an APT29 campaign.
Can InstallUtil Mitigation be viewed as an effective tactic in countering worm attacks?,Can InstallUtil Mitigation be considered a successful strategy for combating worm?,True,True,True,True,True,True,True,True,EQUIVALENT,... concise.
"What is the asset most commonly targeted by the attack method characterized by the use of PowerShell scripts, which is a hallmark of Cryptoistic tactics?","What asset is frequently compromised by the attack pattern that involves PowerShell scripts, a hallmark of the Cryptoistic?",False,True,False,False,True,True,False,False,EQUIVALENT,Both ask for the same asset most often compromised by the Cryptoistic’s PowerShell‑script attack pattern.
What malicious activities does the Turian tool execute?,How does the Turian tool carry out its malicious operations?,True,True,True,True,True,False,True,False,NOT_EQUIVALENT,"The original asks for the method of execution, while the paraphrase asks for the specific malicious activities performed."
"What systems do the attackers typically target with the ZxShell tool, and what is the attack pattern used to compromise them?",What type of attack pattern is used by the ZxShell's tool to compromise systems?,False,False,False,False,False,False,False,False,NOT_EQUIVALENT,paraphrase adds a question about target systems not present in original.assistantfinalVerdict: NOT_EQUIVALENT
"What feature of an attack pattern is centered on the use of PowerShell scripts, which is a characteristic that distinguishes the Allwinner?","What asset is at the center of the attack pattern that utilizes PowerShell scripts, a distinguishing feature of the Allwinner?",False,False,False,False,False,False,False,False,NOT_EQUIVALENT,changes the queried entity from an asset to a feature.assistantfinalVerdict: NOT_EQUIVALENT
What are the impacts of the malicious actions carried out by groups involved in Operation Sharpshooter on the systems compromised by their malware?,What effects do the malicious activities of groups participating in Operation Sharpshooter have on the systems infected by their malware?,True,False,True,False,True,False,True,True,EQUIVALENT,"paraphrase preserves entities and relationship, only wording changed.assistantfinalVerdict: EQUIVALENT"
What RemoteCMD tool is known for employing a particular attack pattern?,What is the attack pattern utilized by the tool associated with the RemoteCMD?,True,False,False,False,True,False,False,False,NOT_EQUIVALENT,"The original asks for the attack pattern used by the RemoteCMD‑associated tool, while the paraphrase asks for the tool itself that employs an attack pattern."
What malicious activities does the Cryptoistic tool execute through its attack pattern?,What attack pattern does the Cryptoistic tool use to carry out its malicious activities?,False,False,False,True,True,True,True,False,NOT_EQUIVALENT,"The paraphrase asks for the malicious activities rather than the attack pattern, changing the relationship.assistantfinalVerdict: NOT_EQUIVALENT"
What malicious functions are executed by the CrossRAT through its attack pattern?,What attack pattern does the CrossRAT use to execute its malicious functions?,False,False,False,False,False,False,False,False,NOT_EQUIVALENT,"The original asks for the attack pattern used, while the paraphrase asks for the malicious functions executed, changing the queried relationship."
What measures can be taken to counteract and minimize the tactics utilized by Elderwood?,What are the essential measures to prevent and mitigate the methods employed by Elderwood?,False,False,True,True,True,False,True,False,EQUIVALENT,Both ask for the same set of actions to stop and reduce Elderwood's methods/tactics.
"What core resource is being targeted by the attack pattern characterized by the use of PowerShell scripts, a key indicator often seen in the YAHOYAH?","What asset is at the center of the attack pattern that utilizes PowerShell scripts, a distinguishing feature of the YAHOYAH?",False,False,False,False,False,False,False,False,NOT_EQUIVALENT,"The paraphrase changes the relationship from the asset central to the pattern to the resource being targeted, altering meaning.assistantfinalVerdict: NOT_EQUIVALENT"
What primary attack pattern is most commonly linked to the tool utilized by the Squirrelwaffle?,What is the primary attack pattern associated with the tool employed by the Squirrelwaffle?,True,True,True,True,True,True,True,False,EQUIVALENT,Both ask for the same primary attack pattern of the tool used by Squirrelwaffle.assistantfinalVerdict: EQUIVALENT
What methods of attack does NightClub commonly utilize to infect computer systems?,What type of attack does NightClub typically employ to infect systems?,False,False,False,False,False,False,False,False,EQUIVALENT,paraphrase asks same entity (NightClub) and same relationship (attack type used to infect systems).assistantfinalVerdict: EQUIVALENT
What asset is primarily targeted by an attack pattern that incorporates PowerShell scripts as part of the P8RAT?,What asset is primarily affected by the attack pattern that utilizes PowerShell scripts as part of the P8RAT?,False,False,False,False,True,False,False,False,EQUIVALENT,Both ask for the same primary asset impacted by the PowerShell‑based P8RAT attack pattern.
What steps can be taken proactively to safeguard against attacks from Judy?,What proactive measure can be taken to protect against Judy attacks?,True,True,True,True,True,True,True,True,EQUIVALENT,Both ask for the same proactive action to defend against Judy attacks.
"What action pattern, directly associated with the presence of Action RAT, can be mitigated by targeting Windows Registers?","Which attack pattern is prevented by operating on Windows Registers, and is directly linked to the presence of Action RAT?",False,False,False,False,False,False,False,False,EQUIVALENT,Both ask for the same attack pattern linked to Action RAT that is prevented/mitigated by using Windows Registers.assistantfinalVerdict: EQUIVALENT
"What type of attack can be mitigated by the course of action that involves manipulating Windows Registers, specifically with regards to the tactics of a Cherry Picker?","What type of attack pattern can be prevented by the course of action that involves operating on Windows Registers, specifically in relation to Cherry Picker?",False,False,False,False,False,False,False,False,EQUIVALENT,The paraphrase only rewords the same question without altering entities or relationship.assistantfinalVerdict: EQUIVALENT
What malicious operations are typically executed by the FrozenCell tool?,How does the FrozenCell tool carry out its malicious operations?,False,False,True,False,True,False,True,False,NOT_EQUIVALENT,The paraphrase changes the focus from the method of execution to the specific operations performed.assistantfinalVerdict: NOT_EQUIVALENT
What Carbanak primarily utilizes for its malicious operations is which attack pattern?,What is the primary attack pattern associated with the tool employed by the Carbanak?,False,False,False,False,False,False,False,False,NOT_EQUIVALENT,"The paraphrase changes the focus from the tool's attack pattern to Carbanak's attack pattern, altering the entity.assistantfinalVerdict: NOT_EQUIVALENT"
What technique does the PLEAD tool primarily exploit?,Which attack pattern does the PLEAD's tool rely on?,True,False,False,False,True,False,True,False,EQUIVALENT,Both ask for the same attack technique used by the PLEAD tool.assistantfinalVerdict: EQUIVALENT
What malicious activities are carried out through the use of the BoomBox's attack pattern?,What kind of attack pattern does the BoomBox use to carry out its malicious activities?,False,False,False,False,False,False,False,False,NOT_EQUIVALENT,The paraphrase asks for the activities rather than the attack pattern type.assistantfinalVerdict: NOT_EQUIVALENT
What strategies does Valid Accounts Mitigation employ to counteract the spread of a worm?,How does Valid Accounts Mitigation address the issue of worm?,True,True,True,True,True,True,True,True,EQUIVALENT,"Both ask how Valid Accounts Mitigation deals with a worm, just using different wording."
"What is the primary target of the attack pattern employing PowerShell scripts, specifically PUNCHBUGGY?","What asset is the main focus of the attack pattern that incorporates PowerShell scripts, used by the PUNCHBUGGY?",False,False,False,False,True,False,False,False,EQUIVALENT,Both ask for the same asset targeted by the PowerShell-based PUNCHBUGGY attack pattern.assistantfinalVerdict: EQUIVALENT
What steps can be taken to prevent the zwShell-related attack pattern by utilizing Windows Registers in a strategic manner?,How can the course of action that involves operating on Windows Registers help to prevent the attack pattern associated with zwShell?,False,False,False,False,False,False,False,False,EQUIVALENT,Both ask how using Windows Registers can be employed to prevent the zwShell attack pattern.
What attack pattern is utilized by the tool known as SNUGRIDE?,What type of attack pattern is employed by the tool that SNUGRIDE utilizes?,True,True,True,True,True,False,True,False,NOT_EQUIVALENT,"The paraphrase treats SNUGRIDE as the tool rather than the tool used by SNUGRIDE, altering the entities.assistantfinalVerdict: NOT_EQUIVALENT"
What kind of malware tactics are commonly linked to campaigns conducted by the American perpetrators known as APT34?,What type of malware attack pattern is typically associated with American campaigns linked to the APT34 group?,False,False,False,False,False,False,False,False,NOT_EQUIVALENT,changes the subject's nationality and relationship.assistantfinalVerdict: NOT_EQUIVALENT
What impact does the implementation of Data Encrypted for Impact Mitigation have on the dissemination of a worm?,What effect does Data Encrypted for Impact Mitigation have on the spread of worm?,True,True,True,False,True,True,True,True,EQUIVALENT,Both ask the same question about how Data Encrypted for Impact Mitigation influences a worm’s spread.
What attack pattern is associated with the presence of Hornbill and is mitigated by manipulating Windows Registers?,"Which attack pattern is prevented by operating on Windows Registers, and is directly linked to the presence of Hornbill?",False,False,False,False,False,False,False,False,EQUIVALENT,Both ask for the same attack pattern linked to Hornbill and mitigated via Windows Registers.assistantfinalVerdict: EQUIVALENT
What countermeasures are typically employed to minimize the vulnerabilities linked to Torisma threats?,What defensive strategy is most effective in mitigating the risks associated with Torisma?,False,True,True,False,True,True,True,True,NOT_EQUIVALENT,"changes from asking for the most effective single strategy to asking for typical countermeasures, altering scope.assistantfinalVerdict: NOT_EQUIVALENT"
What countermeasures can be employed to neutralize and reduce the risks associated with admin@338?,What options are available to prevent and mitigate the methods used by admin@338?,True,False,True,True,True,True,True,False,EQUIVALENT,Both ask for countermeasures to stop and lessen the threats posed by admin@338’s methods.
What remediation steps are needed to counter the malware tactics employed by groups associated with the FunnyDream malware?,What remediation procedures are required to address the malware tactics used by groups involved in FunnyDream?,False,False,True,True,True,False,False,False,EQUIVALENT,Both ask for the same remediation actions against the malware tactics of groups linked to FunnyDream.
What measures can be implemented to prevent and counteract the harmful effects of XTunnel?,What method can effectively prevent and mitigate the damage caused by XTunnel?,False,True,True,True,True,True,True,True,EQUIVALENT,"Both ask for ways to prevent and reduce the harmful effects of XTunnel, using synonymous wording."
What system security strategy is most effective at countering the effects of the Wiper malware?,Which key approach helps to neutralize the impact of Wiper on a system?,True,False,True,True,False,False,False,True,EQUIVALENT,Both ask for the primary method to mitigate or counter the impact of the Wiper malware on a system.
What countermeasures can be put in place to effectively prevent and minimize the impact of ROKRAT?,What method can effectively prevent and mitigate the damage caused by ROKRAT?,False,True,True,True,True,True,True,True,EQUIVALENT,same entities (ROKRAT) same relationship (prevent/mitigate damage).assistantfinalVerdict: EQUIVALENT
What tactic does one utilize to effectively counter the threat emanating from CozyCar?,What crucial tactic is employed to counter the threat posed by CozyCar?,False,False,True,True,True,True,True,True,EQUIVALENT,Both ask for the same tactic used to counter the threat from CozyCar.
What malicious functions are carried out by the gh0st RAT through its typical attack pattern?,What attack pattern does the gh0st RAT use to execute its malicious functions?,False,False,False,False,False,False,False,False,NOT_EQUIVALENT,"The original asks for the attack pattern used, while the paraphrase asks for the malicious functions performed, changing the queried relationship."
What behaviors associated with the malware exploited by the group behind C0027 are primarily detected?,What are the primary detection operations for the behaviors of the malware exploited by the group behind C0027?,False,False,False,False,True,False,True,True,NOT_EQUIVALENT,"The original asks for the primary detection operations (methods) for the malware's behaviors, while the paraphrase asks which behaviors are primarily detected, changing the relationship being queried."
What malicious functions does DarkWatchman execute through its specific attack pattern?,What attack pattern does the DarkWatchman use to execute its malicious functions?,False,False,False,False,False,False,False,False,NOT_EQUIVALENT,"The original asks for the attack pattern used, while the paraphrase asks for the malicious functions executed, changing the queried relationship."
"What specific attack pattern does the course of action targeting Windows Registers aim to counteract, which is directly associated with EventBot?","What attack pattern is mitigated by the course of action that operates on Windows Registers, and is specifically related to EventBot?",False,False,False,False,False,False,False,False,EQUIVALENT,Both ask for the same attack pattern mitigated by a Windows Registers–based course of action linked to EventBot.
What malware tools have been identified as being utilized by the group behind the operation known as Operation Sharpshooter?,What tools have been identified as being used by malware exploited by the group that conducted the operation Operation Sharpshooter?,False,True,True,True,False,False,False,False,NOT_EQUIVALENT,The paraphrase changes the relationship from tools used by the malware to malware tools used by the group.assistantfinalVerdict: NOT_EQUIVALENT
What malware tools were employed by the Bot malware in the course of the Operation Spalax?,What tools were used by the Bot malware to carry out the Operation Spalax?,False,False,True,True,False,False,False,False,EQUIVALENT,"The paraphrase asks for the same tools used by the Bot malware in Operation Spalax, just reworded."
What propagation method does the tool that utilizes Carbon inherently employ?,Which attack pattern is inherent in the tool that the Carbon uses to spread?,True,False,False,True,True,False,True,False,NOT_EQUIVALENT,changed entity relationship and term.assistantfinalVerdict: NOT_EQUIVALENT
What measures can be taken through operating on Windows Registers to prevent the DownPaper attack pattern from occurring?,How can the course of action that involves operating on Windows Registers help to prevent the attack pattern associated with DownPaper?,False,False,False,False,False,False,False,False,EQUIVALENT,Both ask how operating on Windows Registers can be used to prevent the DownPaper attack pattern.
Which asset is most susceptible to exploitation via the PowerShell scripts attack pattern that is characteristic of Prestige?,"What asset is most vulnerable to the attack pattern that utilizes PowerShell scripts, which is characteristic of the Prestige?",False,False,False,False,True,False,False,True,EQUIVALENT,Both ask for the same asset most vulnerable to the PowerShell‑script attack pattern associated with Prestige.
What is the primary attack pattern being targeted by the course of action that involves modifying Windows Registers within the context of PULSECHECK?,Which attack pattern is the primary target of the course of action that involves modifying Windows Registers in the context of PULSECHECK?,False,False,False,False,False,False,False,False,EQUIVALENT,Both questions ask for the same primary attack pattern targeted by the Windows Registers modification course of action in the PULSECHECK context.
What countermeasures can be employed to prevent and counteract the tactics utilized by Stealth Falcon?,What options are available to prevent and mitigate the methods used by Stealth Falcon?,True,False,True,True,True,True,True,False,EQUIVALENT,Both ask for the same set of measures to stop and lessen Stealth Falcon's methods/tactics.
Can Email Collection Mitigation effectively prevent the spread of worms?,Is Email Collection Mitigation a reliable solution for eliminating worm?,True,True,True,True,True,True,True,True,NOT_EQUIVALENT,The paraphrase changes the scope from eliminating a worm to preventing spread of worms and alters the nuance of reliability versus effectiveness.
What is the central attack pattern being targeted by the course of action that involves altering Windows Registers within the context of Comnie?,Which attack pattern is the primary target of the course of action that involves modifying Windows Registers in the context of Comnie?,False,False,False,False,False,False,False,False,EQUIVALENT,"same entities (attack pattern, course of action, modifying Windows Registers, Comnie) and same relationship (primary target).assistantfinalVerdict: EQUIVALENT"
"What kind of asset is typically targeted by the EnvyScout for compromise, frequently utilizing PowerShell scripts in its malicious activities?","What type of asset is the EnvyScout typically designed to compromise, often employing PowerShell scripts in its attack?",False,True,False,False,True,False,True,False,EQUIVALENT,"Both questions ask for the same asset type that EnvyScout aims to compromise, mentioning its use of PowerShell scripts."
What are the attack patterns and implications associated with the malware used in campaigns attributed to Lotus Blossom in the United States?,"Which attack pattern is employed by the malware used in American campaigns attributed to Lotus Blossom, and what are its implications?",False,False,False,False,False,False,False,False,NOT_EQUIVALENT,"changes singular to plural, broadening scope.assistantfinalVerdict: NOT_EQUIVALENT"
What asset is predominantly impacted by the malicious activity involving PowerShell scripts as part of the RogueRobin attack pattern?,What asset is primarily affected by the attack pattern that utilizes PowerShell scripts as part of the RogueRobin?,False,False,False,False,False,False,False,False,EQUIVALENT,Both ask for the same asset most affected by the RogueRobin attack pattern that uses PowerShell scripts.
Can Exfiltration Over Physical Medium Mitigation be considered a dependable method for eradicating a worm?,Is Exfiltration Over Physical Medium Mitigation a reliable solution for eliminating worm?,True,True,True,True,True,True,True,True,EQUIVALENT,Both ask whether the same mitigation is a reliable/dependable way to eliminate a worm.
What threat mitigation strategy is used to combat the menace presented by BRATA?,What crucial tactic is employed to counter the threat posed by BRATA?,False,True,True,False,True,True,True,True,EQUIVALENT,Both ask for the same tactic/strategy used to counter the threat posed by BRATA.
What mitigation strategies does Registry Run Keys / Start Folder Mitigation employ to counter worm-related threats?,How does Registry Run Keys / Start Folder Mitigation address the issue of worm?,True,True,True,True,True,True,True,True,EQUIVALENT,"Both ask how the same mitigation technique addresses or counters worm threats, preserving the entity and relationship."
What phases of the kill chain are typically associated with the patterns of tools used by malware employed by groups responsible for the Oldsmar Treatment Plant Intrusion?,Which kill chain phases are characteristic of the patterns exhibited by tools associated with the malware used by groups engaged in the Oldsmar Treatment Plant Intrusion?,True,True,True,True,True,False,True,False,EQUIVALENT,The paraphrase preserves the same entities and asks for the same kill‑chain phases linked to the tool patterns of the same malware and threat actors.assistantfinalVerdict: EQUIVALENT
Will the use of Encrypt Sensitive Information be effective in limiting the spread of a worm outbreak?,Will Encrypt Sensitive Information help to contain the worm outbreak?,True,True,True,True,True,True,True,True,EQUIVALENT,"Both ask whether using Encrypt Sensitive Information will help contain/limit the worm outbreak, with identical entities and relationship."
What are the consequences of a modular backdoor's activities within the context of a MONSOON campaign?,What are the outcomes of a modular backdoor's actions in a MONSOON campaign?,False,False,True,False,True,False,True,False,EQUIVALENT,The paraphrase merely rewords “outcomes” as “consequences” and “actions” as “activities” without altering the entities or relationship.
What is the typical attack methodology employed by Backdoor.Oldrea for disseminating and infecting systems?,What kind of attack pattern is commonly used by Backdoor.Oldrea to spread and infect systems?,False,False,False,False,False,False,False,False,EQUIVALENT,same entities (Backdoor.Oldrea) and same relationship (type of attack pattern/methodology used to spread/infect).assistantfinalVerdict: EQUIVALENT
"What type of asset does the FALLCHILL typically target, frequently utilizing PowerShell scripts as part of its attack strategy?","What type of asset is the FALLCHILL typically designed to compromise, often employing PowerShell scripts in its attack?",False,True,False,False,True,False,True,False,EQUIVALENT,"paraphrase preserves meaning, same entities and relationship.assistantfinalVerdict: EQUIVALENT"
What techniques does the CHEMISTGAMES tool utilize to infiltrate and compromise computer systems?,What type of attack pattern is used by the CHEMISTGAMES's tool to compromise systems?,True,False,False,False,True,False,True,False,EQUIVALENT,paraphrase asks for same technique/attack pattern used by same tool to compromise systems.assistantfinalVerdict: EQUIVALENT
What kind of attack pattern typically employs the technique known as CHOPSTICK?,Which attack pattern does CHOPSTICK usually utilize?,False,False,False,False,False,False,False,False,NOT_EQUIVALENT,"The paraphrase reverses the relationship, asking which attack pattern uses CHOPSTICK instead of which attack pattern CHOPSTICK utilizes."
What countermeasures can be implemented to effectively mitigate the threat of SideCopy?,What are the necessary countermeasures to take against SideCopy?,True,False,True,False,False,False,True,False,EQUIVALENT,Both ask for the same set of countermeasures to address the SideCopy threat.
What method can effectively mitigate the effects of SYNful Knock on a system?,Which key approach helps to neutralize the impact of SYNful Knock on a system?,False,False,True,False,True,False,True,False,EQUIVALENT,Both ask for the same method to counteract SYNful Knock’s impact on a system.
What countermeasure is most commonly utilized to neutralize the threat posed by BOULDSPY?,What crucial tactic is employed to counter the threat posed by BOULDSPY?,True,True,True,False,True,False,True,True,NOT_EQUIVALENT,"The paraphrase replaces “crucial” with “most commonly utilized,” altering the required attribute of the tactic."
What attack pattern does NETWIRE typically utilize to disseminate and compromise systems?,What kind of attack pattern is commonly used by NETWIRE to spread and infect systems?,False,False,False,False,False,False,False,False,EQUIVALENT,"Both ask for the same NETWIRE attack pattern used to spread/infect systems, just reworded."
What attack patterns are typically associated with the Get2 suite of tools?,What is the attack pattern associated with Get2 tools?,False,False,False,True,False,True,True,False,NOT_EQUIVALENT,"The paraphrase changes singular to plural and adds “typically,” broadening the scope beyond the original single attack pattern query."
"What asset is most susceptible to the SynAck attack pattern, particularly when it employs PowerShell scripts?","What asset is most vulnerable to the attack pattern that utilizes PowerShell scripts, which is characteristic of the SynAck?",False,False,False,False,True,False,True,False,EQUIVALENT,Both ask for the same asset most vulnerable to SynAck's PowerShell-based attack pattern.assistantfinalVerdict: EQUIVALENT
What cybersecurity measures are crucial in countering and minimizing the malicious activities of Valak?,What key component of cybersecurity helps to prevent and mitigate the attacks of Valak?,False,True,True,False,False,False,True,False,NOT_EQUIVALENT,"The paraphrase changes from asking for a single key component to asking for multiple measures, altering the entity being queried.assistantfinalVerdict: NOT_EQUIVALENT"
What malware tools have been utilized by the Bot malware in relation to the C0021?,Which tools have been employed by the Bot malware in the context of the C0021?,False,False,True,False,False,False,False,False,EQUIVALENT,Both ask for the same set of tools used by the Bot malware in relation to C0021.
What countermeasures should be employed to prevent the proliferation of RainyDay?,What strategy should be implemented to prevent the spread of RainyDay?,False,True,True,True,True,True,True,False,EQUIVALENT,Both ask for the same preventive actions (strategies/countermeasures) to stop RainyDay from spreading.
"What plays a crucial role in countering the malicious activities of BONDUPDATER, effectively preventing and minimizing its potential threats?",What key component of cybersecurity helps to prevent and mitigate the attacks of BONDUPDATER?,True,False,True,False,True,True,True,False,EQUIVALENT,paraphrase asks for same cybersecurity component that counters BONDUPDATER's attacks.assistantfinalVerdict: EQUIVALENT
What steps can be taken with Windows Registers to prevent the proliferation of Stealth Mango and its corresponding malicious tactics?,In what way can the course of action that involves operating on Windows Registers help to prevent the spread of Stealth Mango and its associated attack pattern?,False,False,False,False,False,False,False,False,EQUIVALENT,Both ask how using Windows Registers can prevent Stealth Mango's spread and its attack pattern.assistantfinalVerdict: EQUIVALENT
What countermeasure is most effective in neutralizing the threat associated with OSX_OCEANLOTUS.D?,What crucial tactic is employed to counter the threat posed by OSX_OCEANLOTUS.D?,False,True,True,True,True,False,True,True,NOT_EQUIVALENT,paraphrase adds a qualifier about effectiveness not present in original.assistantfinalVerdict: NOT_EQUIVALENT
"What is the primary asset being targeted by an attack pattern that is characterized by the use of PowerShell scripts, a key component of the HAWKBALL?","What asset is at the center of the attack pattern that utilizes PowerShell scripts, a distinguishing feature of the HAWKBALL?",False,False,False,False,True,False,False,False,EQUIVALENT,Both ask for the same asset targeted by the PowerShell-script-based HAWKBALL attack pattern.assistantfinalVerdict: EQUIVALENT
What strategies would be effective in countering the tactics employed by CostaRicto?,How can one effectively counter the methods used by CostaRicto?,True,False,True,False,True,False,False,False,EQUIVALENT,"Both ask for effective ways to counter the methods/tactics employed by CostaRicto, preserving the same entity and relationship."
What is the crucial aspect of cybersecurity that helps to counteract and minimize the impact of Volgmer attacks?,What key component of cybersecurity helps to prevent and mitigate the attacks of Volgmer?,True,True,True,False,True,True,True,True,EQUIVALENT,The paraphrase uses synonymous wording but asks for the same cybersecurity component that prevents and mitigates Volgmer attacks.
What course of action involving Windows Registers can help prevent the exploitation of the vulnerability associated with the FlawedAmmyy attack pattern?,"What type of attack pattern can be prevented by the course of action that involves operating on Windows Registers, specifically in relation to FlawedAmmyy?",False,False,False,False,False,False,False,False,NOT_EQUIVALENT,The paraphrase asks for a different answer (the action) whereas original asks for the attack pattern type.assistantfinalVerdict: NOT_EQUIVALENT
Is the implementation of Fallback Channels Mitigation an effective countermeasure against worm attacks?,Is Fallback Channels Mitigation a suitable countermeasure against worm?,True,True,True,True,True,True,True,True,EQUIVALENT,... concise.assistantfinalVerdict: EQUIVALENT
What is the key countermeasure employed to mitigate the malicious actions of MiniDuke?,What essential technique is used to combat the malicious activities of MiniDuke?,False,True,True,True,False,True,True,True,EQUIVALENT,"same meaning, same entities, same relationship.assistantfinalVerdict: EQUIVALENT"
What part does a modular backdoor play in the objectives of a Honeybee operation?,What is the role of a modular backdoor's behavior in facilitating the goals of a Honeybee campaign?,False,False,False,False,False,False,False,False,EQUIVALENT,Both ask about the same role of a modular backdoor in achieving Honeybee's objectives.
How can operating on Windows Registers contribute to mitigating the spread of BOULDSPY and its affiliated attack pattern?,In what way can the course of action that involves operating on Windows Registers help to prevent the spread of BOULDSPY and its associated attack pattern?,False,False,False,False,False,False,False,False,EQUIVALENT,Both ask how operating on Windows Registers can help prevent/mitigate the spread of BOULDSPY and its attack pattern.
What is the main asset being targeted by the attack pattern that utilizes PowerShell scripts as a crucial element of the JSS Loader?,"What asset is the primary target of the attack pattern that employs PowerShell scripts, a key component of the JSS Loader?",False,False,False,False,True,False,False,False,EQUIVALENT,"...""assistantfinalVerdict: EQUIVALENT"
What asset is the primary target of an attack pattern that utilizes PowerShell scripts characteristic of the Chameleon?,Which asset is the target of the attack pattern that employs PowerShell scripts used by the Chameleon?,False,False,False,False,True,False,True,False,EQUIVALENT,Both ask for the same asset targeted by the Chameleon PowerShell script attack pattern.assistantfinalVerdict: EQUIVALENT
"What type of asset is often targeted by the attack method characterized by the use of PowerShell scripts, a distinguishing feature of Bisonal?","What asset is frequently compromised by the attack pattern that involves PowerShell scripts, a hallmark of the Bisonal?",False,False,False,False,False,False,True,False,EQUIVALENT,Both ask for the same asset type compromised by the PowerShell‑script attack pattern associated with Bisonal.
What measures can be implemented to mitigate the impact of a Meteor event on a computer network?,What countermeasure can be taken to minimize the effects of Meteor on a computer network?,False,True,True,False,False,True,False,True,EQUIVALENT,"paraphrase only rewords, same entities and relationship.assistantfinalVerdict: EQUIVALENT"
What type of asset is commonly exploited in an attack pattern that leverages PowerShell scripts as a component of the Pallas?,What asset is usually targeted by the attack pattern that utilizes PowerShell scripts as a tool of the Pallas?,False,False,False,False,True,False,False,False,EQUIVALENT,Both questions ask for the same asset targeted by the PowerShell‑script‑based Pallas attack pattern.
What measures have been implemented on Windows Registers to counteract the spread of FatDuke?,What course of action on Windows Registers is designed to prevent the spread of FatDuke?,False,False,False,False,False,False,False,False,EQUIVALENT,Both ask for the same preventive actions/measures on Windows Registers against FatDuke.
What type of malware attack pattern is most commonly linked to campaigns attributed to the MONSOON group in the United States?,What type of malware attack pattern is typically associated with American campaigns linked to the MONSOON group?,False,False,False,False,False,False,False,False,EQUIVALENT,"same entities (MONSOON group, US campaigns) and same relationship (type of malware attack pattern).assistantfinalVerdict: EQUIVALENT"
What characteristic attack pattern is most closely associated with the malware employed in the Carbanak campaigns that targeted American organizations?,Which specific attack pattern is characteristic of the malware used in American campaigns attributed to Carbanak?,False,False,False,False,False,False,False,False,EQUIVALENT,Both ask for the specific attack pattern characteristic of the malware used in Carbanak’s campaigns targeting American entities.
What system security measure can be implemented to prevent the KeyBoy installation?,What crucial step can be taken to prevent the installation of KeyBoy on a system?,False,True,True,True,False,True,True,True,EQUIVALENT,Both ask for a preventive action/measure to stop KeyBoy from being installed on a system.
What is the key countermeasure used to neutralize the malevolent actions associated with Sardonic?,What essential technique is used to combat the malicious activities of Sardonic?,False,False,True,False,True,True,True,False,EQUIVALENT,"The paraphrase retains the same entity (Sardonic) and asks for the same essential method to counter its malicious actions, only rewording the phrasing."
What technique is primarily utilized to counteract the harmful actions of Linux Rabbit?,What essential technique is used to combat the malicious activities of Linux Rabbit?,False,False,True,False,True,True,True,True,EQUIVALENT,Both ask for the same technique used to counteract Linux Rabbit's malicious actions.
What is the primary attack vector typically linked to the tool utilized by the BADNEWS?,What is the primary attack pattern associated with the tool employed by the BADNEWS?,False,True,True,True,False,True,True,True,NOT_EQUIVALENT,changed relationship term.assistantfinalVerdict: NOT_EQUIVALENT
What countermeasures can be implemented to mitigate the impact of Escobar on a computer network?,What countermeasure can be taken to minimize the effects of Escobar on a computer network?,True,True,True,True,False,True,True,True,EQUIVALENT,"The paraphrase asks for the same type of actions (countermeasures) to reduce the same threat (Escobar) on a computer network, just using different wording."
Is Access Token Manipulation Mitigation an effective countermeasure against worm attacks?,Can Access Token Manipulation Mitigation be considered a successful strategy for combating worm?,True,True,True,True,True,True,True,True,EQUIVALENT,paraphrase asks same question with different wording.assistantfinalVerdict: EQUIVALENT
What measures can be taken by manipulating Windows Registers to mitigate the spread of Disco and its affiliated malicious tactics?,In what way can the course of action that involves operating on Windows Registers help to prevent the spread of Disco and its associated attack pattern?,False,False,False,False,False,False,False,False,EQUIVALENT,Both ask how manipulating Windows Registers can help prevent or mitigate the spread of Disco and its related attack pattern.
What attack methods are commonly employed by malware associated with the notorious LAPSUS$ group in its US-based operations?,What is the typical attack pattern used by malware linked to the LAPSUS$ group in American campaigns?,False,False,False,False,False,False,False,False,EQUIVALENT,"paraphrase preserves entities and relationship, only rewords.assistantfinalVerdict: EQUIVALENT"
How does taking action on Windows Registers contribute to preventing the dissemination of Cadelspy and its connected attack methodology?,In what way can the course of action that involves operating on Windows Registers help to prevent the spread of Cadelspy and its associated attack pattern?,False,False,False,False,False,False,False,False,EQUIVALENT,Both ask how acting on Windows Registers helps prevent the spread of Cadelspy and its related attack pattern.
What asset is commonly targeted by the attack pattern employing PowerShell scripts as a component of the FIVEHANDS?,What asset is usually targeted by the attack pattern that utilizes PowerShell scripts as a tool of the FIVEHANDS?,False,False,False,False,True,False,False,False,EQUIVALENT,The paraphrase retains the same entities and asks the same question about the asset targeted by the FIVEHANDS PowerShell‑script attack pattern.
What attack pattern is characteristic of the tool linked to the SDBot?,What is the attack pattern utilized by the tool associated with the SDBot?,True,True,True,True,True,True,True,False,EQUIVALENT,"Both ask for the same attack pattern used by the tool linked to SDBot, with identical entities and relationship."
What malicious activities does the RegDuke tool execute through its attack pattern?,What attack pattern does the RegDuke tool use to carry out its malicious activities?,False,False,False,True,True,True,False,False,NOT_EQUIVALENT,"The original asks for the attack pattern used, while the paraphrase asks for the malicious activities performed."
What course of action involving manipulation of Windows Registers can effectively counter a malicious attack associated with Linfo?,"What type of malicious attack can be thwarted by the course of action that involves operating on Windows Registers, and is related to Linfo?",False,False,False,False,False,False,False,False,NOT_EQUIVALENT,"The original asks for the attack type, while the paraphrase asks for the action.assistantfinalVerdict: NOT_EQUIVALENT"
What is the central attack pattern being targeted by the course of action that alters Windows Registers within the scope of DarkTortilla?,Which attack pattern is the primary target of the course of action that involves modifying Windows Registers in the context of DarkTortilla?,False,False,False,False,False,False,False,False,EQUIVALENT,Both ask for the same attack pattern that is the main target of the Windows Registers‑modifying course of action in DarkTortilla.
What attack pattern is utilized by the DEATHRANSOM?,What type of attack pattern does the DEATHRANSOM employ?,False,False,False,False,False,False,False,False,EQUIVALENT,"Both questions ask for the same attack pattern used by DEATHRANSOM, with identical entities and relationship."
What are the implications of the attack pattern employed by the malware associated with the American cyber campaigns attributed to APT30?,"Which attack pattern is employed by the malware used in American campaigns attributed to APT30, and what are its implications?",False,False,False,False,False,False,False,False,NOT_EQUIVALENT,"The paraphrase omits the request to identify the attack pattern, asking only about its implications."
What are the malicious activities that the HyperStack tool executes?,How does the HyperStack tool carry out its malicious operations?,True,False,False,False,True,False,True,False,NOT_EQUIVALENT,The paraphrase changes the focus from method to specific activities.assistantfinalVerdict: NOT_EQUIVALENT
What countermeasure is crucial for mitigating the threat emanating from SPACESHIP?,What crucial tactic is employed to counter the threat posed by SPACESHIP?,False,True,True,True,True,False,True,True,EQUIVALENT,Both ask for the essential tactic/countermeasure to address the threat from SPACESHIP.
What SEASHARPEE typically employs in its malicious operations?,What attack pattern is characteristic of the tool used by the SEASHARPEE?,False,False,False,False,False,False,False,False,NOT_EQUIVALENT,"The paraphrase changes the focus from the attack pattern of the tool to what SEASHARPEE employs generally, dropping the specific relationship.assistantfinalVerdict: NOT_EQUIVALENT"
What methods can be employed to identify and track the malicious actions of the malware linked to the group behind the FunnyDream operations?,How can we detect the malicious activities of the malware used by the group responsible for FunnyDream?,True,True,False,True,True,True,True,True,EQUIVALENT,The paraphrase asks the same about methods to detect the malware's malicious actions for the same group.assistantfinalVerdict: EQUIVALENT
What malicious activities does the Daserf carry out using its specific attack pattern?,What kind of attack pattern does the Daserf use to carry out its malicious activities?,False,False,False,False,False,False,False,False,NOT_EQUIVALENT,The paraphrase asks for the activities rather than the attack pattern.assistantfinalVerdict: NOT_EQUIVALENT
What cybersecurity feature is crucial in thwarting and countering the threats posed by Komplex attacks?,What key component of cybersecurity helps to prevent and mitigate the attacks of Komplex?,False,True,True,True,True,False,True,True,EQUIVALENT,"Both ask for the same cybersecurity component that prevents or counters Komplex attacks, just reworded."
What attack pattern is inherent in the mechanism employed by the Komplex to disseminate itself?,Which attack pattern is inherent in the tool that the Komplex uses to spread?,False,False,False,False,False,True,False,False,EQUIVALENT,"only wording changed, same entities and relationship.assistantfinalVerdict: EQUIVALENT"
What countermeasures are required to combat the threats posed by UNC2452?,What are the necessary countermeasures to take against UNC2452?,False,False,False,False,False,False,False,False,EQUIVALENT,"Both ask for the required countermeasures against the same entity, UNC2452, without altering scope or meaning."
What malicious activities is the BlackMould tool known to execute through its attack pattern?,What attack pattern does the BlackMould tool use to carry out its malicious activities?,False,False,False,False,True,True,True,False,NOT_EQUIVALENT,"The original asks for the attack pattern used, while the paraphrase asks for the malicious activities performed."
What UPPERCUT mitigation approach offers the highest level of risk reduction?,What defensive strategy is most effective in mitigating the risks associated with UPPERCUT?,False,True,False,True,True,True,True,False,EQUIVALENT,Both ask for the most effective defensive/mitigation method to reduce risks from UPPERCUT.
What asset is primarily targeted by the attack pattern utilizing PowerShell scripts associated with the DarkTortilla?,"What asset is the main focus of the attack pattern that incorporates PowerShell scripts, used by the DarkTortilla?",False,False,False,False,True,False,True,False,EQUIVALENT,Both ask for the same asset that is the primary target of the DarkTortilla's PowerShell‑script attack pattern.
What approach should be adopted to prevent the propagation of Keydnap?,What strategy should be implemented to prevent the spread of Keydnap?,True,False,True,False,True,True,True,True,EQUIVALENT,"The paraphrase uses synonymous terms (strategy/approach, implement/adopt, spread/propagation) without altering the entity or intent."
What detection methods are most effective for identifying the behaviors of malware attributed to the group behind Operation Ghost?,What are the most effective detection methods for the behaviors of the malware exploited by the group behind Operation Ghost?,True,True,True,True,True,True,True,True,EQUIVALENT,Both ask for the most effective detection methods to identify the behaviors of the malware used by the group behind Operation Ghost.
What malware propagation method is utilized by the EnvyScout tool?,Which attack pattern is inherent in the tool that the EnvyScout uses to spread?,True,False,False,False,True,False,True,False,EQUIVALENT,Both ask for the same propagation/attack pattern used by EnvyScout.assistantfinalVerdict: EQUIVALENT
What attack pattern does OopsIE typically employ?,Which attack pattern does OopsIE usually utilize?,False,False,False,False,False,False,False,False,EQUIVALENT,"Both ask for the same attack pattern used by OopsIE, using synonymous wording."
What countermeasures should be put in place to prevent the Anubis from spreading further?,What strategy should be implemented to prevent the spread of Anubis?,False,False,True,True,True,False,True,False,EQUIVALENT,"Both ask for measures/strategy to stop the spread of the same entity, Anubis."
What is the typical attack pattern associated with the tool employed by Hildegard?,What attack pattern is characteristic of the tool used by the Hildegard?,True,True,True,True,True,True,True,True,EQUIVALENT,"same entities (tool, Hildegard) and same relationship (attack pattern characteristic).assistantfinalVerdict: EQUIVALENT"
What asset is most vulnerable to exploitation by an attack pattern that incorporates PowerShell scripts as part of the Sunbird?,What asset is primarily affected by the attack pattern that utilizes PowerShell scripts as part of the Sunbird?,False,False,False,False,True,False,True,False,EQUIVALENT,Both ask for the same asset targeted by the Sunbird attack pattern using PowerShell scripts.
What type of attack signature is commonly associated with malware tools such as VaporRage?,What kind of attack pattern is characteristic of malware tools like VaporRage?,False,True,False,True,False,False,True,True,NOT_EQUIVALENT,"The paraphrase replaces “attack pattern” with “attack signature,” altering the specific concept being asked about."
What asset is commonly targeted by the attack vector that utilizes PowerShell scripts and is associated with the malware known as WolfRAT?,"What asset is typically compromised by the attack pattern involving PowerShell scripts, which is used by the WolfRAT?",False,False,False,False,False,False,False,False,EQUIVALENT,paraphrase preserves meaning.assistantfinalVerdict: EQUIVALENT
What technique does the malware used in campaigns linked to Operation Wocao typically employ?,What attack technique does the malware employed in American campaigns attributed to Operation Wocao utilize?,False,False,False,False,False,False,False,False,NOT_EQUIVALENT,"The paraphrase omits the “American” qualifier, broadening the scope beyond the original’s specific focus."
What systems are primarily compromised using the CORESHELL attack pattern?,What is the primary attack pattern used by CORESHELL to compromise systems?,False,False,False,False,False,False,False,False,NOT_EQUIVALENT,The paraphrase changes the focus from the attack pattern to the systems compromised.assistantfinalVerdict: NOT_EQUIVALENT
How do the actions of a modular backdoor align with the goals of a The White Company campaign?,In what ways do the actions of a modular backdoor contribute to the objectives of a The White Company campaign?,False,False,False,False,False,False,False,False,EQUIVALENT,"same entities and relationship, just reworded.assistantfinalVerdict: EQUIVALENT"
"What is the central target of the attack pattern that utilizes PowerShell scripts, as employed by the CookieMiner?","What asset is the main focus of the attack pattern that incorporates PowerShell scripts, used by the CookieMiner?",False,False,False,False,True,False,True,False,EQUIVALENT,"paraphrase preserves meaning, same entities and relationship.assistantfinalVerdict: EQUIVALENT"
What issue does Netsh Helper DLL Mitigation specifically target in its function to prevent worm attacks?,How does Netsh Helper DLL Mitigation address the issue of worm?,True,True,True,True,True,False,True,False,NOT_EQUIVALENT,The paraphrase changes the question from asking how the mitigation works to asking which issue it targets.assistantfinalVerdict: NOT_EQUIVALENT
What type of malicious attack is typically targeted by a course of action that involves operating on Windows Registers and is associated with the Clop ransomware?,"What type of malicious attack can be thwarted by the course of action that involves operating on Windows Registers, and is related to Clop?",False,False,False,False,False,False,False,False,EQUIVALENT,Both ask for the same attack type linked to Clop that is mitigated by actions on Windows Registers.
What steps can be taken to counter and minimize the impact of attacks attributed to the Windigo?,What are the key steps to prevent and mitigate the attacks carried out by Windigo?,False,False,True,False,True,False,True,False,EQUIVALENT,"Both ask for the same steps to address attacks by Windigo, just using different wording."
"What attack pattern is prevented through manipulation of Windows Registers, and is directly associated with the presence of MobileOrder?","Which attack pattern is prevented by operating on Windows Registers, and is directly linked to the presence of MobileOrder?",False,False,False,False,False,False,False,False,EQUIVALENT,Both ask for the same attack pattern prevented via Windows Registers and directly tied to MobileOrder.
What cybersecurity measure is specifically designed to counteract and minimize the impact of EnvyScout attacks?,What key component of cybersecurity helps to prevent and mitigate the attacks of EnvyScout?,True,True,True,False,True,True,True,True,EQUIVALENT,Both ask for the same cybersecurity element that prevents or mitigates EnvyScout attacks.
"What is the core component of the attack pattern that incorporates PowerShell scripts, a hallmark characteristic of AndroRAT?","What asset is at the center of the attack pattern that utilizes PowerShell scripts, a distinguishing feature of the AndroRAT?",False,False,False,False,False,False,False,False,EQUIVALENT,Both ask for the same central element of the same attack pattern.assistantfinalVerdict: EQUIVALENT
Can the Environmental Keying Mitigation process entirely eliminate the worm threat?,Does Environmental Keying Mitigation effectively neutralize the worm threat?,True,True,True,True,True,True,True,True,NOT_EQUIVALENT,"The paraphrase changes the claim from merely neutralizing the threat to completely eliminating it, altering the scope of the effect."
What kind of malware technique is commonly utilized by Briba to compromise computer systems?,What type of attack does Briba typically employ to infect systems?,False,False,False,False,False,False,False,False,EQUIVALENT,Both ask for the same category of malicious method Briba uses to compromise/infect systems.
What course of action targeting Windows Registers in relation to KEYMARBLE effectively counters which attack pattern?,What attack pattern is effectively countered by the course of action that targets Windows Registers in relation to KEYMARBLE?,False,False,False,False,False,False,False,False,NOT_EQUIVALENT,"The paraphrase changes the query focus, asking for the course of action as well as the attack pattern, whereas the original only asks for the attack pattern.assistantfinalVerdict: NOT_EQUIVALENT"
What Windows-related attack pattern is the primary focus of the course of action that involves altering Windows Registers in the context of ABK?,Which attack pattern is the primary target of the course of action that involves modifying Windows Registers in the context of ABK?,False,False,False,False,False,False,False,False,EQUIVALENT,"same entities (attack pattern, Windows Registers, ABK) and same relationship (primary target).assistantfinalVerdict: EQUIVALENT"
What measures should be implemented proactively to safeguard against STARWHALE attacks?,What proactive measure can be taken to protect against STARWHALE attacks?,False,True,False,False,True,False,True,False,EQUIVALENT,same entities (STARWHALE attacks) and same relationship (proactive protection).assistantfinalVerdict: EQUIVALENT
Which asset is primarily targeted by the attack pattern that incorporates PowerShell scripts as part of the CCBkdr?,What asset is primarily affected by the attack pattern that utilizes PowerShell scripts as part of the CCBkdr?,False,False,False,False,True,False,True,False,EQUIVALENT,Both ask for the same primary asset impacted by the same PowerShell‑based CCBkdr attack pattern.
What type of attack pattern is commonly associated with malware tools such as ObliqueRAT?,What kind of attack pattern is characteristic of malware tools like ObliqueRAT?,False,False,False,True,True,False,True,False,EQUIVALENT,Both ask for the same attack pattern characteristic of malware tools such as ObliqueRAT.
What asset is typically targeted by the attack pattern that leverages PowerShell scripts as a tool of the KOPILUWAK?,What asset is usually targeted by the attack pattern that utilizes PowerShell scripts as a tool of the KOPILUWAK?,False,False,False,False,True,False,False,False,EQUIVALENT,"only synonymous wording, no change in entities or relation.assistantfinalVerdict: EQUIVALENT"
What countermeasure is typically employed to mitigate the harmful actions of Penquin?,What essential technique is used to combat the malicious activities of Penquin?,False,True,True,True,True,True,True,False,EQUIVALENT,Both ask for the same technique/countermeasure used to address Penquin's malicious actions.
What characteristic attack pattern is typically associated with the tool utilized by Kobalos?,What attack pattern is characteristic of the tool used by the Kobalos?,True,True,True,True,True,True,True,True,EQUIVALENT,The paraphrase asks the same question with only wording changes.assistantfinalVerdict: EQUIVALENT
What countermeasure is most effective in minimizing the threats posed by the Olympic Destroyer?,What defensive strategy is most effective in mitigating the risks associated with Olympic Destroyer?,False,True,True,True,True,True,True,True,EQUIVALENT,"Both ask for the most effective defensive measure against the same threat, Olympic Destroyer, using synonymous wording."
What asset is typically targeted by an attack pattern that leverages PowerShell scripts as a component of the Metamorfo?,What asset is usually targeted by the attack pattern that utilizes PowerShell scripts as a tool of the Metamorfo?,False,False,False,False,True,True,True,False,EQUIVALENT,Both questions ask for the same asset targeted by the Metamorfo attack pattern that uses PowerShell scripts.
What technique is crucial for countering the malicious actions of POWRUNER?,What essential technique is used to combat the malicious activities of POWRUNER?,True,False,True,False,True,True,True,True,EQUIVALENT,Both ask for the same essential technique to counteract POWRUNER's malicious activities.
What malicious activities does the SslMM tool execute?,How does the SslMM tool carry out its malicious operations?,True,False,False,True,True,False,True,False,NOT_EQUIVALENT,"The original asks for the method of execution, while the paraphrase asks for the specific malicious activities performed."
What measures can a network administrator take to mitigate the impact of Xbash on their computer network?,What countermeasure can be taken to minimize the effects of Xbash on a computer network?,False,False,True,True,False,False,True,False,NOT_EQUIVALENT,"The paraphrase adds the constraint that the measures must be taken by a network administrator, which was not in the original.assistantfinalVerdict: NOT_EQUIVALENT"
"What asset is most susceptible to the RCSAndroid attack pattern, particularly the one employing PowerShell scripts?","What asset is most vulnerable to the attack pattern that utilizes PowerShell scripts, which is characteristic of the RCSAndroid?",False,True,False,False,True,False,True,False,EQUIVALENT,Both ask for the same asset most vulnerable to the same PowerShell‑script RCSAndroid attack pattern.assistantfinalVerdict: EQUIVALENT
What are the typical kill chain stages associated with the attack patterns of malware tools employed by groups related to C0032?,Identify the kill chain stages characteristic of the patterns used by tools associated with malware used by groups involved in the C0032.,True,False,True,True,True,False,True,False,EQUIVALENT,paraphrase preserves entities and relationship.assistantfinalVerdict: EQUIVALENT
What is the principal attack pattern that the course of action aimed at altering Windows Registers pertains to within the POWERSOURCE framework?,Which attack pattern is the primary target of the course of action that involves modifying Windows Registers in the context of POWERSOURCE?,False,False,False,False,False,False,False,False,EQUIVALENT,Both ask for the same primary attack pattern targeted by the Windows Registers modification COA in POWERSOURCE.assistantfinalVerdict: EQUIVALENT
What countermeasure is crucial for neutralizing the Flame threat?,What crucial tactic is employed to counter the threat posed by Flame?,False,True,True,True,True,False,True,True,EQUIVALENT,"Both ask for the essential tactic used to counter the Flame threat, preserving the same entity and relationship."
What Twitoor-related threats can a particular defensive strategy best counteract?,What defensive strategy is most effective in mitigating the risks associated with Twitoor?,True,False,True,False,True,False,True,True,NOT_EQUIVALENT,The paraphrase changes the question from asking for the best defensive strategy to asking which threats a specific strategy counters.assistantfinalVerdict: NOT_EQUIVALENT
What attack pattern is primarily linked to the tool utilized by PowerShower?,What is the primary attack pattern associated with the tool employed by the PowerShower?,True,True,True,True,True,True,True,False,EQUIVALENT,"Both questions ask for the main attack pattern linked to the tool used by PowerShower, preserving entities and relationship."
What attack pattern does the tool Javali utilizes employ?,What type of attack pattern is employed by the tool that Javali utilizes?,True,True,True,True,True,True,True,False,EQUIVALENT,"Both ask which attack pattern is used by the tool that Javali utilizes, preserving entities and relationship."
What countermeasures can be implemented to mitigate the impact of Explosive on a computer network?,What countermeasure can be taken to minimize the effects of Explosive on a computer network?,True,True,True,True,False,True,True,True,EQUIVALENT,"only wording changed, same entities (Explosive, computer network) and same relationship (countermeasure to reduce effect).assistantfinalVerdict: EQUIVALENT"
What malware techniques are utilized by the malware used in American campaigns attributed to OilRig?,What attack technique does the malware employed in American campaigns attributed to OilRig utilize?,False,False,False,False,False,False,False,False,EQUIVALENT,Both ask for the attack/malware technique used by the same malware.assistantfinalVerdict: EQUIVALENT
What is the main target asset targeted by the attack pattern that incorporates PowerShell scripts as a crucial part of the CARROTBAT?,"What asset is the primary target of the attack pattern that employs PowerShell scripts, a key component of the CARROTBAT?",False,False,False,False,True,False,False,False,EQUIVALENT,The paraphrase asks for the same primary target asset of the same PowerShell‑based CARROTBAT attack pattern.
What impact does Time Providers Mitigation have on the propagation of a worm?,What effect does Time Providers Mitigation have on the spread of worm?,True,True,True,True,True,True,True,True,EQUIVALENT,Both ask the same effect of Time Providers Mitigation on a worm’s spread/propagation.
What preventative measure can be implemented to avoid the installation of PACEMAKER on a system?,What crucial step can be taken to prevent the installation of PACEMAKER on a system?,False,True,True,False,True,True,True,True,EQUIVALENT,Both ask for the same essential action to stop PACEMAKER from being installed on a system.
What detection strategies would be most successful in identifying the malicious behaviors exhibited by the malware employed by the group behind Operation Honeybee?,What detection techniques would be effective in identifying the behaviors of the malware used by the group responsible for Operation Honeybee?,True,True,True,False,True,True,True,True,EQUIVALENT,... concise.assistantfinalVerdict: EQUIVALENT
What malicious techniques does the Trojan-SMS.AndroidOS.OpFake.a utilize to activate its malicious functionalities?,What attack pattern does the Trojan-SMS.AndroidOS.OpFake.a use to execute its malicious functions?,False,False,False,False,False,False,False,False,EQUIVALENT,paraphrase asks for same technique used to carry out malicious functions.assistantfinalVerdict: EQUIVALENT
"What kind of malicious attack can be prevented by a course of action that involves modifying Windows Registers, and is associated with DOGCALL?","What type of malicious attack can be thwarted by the course of action that involves operating on Windows Registers, and is related to DOGCALL?",False,False,False,False,False,False,False,False,EQUIVALENT,"paraphrase preserves meaning, same entities and relationship.assistantfinalVerdict: EQUIVALENT"
What asset typically gets compromised by the attack pattern employing PowerShell scripts as a component of the SDBot?,What asset is usually targeted by the attack pattern that utilizes PowerShell scripts as a tool of the SDBot?,False,False,False,False,True,False,False,False,EQUIVALENT,Both ask for the same asset targeted by the SDBot attack pattern that uses PowerShell scripts.
What function does the behavior of a modular backdoor play in enabling the objectives of a UNC788 operation?,What is the role of a modular backdoor's behavior in facilitating the goals of a UNC788 campaign?,False,False,False,False,False,False,False,False,EQUIVALENT,"The paraphrase retains the same entities (modular backdoor, its behavior, UNC788) and asks the identical question about its role/function in achieving the campaign's objectives."
How can operating on Windows Registers potentially hinder the dissemination of the PHOREAL attack pattern and its associated malware?,In what way can the course of action that involves operating on Windows Registers help to prevent the spread of PHOREAL and its associated attack pattern?,False,False,False,False,False,False,False,False,EQUIVALENT,Both ask how operating on Windows Registers can prevent/hinder spread of PHOREAL and its related attack pattern/malware.assistantfinalVerdict: EQUIVALENT
What countermeasures would be most effective in countering the security threats posed by the malware known as WolfRAT?,What defensive strategy is most effective in mitigating the risks associated with WolfRAT?,False,True,True,False,False,False,False,False,EQUIVALENT,"Both ask for the most effective defensive measures against the same malware, WolfRAT."
What steps can be taken to counteract the FrameworkPOS attack pattern by utilizing operations on Windows Registers?,How can the course of action that involves operating on Windows Registers help to prevent the attack pattern associated with FrameworkPOS?,False,False,False,False,False,False,False,False,EQUIVALENT,Both ask how using operations on Windows Registers can be employed to prevent or counteract the FrameworkPOS attack pattern.
What method is most effective in mitigating the effects of Bisonal on a system?,Which key approach helps to neutralize the impact of Bisonal on a system?,False,True,True,False,True,True,True,True,EQUIVALENT,Both ask for the primary method to reduce Bisonal's impact on a system.assistantfinalVerdict: EQUIVALENT
What level of protection does Accessibility Features Mitigation offer against worm attacks?,How well does Accessibility Features Mitigation protect against worm attacks?,True,True,True,True,True,True,True,True,EQUIVALENT,... concise.
What measures can be taken to counteract the proliferation of OLDBAIT?,What strategy should be implemented to prevent the spread of OLDBAIT?,False,True,True,True,True,True,True,True,EQUIVALENT,Both ask for actions/strategies to stop the spread (proliferation) of OLDBAIT.
What effect does the behavior of a modular backdoor have on the overall success of operations conducted by the Transparent Tribe?,What is the impact of a modular backdoor's behavior on the overall success of a Transparent Tribe campaign?,False,False,False,False,False,False,False,False,EQUIVALENT,Both ask how the behavior of a modular backdoor influences the overall success of Transparent Tribe’s campaign/operations.
What type of attack strategy does Doki utilize?,What type of attack pattern does the Doki employ?,False,False,False,False,False,False,False,False,EQUIVALENT,"The paraphrase uses synonymous terms (“attack strategy” for “attack pattern,” “utilize” for “employ”) and refers to the same entity, Doki, preserving the original meaning."
What Windows attack pattern is the main focus of the course of action that involves altering Windows Registers within the context of CreepySnail?,Which attack pattern is the primary target of the course of action that involves modifying Windows Registers in the context of CreepySnail?,False,False,False,False,False,False,False,False,EQUIVALENT,"same entities (attack pattern, course of action, modifying Windows Registers, CreepySnail) and same relationship (primary target/main focus).assistantfinalVerdict: EQUIVALENT"
What malicious activities are carried out by the RATANKBA tool through its RATANKBA attack pattern?,What attack pattern does the RATANKBA tool use to carry out its malicious activities?,False,False,False,True,True,True,True,False,NOT_EQUIVALENT,"The original asks for the attack pattern used by the tool, while the paraphrase asks for the malicious activities performed, reversing the queried relationship."
What measures should be taken to stop the dissemination of SpicyOmelette?,What strategy should be implemented to prevent the spread of SpicyOmelette?,False,False,False,False,False,False,False,False,EQUIVALENT,"Both ask for the same preventive actions against the spread of SpicyOmelette, just using different wording."
Identify the common kill chain phases that are characteristic of the malware tactics typically utilized by groups linked to the Night Dragon threat.,Determine the kill chain phases typically associated with the patterns of tools that the malware used by groups involved in the Night Dragon employs.,False,False,False,False,False,False,False,False,EQUIVALENT,Both ask for the kill chain phases typical of Night Dragon malware/tool patterns.assistantfinalVerdict: EQUIVALENT
What attack pattern is directly associated with Aria-body and prevented by operating on Windows Registers?,"Which attack pattern is prevented by operating on Windows Registers, and is directly linked to the presence of Aria-body?",False,False,False,False,False,False,False,False,EQUIVALENT,The paraphrase preserves both conditions (link to Aria-body and prevention via Windows Registers) with same entities.assistantfinalVerdict: EQUIVALENT
What system security measure is most effective at countering the influence of HAPPYWORK?,Which key approach helps to neutralize the impact of HAPPYWORK on a system?,False,True,True,False,True,True,True,True,EQUIVALENT,Both ask for the same mitigation measure against HAPPYWORK's impact on a system.assistantfinalVerdict: EQUIVALENT
What ZIPLINE tools are typically linked to in attack scenarios?,What is the attack pattern associated with ZIPLINE tools?,False,False,False,False,False,False,False,False,NOT_EQUIVALENT,"The original asks for the attack pattern linked to ZIPLINE tools, while the paraphrase asks for the ZIPLINE tools linked to attack scenarios, swapping the queried entity."
What course of action targets Windows Registers as a countermeasure against the REvil attack pattern?,What attack pattern is effectively countered by the course of action that targets Windows Registers in relation to REvil?,False,False,False,False,False,False,False,False,NOT_EQUIVALENT,The question asks for different entity (attack pattern vs course of action).assistantfinalVerdict: NOT_EQUIVALENT
What methods can be used to counter and minimize the tactics employed by HEXANE?,What options are available to prevent and mitigate the methods used by HEXANE?,True,False,True,False,True,True,True,False,EQUIVALENT,"Both ask for ways to counteract and reduce HEXANE's tactics, preserving the same entities and relationship."
What cybersecurity component plays a crucial role in countering the threats of Goopy?,What key component of cybersecurity helps to prevent and mitigate the attacks of Goopy?,False,False,True,False,False,False,True,True,EQUIVALENT,Both ask for the same cybersecurity component that defends against Goopy's attacks.
What attack pattern is typically associated with the tool known as the Kessel?,What is the attack pattern utilized by the tool associated with the Kessel?,True,True,True,True,True,False,True,False,NOT_EQUIVALENT,"The paraphrase treats “Kessel” as the tool’s name rather than something the tool is associated with, altering the entity being asked about."
"What is the core target of an attack pattern that is characterized by the use of PowerShell scripts, a hallmark of the Disco method?","What asset is at the center of the attack pattern that utilizes PowerShell scripts, a distinguishing feature of the Disco?",False,False,False,False,True,False,True,False,EQUIVALENT,"paraphrase preserves same entities (PowerShell scripts, Disco) and asks for same central asset/target.assistantfinalVerdict: EQUIVALENT"
What characteristic attack pattern is associated with the tool utilized by Anubis?,What attack pattern is characteristic of the tool used by the Anubis?,True,True,True,True,True,True,True,True,EQUIVALENT,"Both ask for the same attack pattern characteristic of the tool used by Anubis, with only wording changed."
"Which asset is most susceptible to an attack that typically involves the utilization of PowerShell scripts, a hallmark of the PowGoop?","What asset is most vulnerable to the attack pattern that utilizes PowerShell scripts, which is characteristic of the PowGoop?",False,False,False,False,True,False,True,False,EQUIVALENT,Both questions ask for the same asset most vulnerable to the PowGoop attack pattern that uses PowerShell scripts.
What countermeasures can be implemented to mitigate the impact of Dtrack on a computer network?,What countermeasure can be taken to minimize the effects of Dtrack on a computer network?,True,True,True,True,False,True,True,True,EQUIVALENT,Both ask for the same type of action—countermeasures—to reduce Dtrack’s impact on a computer network.
What type of attack pattern does the Matryoshka tool utilize to compromise systems?,What type of attack pattern is used by the Matryoshka's tool to compromise systems?,True,False,False,True,True,True,True,False,EQUIVALENT,...assistantfinalVerdict: EQUIVALENT
What malicious actions does the Skeleton Key tool perform?,How does the Skeleton Key tool carry out its malicious operations?,True,False,True,True,False,False,True,False,NOT_EQUIVALENT,"The original asks for the method/mechanism of the tool’s malicious operations, while the paraphrase asks for the specific malicious actions performed, changing the relation."
What method is used to effectively counteract the NOKKI threat?,What crucial tactic is employed to counter the threat posed by NOKKI?,True,False,False,False,True,True,True,True,EQUIVALENT,Both ask for the same method/tactic used to counter the NOKKI threat.
What asset is being targeted by the attack pattern utilizing PowerShell scripts associated with DEADEYE?,Which asset is the target of the attack pattern that employs PowerShell scripts used by the DEADEYE?,False,False,False,False,True,False,True,True,EQUIVALENT,Both questions ask for the same asset targeted by the DEADEYE‑related PowerShell script attack pattern.
What asset is most susceptible to the Penquin's signature PowerShell script-based attack pattern?,"What asset is most vulnerable to the attack pattern that utilizes PowerShell scripts, which is characteristic of the Penquin?",False,False,False,False,False,False,False,True,EQUIVALENT,Both ask for the asset most vulnerable to Penquin's PowerShell script attack pattern.assistantfinalVerdict: EQUIVALENT
What tool does the INSOMNIA attack pattern leverage for its execution?,What is the attack pattern that the INSOMNIA utilizes through its associated tool?,False,False,False,False,False,False,False,False,NOT_EQUIVALENT,"The paraphrase asks for a tool, while the original asks for the attack pattern.assistantfinalVerdict: NOT_EQUIVALENT"
What malware spread mechanism is intrinsic to the ZergHelper tool?,Which attack pattern is inherent in the tool that the ZergHelper uses to spread?,True,False,False,True,True,False,False,False,NOT_EQUIVALENT,changed entity from the tool used by ZergHelper to ZergHelper itself.assistantfinalVerdict: NOT_EQUIVALENT
What is the primary target of the LockerGoga attack pattern that incorporates PowerShell scripts as a crucial element?,"What asset is the primary target of the attack pattern that employs PowerShell scripts, a key component of the LockerGoga ?",False,False,False,False,True,False,False,False,EQUIVALENT,Both ask for the same primary target asset of the LockerGoga attack pattern using PowerShell scripts.assistantfinalVerdict: EQUIVALENT
What countermeasure does one employ to mitigate the menace presented by Gelsemium?,What crucial tactic is employed to counter the threat posed by Gelsemium?,False,True,True,True,True,False,False,True,EQUIVALENT,Both ask for the same essential method to counteract the threat posed by Gelsemium.
What course of action that involves Windows Registers specifically targets an attack pattern related to SHUTTERSPEED?,"What attack pattern is mitigated by the course of action that operates on Windows Registers, and is specifically related to SHUTTERSPEED?",False,False,False,False,False,False,False,False,NOT_EQUIVALENT,"The original asks for the attack pattern, while the paraphrase asks for the course of action.assistantfinalVerdict: NOT_EQUIVALENT"
What attack pattern is utilized by the BlackMould tool?,Which attack pattern does the BlackMould's tool rely on?,True,False,True,True,True,False,True,False,EQUIVALENT,Both ask for the same attack pattern used by the BlackMould tool.
What asset is being targeted by the attack pattern that utilizes PowerShell scripts associated with the TianySpy?,Which asset is the target of the attack pattern that employs PowerShell scripts used by the TianySpy?,False,False,False,False,True,False,True,False,EQUIVALENT,Both questions ask for the same asset targeted by the same PowerShell‑script‑based attack pattern linked to TianySpy.
What method is most effective in mitigating the effects of Exaramel for Windows on a system?,Which key approach helps to neutralize the impact of Exaramel for Windows on a system?,False,False,True,False,True,True,True,True,EQUIVALENT,Both ask for the primary method to counteract the impact of Exaramel for Windows on a system.
Can a focus on Communication Authenticity be regarded as an effective approach to countering worm attacks?,Can Communication Authenticity be considered a successful strategy for combating worm?,True,True,True,True,True,True,True,True,EQUIVALENT,paraphrase retains same entities and asks same question about effectiveness.assistantfinalVerdict: EQUIVALENT
What measures should be taken to prevent the malicious software BADFLICK from being installed on a system?,What crucial step can be taken to prevent the installation of BADFLICK on a system?,False,False,True,False,True,True,True,False,EQUIVALENT,Both ask for actions to stop BADFLICK installation.assistantfinalVerdict: EQUIVALENT
What are the key tactics and implications associated with the malware attack patterns utilized by the group behind the FIN7 campaigns targeting American entities?,"Which attack pattern is employed by the malware used in American campaigns attributed to FIN7, and what are its implications?",False,False,False,False,False,False,False,False,NOT_EQUIVALENT,"The paraphrase broadens the question from a specific attack pattern to multiple tactics, altering scope.assistantfinalVerdict: NOT_EQUIVALENT"
What measures should be taken to stop the proliferation of the Ferocious?,What strategy should be implemented to prevent the spread of Ferocious?,False,False,True,False,False,False,True,False,EQUIVALENT,same entity and relationship (prevent spread).assistantfinalVerdict: EQUIVALENT
"What is the principal asset being targeted by the attack pattern that utilizes PowerShell scripts, a critical component of yty?","What asset is the primary target of the attack pattern that employs PowerShell scripts, a key component of the yty?",False,False,False,False,True,False,True,False,EQUIVALENT,"same meaning, only wording changed.assistantfinalVerdict: EQUIVALENT"
What malicious activities does the Samurai tool execute?,How does the Samurai tool carry out its malicious operations?,True,False,False,True,True,False,True,False,NOT_EQUIVALENT,"The original asks for the method of execution, while the paraphrase asks for the specific malicious activities performed."
What SHOTPUT-related threats can a defense strategy most effectively counteract?,What defensive strategy is most effective in mitigating the risks associated with SHOTPUT?,True,True,True,False,False,False,True,False,NOT_EQUIVALENT,"The original asks for the most effective defensive strategy, while the paraphrase asks for the threats it can counter, changing the focus from strategy to threat."
What countermeasures are available to thwart and minimize the tactics employed by FIN13?,What options are available to prevent and mitigate the methods used by FIN13?,True,True,True,True,True,True,True,False,EQUIVALENT,The paraphrase uses synonymous terms but asks for the same countermeasures against FIN13's methods.
What cybersecurity components play a crucial role in countering and minimizing the risks associated with Prestige attacks?,What key component of cybersecurity helps to prevent and mitigate the attacks of Prestige?,False,True,True,True,False,False,False,False,NOT_EQUIVALENT,"The paraphrase changes singular ""key component"" to plural ""components"", altering the scope.assistantfinalVerdict: NOT_EQUIVALENT"
What course of action involving Windows Registers can potentially prevent an attack pattern associated with the Sunburst incident?,"What type of attack pattern can be prevented by the course of action that involves operating on Windows Registers, specifically in relation to Sunburst?",False,False,False,False,False,False,False,False,NOT_EQUIVALENT,"The original asks for the attack pattern type prevented, while the paraphrase asks for the course of action itself."
What kind of attack method does the HotCroissant tool employ to infiltrate and compromise systems?,What type of attack pattern is used by the HotCroissant's tool to compromise systems?,True,False,True,True,False,False,True,False,EQUIVALENT,Both ask for the same classification of attack used by the HotCroissant tool to compromise systems.
How does taking action on Windows Registers contribute to preventing the spread of Remexi and its linked attack pattern?,In what way can the course of action that involves operating on Windows Registers help to prevent the spread of Remexi and its associated attack pattern?,False,False,False,False,False,False,False,False,EQUIVALENT,"Both ask how operating on Windows Registers helps prevent the spread of Remexi and its attack pattern, with identical entities and relationship."
What countermeasure is primarily used to mitigate the malicious impact of Backdoor.Oldrea?,What crucial tactic is employed to counter the threat posed by Backdoor.Oldrea?,True,True,True,True,True,False,True,True,EQUIVALENT,Both ask for the primary tactic used to counter Backdoor.Oldrea.assistantfinalVerdict: EQUIVALENT
What systems are typically compromised by PJApps through its primary attack pattern?,What is the primary attack pattern used by PJApps to compromise systems?,False,False,False,False,False,False,False,False,NOT_EQUIVALENT,The paraphrase changes the focus from the attack pattern to the compromised systems.assistantfinalVerdict: NOT_EQUIVALENT
What course of action related to operating on Windows Registers is known to prevent the Hydraq attack pattern?,"What type of attack pattern can be prevented by the course of action that involves operating on Windows Registers, specifically in relation to Hydraq?",False,False,False,False,False,False,False,False,NOT_EQUIVALENT,The paraphrase changes the question focus from asking which attack pattern is prevented to asking which course of action prevents the attack pattern.assistantfinalVerdict: NOT_EQUIVALENT
What types of devices or systems are commonly linked to spyware tactics?,What are the primary platforms associated with spyware techniques?,False,True,False,False,False,True,False,False,EQUIVALENT,"paraphrase preserves meaning, just rewords.assistantfinalVerdict: EQUIVALENT"
What impact does the presence of a modular backdoor have on the overall strategic objectives of a Strider campaign?,What are the implications of a modular backdoor's actions on the overall strategy of a Strider campaign,True,False,True,False,False,False,False,False,EQUIVALENT,Both questions ask how a modular backdoor influences the overall strategy/objectives of a Strider campaign.
What security precautions should be taken to counteract the potential threats from Moafee?,What are the essential security measures to take against the threats posed by Moafee?,False,False,True,False,False,False,True,False,EQUIVALENT,...assistantfinalVerdict: EQUIVALENT
Does the Deploy Compromised Device Detection Method offer a dependable means of eliminating a worm?,Is Deploy Compromised Device Detection Method a reliable solution for eliminating worm?,True,True,True,True,True,True,True,True,EQUIVALENT,Both ask whether the Deploy Compromised Device Detection Method is a reliable/dependable solution for eliminating a worm.
"What type of asset is most commonly targeted by the cyber threat associated with the Regin malware, particularly in attacks that utilize PowerShell scripts?","What asset is frequently compromised by the attack pattern that involves PowerShell scripts, a hallmark of the Regin?",False,True,False,False,False,False,False,False,EQUIVALENT,Both ask for the same asset type compromised by Regin's PowerShell-based attack pattern.assistantfinalVerdict: EQUIVALENT
What methods can be employed to detect and neutralize the malicious actions taken by malware utilized by the perpetrators of Operation Dust Storm?,What approaches can be used to identify and mitigate the malicious behaviors of the malware exploited by the group behind Operation Dust Storm?,True,False,False,True,True,True,True,True,EQUIVALENT,"paraphrase preserves entities and relationship, just rewords.assistantfinalVerdict: EQUIVALENT"
What asset tends to be targeted by the Escobar's use of PowerShell scripts as part of its attack pattern?,"What asset is typically compromised by the attack pattern involving PowerShell scripts, which is used by the Escobar?",False,False,False,False,True,True,True,False,EQUIVALENT,Both ask for the same asset compromised by the Escobar's PowerShell script attack pattern.assistantfinalVerdict: EQUIVALENT
What measures have been implemented on Windows Registers to stop the proliferation of ANDROIDOS_ANSERVER.A?,What course of action on Windows Registers is designed to prevent the spread of ANDROIDOS_ANSERVER.A?,False,False,False,False,False,False,False,False,NOT_EQUIVALENT,"The paraphrase changes the specific malware name from ANDROIDOS_ANSERVER.A to ANDROIDOS.A, altering the entity being asked about."
What action is taken on Windows Registers to stop the propagation of BlackEnergy?,What course of action on Windows Registers is designed to prevent the spread of BlackEnergy?,False,False,False,False,False,False,False,False,EQUIVALENT,"same meaning, just reworded.assistantfinalVerdict: EQUIVALENT"
What type of malicious attack can be prevented by a course of action that targets Windows Registers and has a connection to Yahoyah?,"What type of malicious attack can be thwarted by the course of action that involves operating on Windows Registers, and is related to Yahoyah?",False,False,False,False,False,False,False,False,EQUIVALENT,"paraphrase preserves meaning, entities (malicious attack, Windows Registers, Yahoyah) unchanged, only wording changed.assistantfinalVerdict: EQUIVALENT"
What method of attack does the Linux Rabbit's tool employ to compromise systems?,What type of attack pattern is used by the Linux Rabbit's tool to compromise systems?,True,False,True,True,True,True,True,True,EQUIVALENT,Both ask for the same attack type used by the Linux Rabbit's tool to compromise systems.
What countermeasures should be taken to prevent the propagation of PUNCHBUGGY?,What strategy should be implemented to prevent the spread of PUNCHBUGGY?,False,False,False,False,False,False,True,False,EQUIVALENT,Both ask for the same preventive actions against the spread/propagation of PUNCHBUGGY.
What asset is typically targeted by an attack pattern that utilizes PowerShell scripts in conjunction with Hornbill?,Which asset is the target of the attack pattern that employs PowerShell scripts used by the Hornbill?,False,False,False,False,True,True,True,True,EQUIVALENT,Both ask for the same asset targeted by the Hornbill-related PowerShell script attack pattern.assistantfinalVerdict: EQUIVALENT
What countermeasure is Saint Bot's threat most effectively countered by?,What crucial tactic is employed to counter the threat posed by Saint Bot?,False,True,True,True,True,True,True,True,EQUIVALENT,Both ask for the same tactic used to counter Saint Bot's threat.assistantfinalVerdict: EQUIVALENT
"What course of action, which targets Windows Registers in relation to Bazar, is most effective in countering a specific attack pattern?",What attack pattern is effectively countered by the course of action that targets Windows Registers in relation to Bazar?,False,False,False,False,False,False,False,False,NOT_EQUIVALENT,"The original asks for the attack pattern countered, while the paraphrase asks for the course of action itself, changing the queried entity."
What malicious techniques does MacSpy employ to execute its illicit operations?,What kind of attack pattern does the MacSpy use to carry out its malicious activities?,False,False,False,False,False,False,False,False,EQUIVALENT,Both ask for the type of malicious method/attack pattern used by MacSpy.
What malicious activities does the Denis tool conduct via its adopted attack pattern?,What attack pattern does the Denis tool use to carry out its malicious activities?,False,False,False,True,True,True,True,False,NOT_EQUIVALENT,The paraphrase asks for the malicious activities rather than the attack pattern used.assistantfinalVerdict: NOT_EQUIVALENT
What attack pattern is characteristic of the tool linked to Adups?,What is the attack pattern utilized by the tool associated with the Adups?,True,True,True,True,True,True,True,False,EQUIVALENT,"Both ask for the same attack pattern used by the tool linked to Adups, preserving entities and relationship."
What attack pattern does IceApple typically utilize?,What type of attack pattern does the IceApple employ?,False,False,False,False,False,False,False,False,EQUIVALENT,Both ask for the attack pattern used by IceApple.assistantfinalVerdict: EQUIVALENT
How does the behavior of a modular backdoor contribute to the overall success of a DarkVishnya operation?,What is the impact of a modular backdoor's behavior on the overall success of a DarkVishnya campaign?,False,False,False,False,False,False,False,False,EQUIVALENT,Both ask how the modular backdoor's behavior affects the overall success of the DarkVishnya campaign.
What method is most effective in mitigating the effects of Clambling on a system?,Which key approach helps to neutralize the impact of Clambling on a system?,False,False,False,False,True,False,True,True,EQUIVALENT,"same entities (Clambling, system) and same relationship (approach to neutralize/mitigate impact).assistantfinalVerdict: EQUIVALENT"
What attack pattern is typically associated with malware tools such as Bankshot?,What kind of attack pattern is characteristic of malware tools like Bankshot?,False,True,False,True,False,True,True,True,EQUIVALENT,Both ask for the same attack pattern characteristic of the malware tool Bankshot.
How can preventing the execution of malicious activities related to Windows Registers hinder the propagation of the Janicab attack pattern?,In what way can the course of action that involves operating on Windows Registers help to prevent the spread of Janicab and its associated attack pattern?,False,False,False,False,False,False,False,False,NOT_EQUIVALENT,"The paraphrase changes the action from operating on registers to preventing malicious activity, altering the relationship.assistantfinalVerdict: NOT_EQUIVALENT"
"What is the central asset in the attack pattern characterized by the use of PowerShell scripts, a hallmark of TINYTYPHON?","What asset is at the center of the attack pattern that utilizes PowerShell scripts, a distinguishing feature of the TINYTYPHON?",False,False,False,False,True,False,False,False,EQUIVALENT,"The paraphrase preserves the same entities and relationship, only rewords.assistantfinalVerdict: EQUIVALENT"
What is the typical attack pattern employed by SharkBot?,Which attack pattern does SharkBot usually utilize?,False,False,False,False,False,False,False,False,EQUIVALENT,"Both ask for the usual attack pattern used by SharkBot, preserving the same entities and relationship."
What level of protection does SIP and Trust Provider Hijacking Mitigation offer against worm-related attacks?,How well does SIP and Trust Provider Hijacking Mitigation protect against worm attacks?,True,True,True,True,True,True,True,True,EQUIVALENT,Both ask about the protection effectiveness of SIP and Trust Provider Hijacking Mitigation against worm attacks.
What methods can be used to counteract the effects of APT16's tactics?,What strategies can be employed to mitigate the impact of APT16's methods?,False,False,True,False,True,False,True,False,EQUIVALENT,Both ask for ways to mitigate/counteract APT16's techniques.assistantfinalVerdict: EQUIVALENT
What action is taken on Windows Registers to halt the dissemination of Mivast?,What course of action on Windows Registers is designed to prevent the spread of Mivast?,False,False,False,False,False,False,False,False,EQUIVALENT,"same entities (Windows Registers, Mivast) and same relationship (action to prevent spread).assistantfinalVerdict: EQUIVALENT"
What tool associated with KeyRaider is used for its attack pattern?,What is the attack pattern that the KeyRaider utilizes through its associated tool?,True,False,False,False,False,False,False,False,NOT_EQUIVALENT,The paraphrase asks for a tool instead of the attack pattern.assistantfinalVerdict: NOT_EQUIVALENT
"What PowerShell scripts are commonly associated with, and what asset is at the center of the attack pattern that utilizes the AutoIt backdoor?","What asset is at the center of the attack pattern that utilizes PowerShell scripts, a distinguishing feature of the AutoIt backdoor?",False,False,False,False,False,False,False,False,NOT_EQUIVALENT,"paraphrase adds an extra question and changes focus, not preserving same meaning.assistantfinalVerdict: NOT_EQUIVALENT"
What measures should be put in place to prevent the proliferation of PyDCrypt?,What strategy should be implemented to prevent the spread of PyDCrypt?,False,True,True,True,True,False,True,False,EQUIVALENT,Both ask for the same kind of preventive approach regarding the spread/proliferation of PyDCrypt.
What specific countermeasure implemented on Windows Registers aims at halting the dissemination of OnionDuke?,What course of action on Windows Registers is designed to prevent the spread of OnionDuke?,False,False,False,False,False,False,False,False,EQUIVALENT,The paraphrase asks the same thing with different wording.assistantfinalVerdict: EQUIVALENT
"What type of asset is most susceptible to exploitation through the XcodeGhost attack pattern, which typically involves PowerShell scripts?","What asset is most vulnerable to the attack pattern that utilizes PowerShell scripts, which is characteristic of the XcodeGhost?",False,True,False,False,True,False,True,False,EQUIVALENT,"paraphrase preserves meaning, same entities and relationship.assistantfinalVerdict: EQUIVALENT"
Does the implementation of Active Directory Configuration serve as an effective tactic in countering the spread of worms?,Can Active Directory Configuration be considered a successful strategy for combating worm?,True,True,True,True,True,True,True,True,EQUIVALENT,"paraphrase preserves entities and relationship, only rewords.assistantfinalVerdict: EQUIVALENT"
What measures can be implemented to mitigate the impact of Reaver on a computer network?,What countermeasure can be taken to minimize the effects of Reaver on a computer network?,False,True,True,True,False,True,True,True,EQUIVALENT,Both ask for ways to reduce or mitigate Reaver’s impact on a computer network.
What type of attack pattern is employed by Bisonal?,What type of attack pattern does the Bisonal employ?,False,False,False,False,False,False,False,False,EQUIVALENT,"..."" concise.assistantfinalVerdict: EQUIVALENT"
On which types of systems do worms most commonly establish an infection?,What are the primary platforms that worms usually infect?,False,True,True,True,True,True,True,True,EQUIVALENT,"Both ask which platforms/systems are most commonly infected by worms, preserving the same entities and relationship."
What course of action targets Windows Registers and is intended to mitigate the attack pattern associated with the presence of MURKYTOP?,"What attack pattern is mitigated by the course of action that targets Windows Registers, and is associated with the presence of MURKYTOP?",False,False,False,False,False,False,False,False,NOT_EQUIVALENT,"The original asks for an attack pattern, the paraphrase asks for a course of action.assistantfinalVerdict: NOT_EQUIVALENT"
Which asset is most vulnerable to exploitation by the attack pattern that involves the use of PowerShell scripts within the context of KGH_SPY?,What asset is primarily affected by the attack pattern that utilizes PowerShell scripts as part of the KGH_SPY?,False,False,False,False,True,True,False,False,EQUIVALENT,Both questions ask for the same asset most impacted by the PowerShell‑script attack pattern in KGH_SPY.
What primary attack pattern is typically linked to the tool utilized by StrongPity?,What is the primary attack pattern associated with the tool employed by the StrongPity?,True,True,True,True,True,True,True,False,EQUIVALENT,"Both ask for the main attack pattern linked to the tool used by StrongPity, with only superficial wording changes."
Which asset is most vulnerable to the malicious activity involving PowerShell scripts as part of the Starloader?,What asset is primarily affected by the attack pattern that utilizes PowerShell scripts as part of the Starloader?,False,True,False,False,True,False,False,False,EQUIVALENT,Both ask which asset is the main target of the PowerShell-based Starloader attack.assistantfinalVerdict: EQUIVALENT
What kind of attack pattern does CoinTicker typically employ?,Which attack pattern does CoinTicker usually utilize?,False,False,False,False,False,False,False,False,EQUIVALENT,same meaning.assistantfinalVerdict: EQUIVALENT
What strategy for countering threats is most effective in reducing the risks associated with More_eggs?,What defensive strategy is most effective in mitigating the risks associated with More_eggs?,True,False,True,True,True,True,True,True,EQUIVALENT,Both ask for the most effective defensive/counter‑threat strategy to mitigate/reduce risks linked to More_eggs.
What course of action effectively counters the HALFBAKED attack pattern by targeting Windows Registers?,What attack pattern is effectively countered by the course of action that targets Windows Registers in relation to HALFBAKED?,False,False,False,False,False,False,False,False,NOT_EQUIVALENT,"The original asks for the attack pattern countered by a specific COA, while the paraphrase asks for the COA that counters a given attack pattern."
What action on Windows Registers can be taken to counteract the MechaFlounder attack pattern?,How can the course of action that involves operating on Windows Registers help to prevent the attack pattern associated with MechaFlounder?,False,False,False,False,False,False,False,False,NOT_EQUIVALENT,"The paraphrase changes the question from asking how operating on Windows Registers prevents MechaFlounder to asking which Windows Register action should be taken, altering the focus and required answer."
What Windows Register targeting course of action is associated with the presence of SUGARDUMP and aims to counteract a specific attack pattern?,"What attack pattern is mitigated by the course of action that targets Windows Registers, and is associated with the presence of SUGARDUMP?",False,False,False,False,False,False,False,False,NOT_EQUIVALENT,"The original asks for the attack pattern, while the paraphrase asks for the course of action.assistantfinalVerdict: NOT_EQUIVALENT"
What malicious activities does the SDBbot tool execute through its operations?,How does the SDBbot tool carry out its malicious operations?,True,False,True,False,True,False,True,False,NOT_EQUIVALENT,changes from asking about method to asking about specific activities.assistantfinalVerdict: NOT_EQUIVALENT
What measure should be implemented to avert the installation of macOS.OSAMiner on a system?,What crucial step can be taken to prevent the installation of macOS.OSAMiner on a system?,False,False,False,False,False,False,True,True,EQUIVALENT,Both ask for the same preventive action to stop macOS.OSAMiner from being installed.
What is the central attack pattern that a course of action centered around altering Windows Registers is primarily intended to counteract in the context of SLOWDRIFT?,Which attack pattern is the primary target of the course of action that involves modifying Windows Registers in the context of SLOWDRIFT?,False,False,False,False,False,False,False,False,EQUIVALENT,"paraphrase preserves meaning, entities, relationship.assistantfinalVerdict: EQUIVALENT"
"What malware, identified as C0015, is associated with which tools?",Which tools have been associated with the Bot malware employed in the C0015?,False,False,False,False,False,False,False,False,NOT_EQUIVALENT,"The paraphrase adds a request to identify the malware itself, not just the tools associated, changing the scope of the question."
"What type of asset is typically targeted by the Bumblebee for compromise, frequently utilizing PowerShell scripts as part of its attack methodology?","What type of asset is the Bumblebee typically designed to compromise, often employing PowerShell scripts in its attack?",False,False,True,False,True,False,True,False,EQUIVALENT,"paraphrase preserves meaning, same entities (Bumblebee, asset type) and relationship (targeted/compromise) with PowerShell scripts.assistantfinalVerdict: EQUIVALENT"
What types of malware attacks is Exaramel usually associated with?,What type of attack does Exaramel typically employ to infect systems?,False,False,False,False,False,False,False,False,NOT_EQUIVALENT,The paraphrase broadens scope and changes focus from infection method to any associated malware attacks.assistantfinalVerdict: NOT_EQUIVALENT
What level of protection does Data from Information Repositories Mitigation offer against worm-based cyber threats?,How well does Data from Information Repositories Mitigation protect against worm attacks?,True,True,True,False,True,True,True,True,EQUIVALENT,Both ask for the same assessment of how effectively the Data from Information Repositories Mitigation protects against worm attacks.
What pattern of attack is typically associated with the tool employed by DarkGate?,What attack pattern is characteristic of the tool used by the DarkGate?,True,True,True,True,True,True,True,False,EQUIVALENT,"Both ask for the same attack pattern characteristic of the tool used by DarkGate, only reworded."
What tool is associated with the characteristic attack pattern of MacMa?,What attack pattern is characteristic of the tool used by the MacMa?,True,False,False,False,False,False,True,False,NOT_EQUIVALENT,"The original asks for the attack pattern of a tool used by MacMa, while the paraphrase asks for the tool associated with MacMa's attack pattern, reversing the queried relationship."
"What asset is most susceptible to the EvilBunny attack pattern, which is often associated with PowerShell scripts?","What asset is most vulnerable to the attack pattern that utilizes PowerShell scripts, which is characteristic of the EvilBunny?",False,False,False,False,False,False,False,False,EQUIVALENT,Both ask for the same asset most vulnerable to the EvilBunny PowerShell-based attack pattern.assistantfinalVerdict: EQUIVALENT
What attack pattern is Waterbear's tool primarily based on?,Which attack pattern does the Waterbear's tool rely on?,True,True,True,True,True,True,True,False,EQUIVALENT,Both ask for the same specific attack pattern that the Waterbear's tool uses.
Can the AppCert DLLs Mitigation successfully counteract the worm threat?,Does AppCert DLLs Mitigation effectively neutralize the worm threat?,True,True,True,True,True,True,True,True,EQUIVALENT,Both ask whether the AppCert DLLs Mitigation effectively neutralizes/counteracts the worm threat.
What attack pattern is characteristic of the malware known as ViperRAT?,What type of attack pattern is employed by the tool that ViperRAT utilizes?,False,False,False,False,False,False,False,False,NOT_EQUIVALENT,The paraphrase shifts focus from the tool used by ViperRAT to ViperRAT itself.assistantfinalVerdict: NOT_EQUIVALENT
What types of attack patterns are typically employed by HALFBAKED to spread and infect computer systems?,What kind of attack pattern is commonly used by HALFBAKED to spread and infect systems?,False,False,False,False,False,False,False,False,EQUIVALENT,"Both ask for the attack pattern(s) HALFBAKED uses to spread and infect (computer) systems, with only minor wording changes."
What is the primary asset targeted by the attack pattern that utilizes PowerShell scripts as a core component of the Crimson?,"What asset is the primary target of the attack pattern that employs PowerShell scripts, a key component of the Crimson?",False,False,False,False,True,False,True,False,EQUIVALENT,Both questions ask for the same primary asset targeted by the same PowerShell‑based attack pattern within the Crimson.
What course of action related to GPlayed operates on Windows Registers to mitigate a particular attack pattern?,"What attack pattern is mitigated by the course of action that operates on Windows Registers, and is specifically related to GPlayed?",False,False,False,False,False,False,False,False,NOT_EQUIVALENT,"The original asks for the attack pattern, while the paraphrase asks for the course of action, changing the queried entity."
What defensive measures can be employed to counteract the potential threats posed by Mongall?,What defensive strategy is most effective in mitigating the risks associated with Mongall?,False,False,True,True,True,True,True,True,NOT_EQUIVALENT,"The paraphrase omits the request for the most effective strategy, changing the scope of the answer."
What malicious activities are carried out by the ShiftyBug through its characteristic attack pattern?,What kind of attack pattern does the ShiftyBug use to carry out its malicious activities?,False,False,False,False,False,False,False,False,NOT_EQUIVALENT,The paraphrase asks for the activities rather than the attack pattern.assistantfinalVerdict: NOT_EQUIVALENT
What attack pattern is characteristic of the DoubleAgent?,What type of attack pattern does the DoubleAgent employ?,False,False,False,False,False,False,False,False,EQUIVALENT,"Both ask for the same attack pattern used by DoubleAgent, just rephrased."
What kind of attack pattern does the Attor tool utilize to infiltrate and compromise systems?,What type of attack pattern is used by the Attor's tool to compromise systems?,False,False,False,True,True,False,True,False,EQUIVALENT,Both ask for the same attack pattern employed by the Attor tool to compromise systems.
What attack pattern is typically employed by the Android/Chuli.A malware to breach system security?,What type of attack pattern is used by the Android/Chuli.A's tool to compromise systems?,False,False,False,False,False,False,False,False,EQUIVALENT,paraphrase retains same entity (Android/Chuli.A) and asks for the same attack pattern used to compromise systems.assistantfinalVerdict: EQUIVALENT
What steps can be taken to mitigate the impact of AuditCred on a computer network?,What countermeasure can be taken to minimize the effects of AuditCred on a computer network?,False,True,True,True,False,True,True,False,EQUIVALENT,"Both ask for actions to reduce AuditCred's impact on a computer network, using synonymous wording."
What type of malicious attack vector is typically employed by KONNI to disseminate and compromise computer systems?,What kind of attack pattern is commonly used by KONNI to spread and infect systems?,False,False,False,False,False,False,False,False,EQUIVALENT,"The paraphrase asks for the same kind of attack used by KONNI to spread/infect systems, just with different wording."
What impact do the behaviors of a modular backdoor have on the advancement of a SilverTerrier campaign?,How do the behaviors of a modular backdoor influence the progression of a SilverTerrier campaign?,False,False,True,False,False,False,True,False,EQUIVALENT,"Both ask how the modular backdoor's behaviors affect the progress of a SilverTerrier campaign, using synonymous wording."
What measures should be implemented to prevent the SLOWDRIFT malware from being installed on a system?,What crucial step can be taken to prevent the installation of SLOWDRIFT on a system?,False,False,False,False,False,False,True,False,EQUIVALENT,Both ask for actions to stop SLOWDRIFT being installed.assistantfinalVerdict: EQUIVALENT
"What type of asset is typically targeted by attackers employing the Duqu malware, which is often linked to PowerShell script exploitation?","What asset is frequently compromised by the attack pattern that involves PowerShell scripts, a hallmark of the Duqu?",False,False,False,False,False,False,False,False,EQUIVALENT,Both ask for the same asset compromised by Duqu's PowerShell-based attack pattern.assistantfinalVerdict: EQUIVALENT
What is the predominant attack vector linked to the tool utilized by Cadelspy?,What is the primary attack pattern associated with the tool employed by the Cadelspy?,True,True,True,True,True,True,True,False,EQUIVALENT,The paraphrase uses synonymous terms without altering the entity or relationship queried.
"What type of asset is commonly targeted by the SNUGRIDE, frequently leveraging PowerShell scripts as part of its attack strategy?","What type of asset is the SNUGRIDE typically designed to compromise, often employing PowerShell scripts in its attack?",False,False,False,False,True,False,False,False,EQUIVALENT,"Both questions ask for the same asset type that SNUGRIDE aims to compromise, mentioning its use of PowerShell scripts."
What HOPLIGHT tool is primarily associated with a specific attack pattern?,What is the primary attack pattern associated with the tool employed by the HOPLIGHT?,True,False,False,False,True,False,True,False,NOT_EQUIVALENT,"The original asks for the primary attack pattern of a known HOPLIGHT tool, while the paraphrase asks to identify the HOPLIGHT tool associated with an attack pattern, reversing the query."
What malicious functions does the Starloader execute through its attack pattern?,What attack pattern does the Starloader use to execute its malicious functions?,False,False,False,False,False,False,False,False,NOT_EQUIVALENT,The paraphrase asks for malicious functions instead of the attack pattern.assistantfinalVerdict: NOT_EQUIVALENT
What kind of asset is typically targeted by the Bad Rabbit attack pattern that often incorporates PowerShell scripts as a key component?,What asset is usually targeted by the attack pattern that utilizes PowerShell scripts as a tool of the Bad Rabbit?,False,False,False,False,True,False,True,False,EQUIVALENT,Both ask for the same asset type targeted by the Bad Rabbit attack pattern that uses PowerShell scripts.
What steps can be taken to mitigate the impact of Cobian RAT on a computer network?,What countermeasure can be taken to minimize the effects of Cobian RAT on a computer network?,False,True,True,True,False,True,True,False,EQUIVALENT,"Both ask for actions to reduce Cobian RAT’s impact on a computer network, using synonymous wording."
What countermeasures should be implemented to prevent successful ViperRAT exploitation?,What proactive measure can be taken to protect against ViperRAT attacks?,False,True,False,True,True,False,True,False,EQUIVALENT,Both ask for preventive actions against ViperRAT.assistantfinalVerdict: EQUIVALENT
What is the primary target of the attack pattern that utilizes PowerShell scripts as a critical element of the NetTraveler?,"What asset is the primary target of the attack pattern that employs PowerShell scripts, a key component of the NetTraveler?",False,False,False,False,True,False,False,False,EQUIVALENT,Both ask for the same primary target of the same attack pattern using PowerShell scripts in NetTraveler.assistantfinalVerdict: EQUIVALENT
What attack pattern is employed by the Taidoor?,What type of attack pattern does the Taidoor employ?,False,False,False,False,False,False,False,False,EQUIVALENT,"Both questions ask for the same attack pattern used by the Taidoor, just rephrased."
What measures on the Windows Registry are intended to contain the proliferation of Trojan.Mebromi?,What course of action on Windows Registers is designed to prevent the spread of Trojan.Mebromi?,False,False,False,False,False,False,False,False,EQUIVALENT,Both ask for the same preventive actions on the Windows Registry to stop Trojan.Mebromi spreading.
Can Runtime Data Manipulation Mitigation effectively be used as a countermeasure against worm attacks?,Is Runtime Data Manipulation Mitigation a suitable countermeasure against worm?,True,True,True,True,True,True,True,True,EQUIVALENT,Both ask whether Runtime Data Manipulation Mitigation is an appropriate countermeasure for worm attacks.
What asset is primarily impacted by the use of PowerShell scripts as part of the Dendroid attack pattern?,What asset is primarily affected by the attack pattern that utilizes PowerShell scripts as part of the Dendroid?,False,False,False,False,False,False,False,True,EQUIVALENT,Both ask for the same primary asset impacted by the Dendroid attack pattern that uses PowerShell scripts.
"What asset is most susceptible to the attack pattern typically associated with PowerShell scripts, a hallmark of the ZxShell?","What asset is most vulnerable to the attack pattern that utilizes PowerShell scripts, which is characteristic of the ZxShell?",False,False,False,False,True,False,False,False,EQUIVALENT,Both ask for the same asset most vulnerable to the PowerShell‑script attack pattern characteristic of ZxShell.
What kind of malicious attack can be prevented by taking a course of action that targets Windows Registers and is associated with the Marcher?,"What type of malicious attack can be thwarted by the course of action that involves operating on Windows Registers, and is related to Marcher?",False,False,False,False,False,False,False,False,EQUIVALENT,"paraphrase preserves meaning, entities, relationship.assistantfinalVerdict: EQUIVALENT"
"Which asset is being targeted by the attack pattern that utilizes PowerShell scripts, specifically associated with the Orz?",Which asset is the target of the attack pattern that employs PowerShell scripts used by the Orz?,False,False,False,False,True,False,True,True,EQUIVALENT,Both ask for the same asset targeted by the same PowerShell-based attack pattern linked to Orz.assistantfinalVerdict: EQUIVALENT
"What malware campaign tactics are typically associated with the Frankenstein group, and what attack patterns are commonly used in their American campaigns?","What attack pattern is commonly linked to the malware used in American campaigns attributed to the Frankenstein group, and how does",False,False,False,False,False,False,False,False,NOT_EQUIVALENT,paraphrase changes the asked entity from a specific attack pattern to broader campaign tactics and alters the question structure.assistantfinalVerdict: NOT_EQUIVALENT
What tactic is primarily used to counteract the threat posed by P8RAT?,What crucial tactic is employed to counter the threat posed by P8RAT?,False,True,True,False,True,True,True,True,EQUIVALENT,"Both ask for the same tactic used to counter the threat from P8RAT, only wording differs."
What steps can organizations take to safeguard against Industroyer2 attacks in a proactive manner?,What proactive measure can be taken to protect against Industroyer2 attacks?,True,True,True,True,True,True,True,True,EQUIVALENT,"Both ask for proactive actions to protect against Industroyer2 attacks, only rephrasing the wording."
What malicious activities does AndroidOS/MalLocker.B conduct through its typical attack pattern?,What kind of attack pattern does the AndroidOS/MalLocker.B use to carry out its malicious activities?,False,False,False,False,False,False,False,False,NOT_EQUIVALENT,"The original asks for the type of attack pattern used, while the paraphrase asks for the malicious activities performed, changing the queried relationship."
What measures does Service Stop Mitigation implement to counteract worm-related issues?,How does Service Stop Mitigation address the issue of worm?,True,True,True,True,True,True,True,True,EQUIVALENT,"Both ask how Service Stop Mitigation deals with worm-related problems, using different wording but the same entities and relationship."
"What specific attack tactics are commonly employed by malware tools, particularly build_downer?","What is the typical attack pattern used by malware tools, specifically build_downer?",False,True,False,True,False,False,False,False,EQUIVALENT,"The paraphrase asks for the same typical attack pattern/tactics used by the same malware tool, build_downer, just with different wording."
What Linux Rabbit attack pattern exploits which asset most?,"What asset is most vulnerable to the attack pattern that utilizes PowerShell scripts, which is characteristic of the Linux Rabbit?",False,False,False,False,False,False,False,False,NOT_EQUIVALENT,"paraphrase omits the PowerShell script detail, broadening the attack pattern reference.assistantfinalVerdict: NOT_EQUIVALENT"
What attack method does the Trojan.Karagany malware primarily utilize?,Which attack pattern does the Trojan.Karagany's tool rely on?,False,False,False,False,False,False,False,False,EQUIVALENT,Both ask which attack technique the Trojan.Karagany uses.assistantfinalVerdict: EQUIVALENT
What is the primary target of the attack pattern that utilizes PowerShell scripts and is associated with Clambling?,"What asset is the main focus of the attack pattern that incorporates PowerShell scripts, used by the Clambling?",False,False,False,False,True,False,True,False,EQUIVALENT,Both ask for the same asset targeted by the same PowerShell-based attack pattern linked to Clambling.assistantfinalVerdict: EQUIVALENT
What impact do the characteristics of a modular backdoor have on the development of a HEXANE campaign?,How do the behaviors of a modular backdoor influence the progression of a HEXANE campaign?,False,False,True,False,False,False,False,False,EQUIVALENT,"same entities and relationship, just reworded.assistantfinalVerdict: EQUIVALENT"
What steps can be implemented proactively to safeguard against Remexi attacks?,What proactive measure can be taken to protect against Remexi attacks?,True,True,True,True,True,True,True,True,EQUIVALENT,Both ask for the same proactive actions to protect against Remexi attacks.
How does engaging with Windows Registers impact the containment of the Brave Prince threat and its affiliated malicious tactics?,In what way can the course of action that involves operating on Windows Registers help to prevent the spread of Brave Prince and its associated attack pattern?,False,False,False,False,False,False,False,False,EQUIVALENT,Both ask how using Windows Registers helps contain/prevent spread of Brave Prince and its related attack pattern.assistantfinalVerdict: EQUIVALENT
What tool is associated with the Shark's characteristic attack pattern?,What attack pattern is characteristic of the tool used by the Shark?,False,False,False,False,False,False,True,False,NOT_EQUIVALENT,"The paraphrase swaps the queried entity, asking for tool instead of attack pattern.assistantfinalVerdict: NOT_EQUIVALENT"
"What malware operation, designated as C0011, has been associated with which tools?",What tools have been linked to malware exploited by the group that was responsible for the operation C0011?,False,False,False,False,False,False,False,False,NOT_EQUIVALENT,"The paraphrase changes the relationship, asking about tools linked to the operation rather than tools linked to malware exploited by the responsible group.assistantfinalVerdict: NOT_EQUIVALENT"
"What type of malicious activity can be thwarted through a course of action centered on Windows Registers, particularly in relation to JHUHUGIT?","What type of attack pattern can be prevented by the course of action that involves operating on Windows Registers, specifically in relation to JHUHUGIT?",False,False,False,False,False,False,False,False,EQUIVALENT,"The paraphrase retains the same entities (Windows Registers, JHUHUGIT) and asks for the same kind of attack/malicious activity to be prevented."
What methods are commonly used by DDKONG to compromise system security?,What type of attack does DDKONG typically employ to infect systems?,False,False,False,False,False,False,False,False,EQUIVALENT,paraphrase asks same about DDKONG's attack methods.assistantfinalVerdict: EQUIVALENT
What measures can be taken by operating on Windows Registers to counteract the attack pattern attributed to LiteDuke?,How can the course of action that involves operating on Windows Registers help to prevent the attack pattern associated with LiteDuke?,False,False,False,False,False,False,False,False,EQUIVALENT,Both ask how using Windows Registers can mitigate LiteDuke attack pattern.assistantfinalVerdict: EQUIVALENT
What methods can be employed to identify the malicious actions carried out by the malware deployed by the perpetrators behind CostaRicto?,How can we detect the malicious activities of the malware used by the group responsible for CostaRicto?,True,False,False,False,True,True,True,True,EQUIVALENT,Both ask for ways to detect/identify the malicious actions of the malware used by the group behind CostaRicto.
What action would you take to stop the BitPaymer attack pattern by modifying Windows Registers?,How can the course of action that involves operating on Windows Registers help to prevent the attack pattern associated with BitPaymer?,False,False,False,False,False,False,False,False,EQUIVALENT,Both ask how modifying Windows Registry can prevent/stop the BitPaymer attack pattern.assistantfinalVerdict: EQUIVALENT
"What type of asset is often targeted by an attack pattern that is characterized by the use of PowerShell scripts, a defining feature of the WINDSHIELD?","What asset is frequently compromised by the attack pattern that involves PowerShell scripts, a hallmark of the WINDSHIELD?",False,False,False,False,True,False,False,False,EQUIVALENT,Both questions ask for the same asset compromised by the WINDSHIELD attack pattern that uses PowerShell scripts.
What type of attack pattern does the tool used by BRATA employ to facilitate its propagation?,Which attack pattern is inherent in the tool that the BRATA uses to spread?,True,False,True,True,True,True,True,True,EQUIVALENT,Both ask for the attack pattern of the same tool used by BRATA.assistantfinalVerdict: EQUIVALENT
What malicious operations are carried out by the WarzoneRAT tool?,How does the WarzoneRAT tool carry out its malicious operations?,True,False,False,False,True,False,True,False,NOT_EQUIVALENT,"The original asks how the tool performs its malicious actions, while the paraphrase asks which malicious actions it performs, changing the focus from method to content."
What actions related to Windows Registers can be taken to thwart the attack pattern linked to NanoCore?,How can the course of action that involves operating on Windows Registers help to prevent the attack pattern associated with NanoCore?,False,False,False,False,False,False,False,False,EQUIVALENT,Both ask which Windows Register actions can prevent NanoCore attack pattern.assistantfinalVerdict: EQUIVALENT
What course of action effectively counters the attack pattern by targeting Windows Registers in relation to FlixOnline?,What attack pattern is effectively countered by the course of action that targets Windows Registers in relation to FlixOnline?,False,False,False,False,False,False,False,False,NOT_EQUIVALENT,"The original asks for the attack pattern, the paraphrase asks for the course of action.assistantfinalVerdict: NOT_EQUIVALENT"
What cybersecurity component is primarily responsible for countering the threats of PowerPunch?,What key component of cybersecurity helps to prevent and mitigate the attacks of PowerPunch?,False,False,True,False,False,False,True,True,EQUIVALENT,Both ask for the same cybersecurity component that counters PowerPunch attacks.
What attack pattern is typically linked with the use of Lucifer tools?,What is the attack pattern associated with Lucifer tools?,True,False,True,True,True,True,True,False,EQUIVALENT,"Both ask for the same attack pattern linked to Lucifer tools, only wording differs."
What proactive steps can be taken to counteract potential Lucifer threats?,What proactive measure can be taken to protect against Lucifer attacks?,True,True,True,True,True,True,True,True,EQUIVALENT,"same entity and relationship, just reworded.assistantfinalVerdict: EQUIVALENT"
What malicious activities are executed by the HummingWhale tool?,How does the HummingWhale tool carry out its malicious operations?,True,False,False,True,True,False,True,False,NOT_EQUIVALENT,"The original asks for the method/mechanism of the tool's malicious operations, while the paraphrase asks for which malicious activities it performs, changing the focus."
What measure should be implemented to prevent the malicious software jRAT from being installed on a system?,What crucial step can be taken to prevent the installation of jRAT on a system?,False,False,True,False,False,False,True,True,EQUIVALENT,Both ask for the same preventive action to stop jRAT from being installed on a system.
What Windows Registry settings are implemented to thwart the spread of the Olympic Destroyer malware?,What course of action on Windows Registers is designed to prevent the spread of Olympic Destroyer?,False,False,False,False,False,False,False,False,EQUIVALENT,Both ask for the same registry-based mitigation for Olympic Destroyer.assistantfinalVerdict: EQUIVALENT
What QUADAGENT tools are commonly linked to in attack patterns?,What is the attack pattern associated with QUADAGENT tools?,True,False,False,False,False,False,False,False,NOT_EQUIVALENT,"The original asks for the attack pattern linked to QUADAGENT tools, while the paraphrase asks for the tools linked to attack patterns, reversing the entities."
What countermeasures would effectively prevent the dissemination of the LITTLELAMB.WOOLTEA threat?,What strategy should be implemented to prevent the spread of LITTLELAMB.WOOLTEA?,True,False,True,False,True,False,False,False,EQUIVALENT,"Both ask for measures to stop the spread of the same entity, LITTLELAMB.WOOLTEA."
What action has been implemented on Windows Registers to stop the proliferation of FruitFly?,What course of action on Windows Registers is designed to prevent the spread of FruitFly?,False,False,False,False,False,False,False,False,EQUIVALENT,Both ask for the same action on Windows Registers intended to stop the spread of FruitFly.
What strategies are most effective in countering the tactics employed by the FIN7 group?,How can one effectively counter the methods used by FIN7?,False,False,True,False,True,True,True,False,EQUIVALENT,"Both ask for the most effective ways to counter FIN7's methods/tactics, preserving the same entity and relationship."
What attack pattern is utilized by the tool that Chrommme employs?,What type of attack pattern is employed by the tool that Chrommme utilizes?,True,True,True,True,True,True,True,False,EQUIVALENT,"only surface wording changed, same entities (Chrommme, tool) and same relationship (attack pattern employed/utilized).assistantfinalVerdict: EQUIVALENT"
What attack pattern is typically employed by the STARWHALE threat?,Which attack pattern does STARWHALE usually utilize?,False,False,False,False,False,False,False,False,EQUIVALENT,"Both ask for the same attack pattern used by the STARWHALE threat, with only wording changes."
What malware tools were employed by the perpetrators behind the operation known as C0032?,What are the malware tools used by the group responsible for the operation C0032?,False,False,True,True,False,False,False,False,EQUIVALENT,Both ask for the same malware tools used by the group responsible for operation C0032.
What attack pattern does the tool known as Fakecalls typically utilize in its operations?,What type of attack pattern is employed by the tool that Fakecalls utilizes?,True,True,True,True,True,False,True,False,NOT_EQUIVALENT,"The paraphrase shifts the focus from the tool used by Fakecalls to Fakecalls itself, altering the entity being queried."
"What type of attack pattern is typically associated with malware employed in FIN4-related campaigns targeting American organizations, and what are the characteristics of this malware?","What attack pattern is commonly linked to the malware used in American campaigns attributed to the FIN4 group, and how does",False,False,False,False,False,False,False,False,NOT_EQUIVALENT,"The paraphrase changes the second query from asking how the attack pattern works to asking about malware characteristics, altering the information sought.assistantfinalVerdict: NOT_EQUIVALENT"
What specific attack pattern can be effectively mitigated by targeting Windows Registers in the context of Corona Updates?,What attack pattern is effectively countered by the course of action that targets Windows Registers in relation to Corona Updates?,False,False,False,False,False,False,False,False,EQUIVALENT,Both ask for the same attack pattern countered by the same action and context.assistantfinalVerdict: EQUIVALENT
What attack pattern is most commonly linked to the tool utilized by the Sunbird?,What is the primary attack pattern associated with the tool employed by the Sunbird?,True,True,True,True,True,True,True,True,EQUIVALENT,"Both ask for the main attack pattern linked to the tool used by Sunbird, with identical entities and relationship."
What attack pattern is typically associated with Mandrake and can be mitigated by manipulating Windows Registers?,"Which attack pattern is prevented by operating on Windows Registers, and is directly linked to the presence of Mandrake?",False,False,False,False,False,False,False,False,EQUIVALENT,Both ask for the same attack pattern that is linked to Mandrake and can be addressed by using Windows Registers.
What tools were utilized by the malware linked to the group responsible for the Triton Safety Instrumented System Attack?,What tools have been identified as being used by malware exploited by the group that conducted the operation Triton Safety Instrumented System Attack?,True,True,True,True,True,False,True,True,EQUIVALENT,Both ask for the same tools used by the malware of the same group.assistantfinalVerdict: EQUIVALENT
What are the primary countermeasures to thwart and minimize the malicious activities associated with GALLIUM?,What are the key steps to prevent and mitigate the attacks carried out by GALLIUM?,False,False,False,True,True,True,True,False,EQUIVALENT,"Both ask for the main measures to stop and reduce GALLIUM's attacks, preserving the same entity and relationship."
What propagation method does the Calisto tool inherently employ?,Which attack pattern is inherent in the tool that the Calisto uses to spread?,False,False,False,False,True,False,True,False,EQUIVALENT,Both ask for the inherent propagation/attack pattern of the Calisto tool.assistantfinalVerdict: EQUIVALENT
What malware tools like HyperBro are typically associated with in terms of attack patterns?,What kind of attack pattern is characteristic of malware tools like HyperBro ?,False,False,False,False,False,True,False,False,EQUIVALENT,Both ask for the attack pattern(s) characteristic of HyperBro-like malware tools.assistantfinalVerdict: EQUIVALENT
Can Execution through API Mitigation successfully neutralize the threat posed by a worm?,Does Execution through API Mitigation effectively neutralize the worm threat?,True,True,True,False,True,True,True,True,EQUIVALENT,"Both ask whether Execution through API Mitigation can neutralize the worm threat, using synonymous wording."
What malicious activities are carried out by the MAZE using its typical attack pattern?,What kind of attack pattern does the MAZE use to carry out its malicious activities?,False,False,False,False,False,False,False,False,NOT_EQUIVALENT,The paraphrase changes the focus from the attack pattern to the malicious activities.assistantfinalVerdict: NOT_EQUIVALENT
What ShimRat tool is associated with which attack pattern?,What attack pattern is characteristic of the tool used by the ShimRat?,True,False,False,False,True,True,True,False,NOT_EQUIVALENT,"paraphrase changes the question to ask for the tool as well, altering scope.assistantfinalVerdict: NOT_EQUIVALENT"
What specific mitigation strategy targets Windows Registers to counter the Cyclops Blink attack pattern?,What attack pattern is effectively countered by the course of action that targets Windows Registers in relation to Cyclops Blink?,False,False,False,False,False,False,False,False,NOT_EQUIVALENT,"The original asks for the attack pattern, while the paraphrase asks for the mitigation strategy.assistantfinalVerdict: NOT_EQUIVALENT"
What typical attack patterns are commonly employed by malware tools such as Kessel?,"What is the typical attack pattern used by malware tools, specifically Kessel?",False,True,False,False,False,False,True,False,NOT_EQUIVALENT,"The paraphrase broadens the scope to malware tools like Kessel, not just the specific attack pattern used by Kessel."
"What Windows Registers operation prevents a specific attack pattern, and does this prevention have a direct correlation with the presence of CARROTBAT?","Which attack pattern is prevented by operating on Windows Registers, and is directly linked to the presence of CARROTBAT?",False,False,False,False,False,False,False,False,NOT_EQUIVALENT,"The paraphrase changes the question from identifying the attack pattern to identifying the register operation and adds a yes/no about correlation, altering the required answer.assistantfinalVerdict: NOT_EQUIVALENT"
What attack pattern is embedded within the tool that the NETWIRE utilizes to disseminate?,Which attack pattern is inherent in the tool that the NETWIRE uses to spread?,True,True,True,True,True,True,True,False,EQUIVALENT,Both ask for the same attack pattern inherent in the tool NETWIRE uses to spread.
What methods of attack is Hornbill typically associated with in the context of system infection?,What type of attack does Hornbill typically employ to infect systems?,False,False,False,False,False,False,False,False,EQUIVALENT,"Both ask for the attack method(s) Hornbill uses to infect systems, preserving the same entities and relationship."
What steps can be taken to mitigate the impact of CCBkdr on a computer network?,What countermeasure can be taken to minimize the effects of CCBkdr on a computer network?,False,True,True,True,False,True,True,True,EQUIVALENT,"Both ask for actions to reduce the impact of CCBkdr on a computer network, using synonymous wording."
How can operating on Windows Registers contribute to preventing the dissemination of the LookBack attack pattern?,In what way can the course of action that involves operating on Windows Registers help to prevent the spread of LookBack and its associated attack pattern?,False,False,False,False,False,False,False,False,EQUIVALENT,Both ask how operating on Windows Registers can help prevent the spread/diffusion of the LookBack attack pattern.
What system safeguard is crucial in preventing the installation of ANDROIDOS_ANSERVER.A?,What crucial step can be taken to prevent the installation of ANDROIDOS_ANSERVER.A on a system?,True,True,True,False,False,False,True,True,EQUIVALENT,Both ask for the same crucial preventive measure for the same entity.assistantfinalVerdict: EQUIVALENT
What steps should organizations take to counteract and minimize the threats posed by the Tonto Team?,What are the key steps to prevent and mitigate the attacks carried out by Tonto Team?,False,False,False,True,False,False,True,False,EQUIVALENT,same entities and asks for steps to counter/mitigate attacks.assistantfinalVerdict: EQUIVALENT
What attack pattern is utilized by the China Chopper?,What type of attack pattern does the China Chopper employ?,False,False,False,False,False,False,False,False,EQUIVALENT,"Both questions ask for the same attack pattern used by China Chopper, just rephrased."
What attack pattern is typically linked to the use of Truvasys tools?,What is the attack pattern associated with Truvasys tools?,True,True,True,True,True,True,True,False,EQUIVALENT,"paraphrase only rewords, same entities and relationship.assistantfinalVerdict: EQUIVALENT"
What steps can be implemented to mitigate the impact of Regin on a computer network?,What countermeasure can be taken to minimize the effects of Regin on a computer network?,False,True,True,True,False,True,True,True,EQUIVALENT,"Both ask for measures to reduce Regin's impact on a computer network, using synonymous wording."
What steps can be taken to prevent the spread of Proxysvc and its related attack pattern by utilizing Windows Registers in a targeted manner?,In what way can the course of action that involves operating on Windows Registers help to prevent the spread of Proxysvc and its associated attack pattern?,False,False,False,False,False,False,False,False,EQUIVALENT,Both ask how using Windows Registers can prevent Proxysvc spread.assistantfinalVerdict: EQUIVALENT
What cybersecurity components are primarily used to prevent and counteract BlackEnergy attacks?,What key component of cybersecurity helps to prevent and mitigate the attacks of BlackEnergy?,False,False,True,False,False,False,True,False,NOT_EQUIVALENT,"The paraphrase changes singular ""key component"" to plural ""components"", broadening the answer scope.assistantfinalVerdict: NOT_EQUIVALENT"
Which systems or networks are typically linked to the presence of a backdoor?,What platforms are commonly associated with the behavior of backdoor?,False,True,False,False,False,False,False,False,EQUIVALENT,Both ask for platforms/systems associated with backdoor.assistantfinalVerdict: EQUIVALENT
What impact does the presence of a modular backdoor have on the strategic framework of an APT5 operation?,What are the implications of a modular backdoor's actions on the overall strategy of a APT5 campaign,True,False,False,True,False,False,True,False,NOT_EQUIVALENT,"The paraphrase shifts focus from the backdoor’s actions to merely its presence, altering the relationship being asked about."
What malware dissemination tactic is inherent in the tool utilized by NDiskMonitor?,Which attack pattern is inherent in the tool that the NDiskMonitor uses to spread?,True,True,True,False,True,False,True,False,EQUIVALENT,"paraphrase preserves entities and relationship, just rewords.assistantfinalVerdict: EQUIVALENT"
What kind of attack pattern typically employs the TEARDROP method?,Which attack pattern does TEARDROP usually utilize?,False,False,False,False,False,False,False,False,NOT_EQUIVALENT,"The paraphrase reverses the relationship, asking which pattern uses TEARDROP instead of which pattern TEARDROP uses."
What would be the potential consequences of a modular backdoor participating in the GOLD SOUTHFIELD operation?,What are the repercussions of a modular backdoor's involvement in a GOLD SOUTHFIELD campaign?,False,False,True,False,True,False,True,False,EQUIVALENT,"The paraphrase asks the same about the consequences of a modular backdoor’s involvement in the same GOLD SOUTHFIELD campaign, just using different wording."
What malware attack patterns are commonly linked to American campaigns attributed to the WIRTE group?,What type of malware attack pattern is typically associated with American campaigns linked to the WIRTE group?,False,False,False,False,False,False,False,False,EQUIVALENT,Both ask for the malware attack patterns associated with American WIRTE campaigns.assistantfinalVerdict: EQUIVALENT
What countermeasure involves thwarting the ccf32 threat?,What crucial tactic is employed to counter the threat posed by ccf32?,False,False,True,True,True,False,True,True,EQUIVALENT,Both ask for the same tactic used to counter the ccf32 threat.assistantfinalVerdict: EQUIVALENT
Can Windows Registry Key Access identify and detect SQL injection techniques?,Does the 'Windows Registry Key Access' have the functionality to detect SQL injection techniques?,True,False,False,False,True,False,False,False,EQUIVALENT,Both ask whether Windows Registry Key Access can detect SQL injection techniques.
Is Operation Ghost associated with the presence of a worm?,Can you determine if worm is a part of Operation Ghost?,False,True,False,True,True,False,False,True,NOT_EQUIVALENT,"The paraphrase changes the specific “part‑of” relationship to a vague “associated with” relation, altering the intended meaning."
Does the 'Firewall Metadata' feature include the capability to identify and detect SQL injection attacks?,Does the 'Firewall Metadata' have the functionality to detect SQL injection techniques?,True,False,False,False,True,False,False,False,EQUIVALENT,"Both ask whether the Firewall Metadata feature can detect SQL injection, using synonymous wording."
Can the 'OS API Execution' functionality be utilized to recognize and pinpoint SQL-based attack patterns?,Is the 'OS API Execution' capable of analyzing and identifying SQL-based attack patterns?,False,False,False,False,True,False,False,False,EQUIVALENT,"Both ask whether OS API Execution can detect/identify SQL-based attack patterns, using synonymous wording."
What SQL-based detection capabilities are offered by 'Cloud Service Metadata'?,What capabilities does the 'Cloud Service Metadata' possess in terms of detecting SQL-based techniques?,True,False,False,False,False,False,False,False,EQUIVALENT,Both ask for the same SQL detection capabilities provided by Cloud Service Metadata.
What techniques for SQL-based attacks can the 'Application Assets' identify and detect?,What capabilities does the 'Application Assets' possess in terms of detecting SQL-based techniques?,False,False,False,False,True,False,False,False,EQUIVALENT,"Both ask which SQL-based techniques the Application Assets can detect, preserving the same entities and relationship."
Can the 'Process/Event Alarm' system offer real-time identification of SQL-based methods in action?,Can the 'Process/Event Alarm' provide real-time detection of SQL-based techniques?,False,False,False,False,True,False,False,False,EQUIVALENT,"paraphrase only rewords, same entities and relationship.assistantfinalVerdict: EQUIVALENT"
Is there a connection between a worm and C0010?,Is worm linked to C0010?,True,False,False,True,True,True,True,True,EQUIVALENT,"Both ask whether the entity “worm” is linked/connected to C0010, with identical entities and relationship."
Can SQL-based threats be identified and flagged through Cloud Storage Enumeration?,Can the 'Cloud Storage Enumeration' identify and flag SQL-based threats?,False,False,False,False,False,False,False,False,EQUIVALENT,"Both ask whether Cloud Storage Enumeration can identify and flag SQL-based threats, preserving entities and relationship."
What is the primary function of Container Enumeration in terms of preventing SQL-based attacks?,Is the 'Container Enumeration' designed to detect and prevent SQL-based attacks?,False,False,False,False,True,False,False,False,NOT_EQUIVALENT,"The paraphrase changes a yes/no query about design intent into an open-ended request for the primary function, altering the question’s scope."
Does the 'Software' possess the capability to identify SQL injection methods?,Does the 'Software' have the functionality to detect SQL injection techniques?,True,False,False,False,True,False,False,False,EQUIVALENT,"Both ask whether the software can detect/identify SQL injection techniques, using synonymous wording."
Can SQL-based threats be detected and flagged through the 'Image Deletion' process?,Can the 'Image Deletion' identify and flag SQL-based threats?,True,False,False,False,False,False,False,False,EQUIVALENT,"same entities and relationship, just reworded.assistantfinalVerdict: EQUIVALENT"
Is the primary purpose of Firmware Modification to identify and block SQL-based cyber attacks?,Is the 'Firmware Modification' designed to detect and prevent SQL-based attacks?,True,False,False,False,True,False,False,False,EQUIVALENT,Both questions ask whether Firmware Modification’s main function is to detect and stop SQL-based attacks.
What detection capabilities does 'Windows Registry Key Deletion' provide with respect to SQL-based tactics?,What capabilities does the 'Windows Registry Key Deletion' possess in terms of detecting SQL-based techniques?,False,False,False,False,True,False,False,False,EQUIVALENT,Both ask about the detection capabilities of the Windows Registry Key Deletion rule concerning SQL-based techniques.
Can Cloud Storage Metadata effectively detect SQL-based attack techniques?,Is the 'Cloud Storage Metadata' capable of identifying SQL-based attack methods?,False,False,False,False,False,False,False,False,EQUIVALENT,Both ask whether Cloud Storage Metadata can identify/detect SQL-based attack methods.
What are the potential countermeasures for a trojan deployed through a cyberattack that leverages living off the land (LotL) tactics to infiltrate a system?,What are the possible remediations for trojan used in campaign in which living of the land (LotL) techniques have been used to gain access?,False,False,False,False,False,False,False,False,EQUIVALENT,"paraphrase preserves meaning, same entities and relationship.assistantfinalVerdict: EQUIVALENT"
What types of systems are most commonly targeted by malware designed to take advantage of weaknesses in industrial control system technology?,What types of systems are the primary targets of malware created to exploit vulnerabilities in ICS devices?,False,False,False,False,False,False,False,False,EQUIVALENT,"paraphrase preserves meaning, same entities and relationship.assistantfinalVerdict: EQUIVALENT"
What types of cyber attacks utilize the AttachUserPolicy API?,What types of cyber attacks incorporate the AttachUserPolicy API?,True,False,True,True,True,True,True,True,EQUIVALENT,Both ask for the same categories of cyber attacks that make use of the AttachUserPolicy API.
What type of malicious software does an encryption-based security approach aim to deter or block?,What kind of malicious software does a security strategy that employs encryption aim to counter or prevent?,False,False,False,False,False,False,False,False,EQUIVALENT,"Both ask which type of malware an encryption-focused security strategy aims to counter, using synonymous wording."
What are the primary countermeasures against spyware utilizing camera capabilities that can be incorporated into data loss prevention protocols?,What are the key data loss prevention (DLP) strategies that can be implemented to counter spyware techniques that use cameras?,False,False,False,False,False,False,False,False,EQUIVALENT,paraphrase asks for same set of DLP-related measures against camera-based spyware.assistantfinalVerdict: EQUIVALENT
"What methods do RaaS utilize to execute DDoS attacks, and what countermeasures employing signature-based or heuristic approaches can be used to thwart or minimize their impact?","How do RaaS use DDoS attacks, and what are the mitigation strategies that utilize signatures or heuristics to prevent or mitigate these attacks?",False,False,False,False,False,False,False,False,EQUIVALENT,Both questions ask the same about RaaS DDoS attack methods and signature/heuristic mitigation strategies.
What techniques can be employed to effectively counteract the security threats posed by malicious software that utilizes SQL injection methods?,What are the key strategies for mitigating the risks associated with malware that employ SQL Injection techniques?,True,False,True,False,False,True,True,False,EQUIVALENT,same meaning.assistantfinalVerdict: EQUIVALENT
"What techniques do ransomware-as-a-service (RaaS) operations typically employ to orchestrate Distributed Denial of Service (DDoS) attacks, and how do signature-based and heuristic-driven mitigation strategies respond to these types of threats?","What are the techniques used by RaaS to execute DDoS attacks, and how do mitigation strategies that rely on signatures or heuristics address these threats?",False,False,False,False,False,False,False,False,EQUIVALENT,"The paraphrase retains the same entities (RaaS, DDoS) and asks about the same techniques and how signature/heuristic mitigation strategies address them."
What methods are most commonly used to identify and detect the token manipulation tactics employed by malicious spyware?,What are the most effective detection methods for token manipulation techniques used by spyware?,False,False,False,False,False,False,False,False,NOT_EQUIVALENT,"The paraphrase shifts from asking for the most effective methods to the most commonly used methods, altering the intended focus."
"What methods do you employ to identify and detect malware from RaaS, specifically that used by FIN13?",How do you identify and detect RaaS malware used by FIN13?,True,False,True,False,True,False,False,True,EQUIVALENT,Both ask for the same methods to identify and detect RaaS malware used by FIN13.
What ICS devices operated by UNC2452 are typically targeted by malware specifically designed to cause infection?,What are the main targets of malware specifically crafted to infect ICS devices operated by UNC2452?,True,False,False,False,False,False,False,False,EQUIVALENT,Both ask which UNC2452‑operated ICS devices are the primary targets of the specialized malware.
What techniques associated with the malware used by the APT29 intrusion set are typically found in.NET applications?,Which.NET malware techniques are characteristic of the APT29 intrusion set?,False,False,True,False,False,True,False,False,EQUIVALENT,Both ask for the same .NET techniques linked to APT29.assistantfinalVerdict: EQUIVALENT
What techniques does the Turla campaign employ using.NET malware?,List the.NET malware techniques that are part of the Turla campaign.,True,True,True,True,True,False,True,True,EQUIVALENT,Both ask for the same .NET malware techniques used by Turla.assistantfinalVerdict: EQUIVALENT
What methods are effective in identifying and countering RaaS malware utilized by the threat actor group known as APT5?,What methods can be used to detect and prevent RaaS malware used by APT5?,False,False,True,True,True,True,True,True,EQUIVALENT,"same entities and relationship, just reworded.assistantfinalVerdict: EQUIVALENT"
What methods are most commonly used to identify and detect RaaS malware attributed to the threat actor TA505?,What are the most effective methods for detecting RaaS malware employed by TA505?,False,False,True,False,True,False,True,True,NOT_EQUIVALENT,"The original asks for the most effective detection methods, while the paraphrase asks for the most commonly used methods, altering the focus of the query."
What types of ICS devices are commonly targeted by the PLATINUM group in their malware attacks?,What are the primary targets of malware attacks on ICS devices used by the PLATINUM group?,True,False,False,False,False,False,False,False,EQUIVALENT,Both ask for the same set of targeted ICS device types by PLATINUM's malware.assistantfinalVerdict: EQUIVALENT
Which systems or platforms are susceptible to the spyware tactics employed by Ember Bear?,What types of platforms or systems are vulnerable to the spyware techniques used by Ember Bear?,True,True,True,False,True,True,True,True,EQUIVALENT,"same meaning, just reworded.assistantfinalVerdict: EQUIVALENT"
What methods can be employed to identify and detect malware associated with the RaaS (Remote Access Trojan) operations of Metador?,How do you identify and detect RaaS malware used by Metador?,False,False,True,False,False,False,False,True,EQUIVALENT,Both ask for ways to identify and detect Metador's RaaS malware.assistantfinalVerdict: EQUIVALENT
What types of platforms do the spyware tactics used by the Lazarus Group typically target?,What platforms do the techniques of spyware employed by Lazarus Group utilize?,True,True,True,False,True,True,True,True,NOT_EQUIVALENT,"The paraphrase changes the relationship from platforms the spyware uses to platforms it targets, altering the meaning."
Which systems are susceptible to being infiltrated by in-memory malware utilized in the FunnyDream campaign?,What systems are at risk of being compromised by in-memory malware used in FunnyDream?,False,False,False,True,False,False,False,False,EQUIVALENT,Both ask for the same set of systems vulnerable to the in‑memory malware employed in the FunnyDream campaign.
What malicious targets does Stealth Falcon primarily aim at using its RPC-based backdoor in an attack?,What are the main targets of the RPC-based backdoor employed by Stealth Falcon in a malicious attack?,True,False,False,False,True,False,True,True,EQUIVALENT,Both ask for the primary targets of Stealth Falcon's RPC-based backdoor in an attack.assistantfinalVerdict: EQUIVALENT
What platforms do the tactics of spyware used by the Sidewinder exploit?,What platforms do the techniques of spyware employed by Sidewinder utilize?,True,True,True,False,True,True,True,True,EQUIVALENT,"paraphrase preserves entities and relationship, only wording changed.assistantfinalVerdict: EQUIVALENT"
What tactics and techniques used by the Leviathan campaign are related to.NET malware?,Describe the.NET malware techniques employed by the Leviathan campaign.,True,False,True,True,True,False,True,False,EQUIVALENT,Both request the .NET malware techniques used by Leviathan.assistantfinalVerdict: EQUIVALENT
What types of targets are commonly linked to malware specifically designed to compromise Industrial Control Systems devices used by companies like Gallmaker?,What types of targets are typically associated with malware designed to attack Industrial Control Systems (ICS) devices used by Gallmaker?,False,False,False,True,False,False,False,False,NOT_EQUIVALENT,"The paraphrase broadens the scope to “companies like Gallmaker,” not just Gallmaker, altering the specific entity referenced."
What environments and platforms are typically targeted by the spyware methods associated with Turla?,What platforms or environments are most commonly affected by the spyware techniques of Turla?,True,True,True,False,True,True,True,True,EQUIVALENT,"same entities and relationship, just reworded.assistantfinalVerdict: EQUIVALENT"
What characteristics are associated with the.NET malware used in the MuddyWater campaign?,What are the characteristics of.NET malware involved in the MuddyWater campaign?,True,False,True,True,True,True,True,False,EQUIVALENT,Both questions ask for the same characteristics of the .NET malware linked to the MuddyWater campaign.
What strategies are most effective in countering and neutralizing the impact of RaaS malware utilized by APT1?,What are the key strategies for detecting and mitigating RaaS malware used by APT1?,False,False,False,False,False,False,False,False,EQUIVALENT,Both ask for strategies to address (detect/mitigate vs counter/neutralize) RaaS malware employed by APT1.
What kinds of industrial control systems are commonly exploited by malware linked to the threat actor Evilnum?,What types of systems are typically targeted by malware designed to compromise ICS devices used by Evilnum?,False,False,False,False,False,False,False,False,EQUIVALENT,Both ask for the same set of system types targeted by Evilnum‑linked malware.assistantfinalVerdict: EQUIVALENT
What are the most effective strategies for identifying and eliminating RaaS malware that is typically associated with Cinnamon Tempest?,What are the best practices for detecting and removing RaaS malware used by Cinnamon Tempest?,False,False,True,False,True,False,True,True,NOT_EQUIVALENT,"changed relationship from ""used by"" to ""associated with"".assistantfinalVerdict: NOT_EQUIVALENT"
Which systems and platforms are susceptible to the spyware tactics employed by the Wizard Spider?,What types of platforms or systems are vulnerable to the spyware techniques used by Wizard Spider?,True,True,True,False,True,True,True,True,EQUIVALENT,"same meaning, just reworded.assistantfinalVerdict: EQUIVALENT"
What detection and prevention methods can be employed to counter RaaS malware utilized by WIRTE?,What methods can be used to detect and prevent RaaS malware used by WIRTE?,True,False,True,True,True,True,True,True,EQUIVALENT,"same entities and relationship, just reworded.assistantfinalVerdict: EQUIVALENT"
What countermeasures can be employed to identify and thwart the RaaS malware utilized by Operation Wocao?,What methods can be used to detect and prevent RaaS malware used by Operation Wocao?,True,False,True,False,True,False,True,True,EQUIVALENT,"The paraphrase asks for the same detection and prevention methods for the same RaaS malware and operation, just using different wording."
What platforms are typically targeted by the malware used by the threat actor known as TA505?,What are the primary platforms exploited by the worms employed by TA505?,False,False,False,False,False,False,False,False,NOT_EQUIVALENT,"paraphrase broadens from worms to all malware, altering the entity type.assistantfinalVerdict: NOT_EQUIVALENT"
On which platforms do the tactics of spyware developed by CURIUM typically operate?,What platforms do the techniques of spyware employed by CURIUM utilize?,True,True,True,True,True,True,True,True,EQUIVALENT,Both ask for the platforms on which CURIUM's spyware techniques operate.assistantfinalVerdict: EQUIVALENT
What systems are typically targeted by malware that compromises Industrial Control Systems (ICS) devices owned by The White Company?,What types of systems are commonly targeted by malware used to compromise the ICS devices of The White Company?,False,False,False,False,True,False,True,False,EQUIVALENT,"paraphrase preserves meaning, same entities and relationship.assistantfinalVerdict: EQUIVALENT"
What kinds of devices or infrastructure are compromised by malware stealing login credentials within the context of C0017?,"In the context of C0017, what types of devices or infrastructure are targeted by malware that steals login credentials?",False,True,False,False,False,True,True,True,EQUIVALENT,Both questions ask for the same device/infrastructure types targeted by credential‑stealing malware in the context of C0017.
What tactics and techniques utilized by the Gorgon Group are associated with.NET malware?,Describe the.NET malware techniques employed by the Gorgon Group campaign.,False,False,False,False,False,False,False,False,EQUIVALENT,Both request the same set of .NET malware techniques used by Gorgon Group.assistantfinalVerdict: EQUIVALENT
What platforms are commonly targeted by the malware used by the FIN7 group?,What are the primary platforms exploited by the worms employed by FIN7?,False,False,False,False,False,False,False,False,NOT_EQUIVALENT,"changed entity from worms to all malware, broadening scope.assistantfinalVerdict: NOT_EQUIVALENT"
What types of systems are vulnerable to being targeted by malware specifically designed for Industrial Control Systems operated by CopyKittens?,What types of systems are at risk of being compromised by malware tailored towards ICS devices used by CopyKittens?,False,False,False,False,False,False,False,False,EQUIVALENT,"paraphrase preserves entities (CopyKittens, Industrial Control Systems/ICS) and relationship (systems vulnerable to malware).assistantfinalVerdict: EQUIVALENT"
In what types of environments do the malicious operations of APT19 typically manifest through its worm infections?,In which environments do the worms used by APT19 typically exhibit their malicious behavior?,True,True,True,False,True,True,True,True,EQUIVALENT,"paraphrase preserves entities (APT19, worms) and asks same about environments of malicious behavior.assistantfinalVerdict: EQUIVALENT"
What cybersecurity threat landscape detection strategies are critical for countering RaaS malware operations employed by Group5?,What are the critical detection strategies for RaaS malware used by Group5 in a cybersecurity threat landscape?,True,False,True,True,True,True,True,True,EQUIVALENT,same entities and asks for critical detection strategies for Group5's RaaS malware.assistantfinalVerdict: EQUIVALENT
What types of industrial control systems are commonly targeted by malicious malware designed to infiltrate the systems utilized by IndigoZebra?,What types of systems are typically targeted by malware designed to compromise ICS devices used by IndigoZebra?,False,False,False,False,False,False,False,False,EQUIVALENT,"paraphrase preserves entities and relationship, just rewords.assistantfinalVerdict: EQUIVALENT"
What systems do malware operators typically aim to infiltrate to compromise the ICS devices of Volatile Cedar?,What types of systems are commonly targeted by malware used to compromise the ICS devices of Volatile Cedar?,True,False,False,False,False,False,False,False,EQUIVALENT,Both ask which system types are targeted to compromise the same ICS devices.assistantfinalVerdict: EQUIVALENT
What ICS devices are commonly targeted by malware developed by Kimsuky for exploitation?,What types of systems are typically targeted by malware designed to compromise ICS devices used by Kimsuky?,True,False,False,False,False,False,False,False,NOT_EQUIVALENT,changes who creates the malware and shifts focus from types of systems targeted to which devices are targeted.assistantfinalVerdict: NOT_EQUIVALENT
Which systems or platforms are vulnerable to malicious activities carried out by RTM through the use of spyware tactics?,What platforms or systems are susceptible to the malicious activities of RTM using spyware techniques?,True,True,True,True,True,True,True,False,EQUIVALENT,"Same entities (RTM, platforms/systems) and same relationship (vulnerability to RTM's spyware-based malicious activities).assistantfinalVerdict: EQUIVALENT"
What devices are typically targeted by the RPC-based backdoor known as Leafminer?,Which types of devices are usually compromised by the RPC-based backdoor employed by Leafminer?,False,False,False,False,True,False,True,True,EQUIVALENT,Both ask for the same device types affected by Leafminer’s RPC backdoor.assistantfinalVerdict: EQUIVALENT
What types of networks or systems are typically targeted by the RPC-based backdoor utilized by the CopyKittens threat actor?,What types of networks or systems are usually attacked by the RPC-based backdoor employed by CopyKittens?,True,True,False,False,True,False,True,True,EQUIVALENT,"The paraphrase asks the same question about the same entities and relationship, only rewording the phrasing."
What systems or networks are primarily targeted by the RPC-based backdoor attributed to WIRTE?,What are the primary targets of the RPC-based backdoor exploited by WIRTE?,False,False,False,False,True,False,True,True,EQUIVALENT,"Both ask for the same primary targets of the RPC-based backdoor used by WIRTE, just reworded."
What methods would you use to recognize and identify malware associated with the RaaS operations of the notorious threat actor known as Ember Bear?,How do you identify and detect RaaS malware used by Ember Bear?,False,False,True,False,True,False,False,False,EQUIVALENT,"Both ask for methods to identify/detect RaaS malware linked to the threat actor Ember Bear, with no change in entities or scope."
Which systems are commonly linked to the activities of a worm known as Windigo?,What platforms are typically associated with the behavior of a worm used by Windigo?,False,False,True,False,False,False,False,False,NOT_EQUIVALENT,"The paraphrase changes the entity from a worm used by Windigo to a worm named Windigo, altering the relationship being asked about."
What malicious targets does the RPC-based backdoor used by TEMP.Veles focus on during an attack?,What are the main targets of the RPC-based backdoor employed by TEMP.Veles in a malicious attack?,True,False,False,False,True,True,True,False,EQUIVALENT,Both ask for the same set of targets of the same backdoor.assistantfinalVerdict: EQUIVALENT
What operating systems are typically targeted by the malware employed by APT1?,Which operating systems are commonly targeted by the worms utilized by APT1?,False,False,False,False,False,False,False,False,NOT_EQUIVALENT,"changed from worms to malware, broadening scope.assistantfinalVerdict: NOT_EQUIVALENT"
What methods do you use to detect and identify the RaaS malware employed by Threat Group-3390?,How do you identify and detect RaaS malware used by Threat Group-3390?,True,False,True,False,True,False,True,False,EQUIVALENT,... concise.assistantfinalVerdict: EQUIVALENT
What ICS devices are typically targeted by malware designed and deployed by the threat actor known as Putter Panda?,What are the main targets of malware specifically crafted to infect ICS devices operated by Putter Panda?,False,False,False,False,False,False,False,False,EQUIVALENT,Both ask which ICS devices are targeted by Putter Panda's malware.assistantfinalVerdict: EQUIVALENT
What platforms are commonly linked to the malware activities of the Orangeworm worm?,What platforms are typically associated with the behavior of a worm used by Orangeworm?,False,False,False,False,True,False,False,False,EQUIVALENT,paraphrase preserves entities and asks same relationship (platforms associated with worm's behavior).assistantfinalVerdict: EQUIVALENT
What types of platforms or devices are commonly targeted by the spyware tactics employed by TeamTNT?,On what platforms or devices do the spyware techniques used by TeamTNT typically operate?,True,True,True,False,True,True,True,True,EQUIVALENT,Both ask which platforms/devices the TeamTNT spyware techniques operate on/target.assistantfinalVerdict: EQUIVALENT
What platforms are primarily utilized by the worms associated with Sowbug?,What are the primary platforms of operation for the worms employed by Sowbug?,False,False,True,True,True,True,True,True,EQUIVALENT,paraphrase retains same entities and asks same relationship.assistantfinalVerdict: EQUIVALENT
Which ICS devices maintained by Cleaver are typically targeted by primary malware attacks?,Which systems are the primary focus of malware attacks aimed at Cleaver's ICS devices?,True,False,False,False,False,False,False,False,NOT_EQUIVALENT,"The original asks which systems are the focus of attacks on Cleaver's ICS devices, while the paraphrase asks which Cleaver-maintained devices are targeted, shifting the entity from systems to devices."
What tactics and techniques were utilized by the The White Company campaign in their.NET malware operations?,Describe the.NET malware techniques employed by the The White Company campaign.,True,False,True,True,True,True,True,False,EQUIVALENT,paraphrase asks for same .NET malware techniques used by same campaign.assistantfinalVerdict: EQUIVALENT
What malware techniques commonly associated with the Evilnum intrusion set are typically based on.NET?,Which.NET-based malware techniques are commonly linked to the Evilnum intrusion set?,False,False,False,False,False,False,True,False,EQUIVALENT,Both ask for the same set of .NET-based techniques linked to Evilnum.assistantfinalVerdict: EQUIVALENT
What systems or applications are typically targeted by the RPC-based backdoor exploited by the threat actor known as TA459 during a cyber attack?,What are the typical targets of the RPC-based backdoor exploited by TA459 in a cyber attack?,True,True,False,True,True,False,True,True,EQUIVALENT,The paraphrase asks the same question about the typical targets of TA459's RPC-based backdoor without altering entities or relationship.
What detection techniques would be most effective for identifying the RaaS malware deployed by the Charming Kitten in a network setting?,What are the essential detection strategies for RaaS malware used by Charming Kitten in a network environment?,True,False,True,False,True,True,True,True,EQUIVALENT,Both ask for the same detection methods for Charming Kitten's RaaS malware in a network context.
What types of systems are typically attacked by malware that targets the Industrial Control Systems devices of WIRTE?,What types of systems are commonly targeted by malware used to compromise the ICS devices of WIRTE?,False,False,False,False,False,False,False,False,EQUIVALENT,"paraphrase preserves entities (malware, types of systems, WIRTE's ICS devices) and relationship (targeted/attacked).assistantfinalVerdict: EQUIVALENT"
What network security measures are most effective for detecting and mitigating the RaaS malware tactics employed by the Chimera threat actor?,What are the essential detection strategies for RaaS malware used by Chimera in a network environment?,False,False,False,False,False,True,False,True,NOT_EQUIVALENT,"The paraphrase adds mitigation and changes focus from detection strategies to broader security measures, altering the asked relationship.assistantfinalVerdict: NOT_EQUIVALENT"
What types of systems or networks are commonly compromised by an RPC-based backdoor utilized by Malteiro?,What systems or networks are typically targeted by an RPC-based backdoor used by Malteiro?,True,False,False,False,True,True,True,True,EQUIVALENT,Both ask which systems or networks are typically targeted/compromised by Malteiro's RPC-based backdoor.
In what types of environments do malicious behaviors typically manifest in the worms employed by Poseidon Group?,In which environments do the worms used by Poseidon Group typically exhibit their malicious behavior?,True,False,True,True,True,True,True,True,EQUIVALENT,The paraphrase asks the same question about the environments where Poseidon Group's worms show malicious behavior.assistantfinalVerdict: EQUIVALENT
What methods have proven most effective in identifying and detecting the RaaS malware used by The White Company?,What are the most effective methods for detecting RaaS malware employed by The White Company?,False,False,True,False,True,False,True,True,EQUIVALENT,"Both ask for the most effective methods to detect the RaaS malware used by The White Company, with only wording changes."
What types of devices are typically targeted by the RPC-based backdoor used in the Carbanak operation?,Which types of devices are usually compromised by the RPC-based backdoor employed by Carbanak?,False,False,False,True,False,False,False,True,EQUIVALENT,Both ask for the same device types affected by the Carbanak RPC-based backdoor.
What systems or platforms are typically targeted by the tactics used in the Stolen Pencil spyware?,What platforms or systems are commonly compromised by the spyware techniques employed by Stolen Pencil?,False,False,True,False,True,False,False,True,EQUIVALENT,Both ask which platforms/systems are commonly compromised or targeted by Stolen Pencil's spyware techniques.
What targets are typically exploited by the RPC-based backdoor employed by the cyber threat group known as Charming Kitten?,What are the common targets of the RPC-based backdoor used by Charming Kitten?,True,True,False,False,True,False,True,True,EQUIVALENT,Both questions ask for the same set of typical targets of Charming Kitten's RPC-based backdoor.
What.NET malware techniques are associated with the NEODYMIUM operation?,Identify the.NET malware methods used in the NEODYMIUM campaign.,False,False,False,True,True,False,True,False,EQUIVALENT,Both ask for the same .NET malware methods/techniques linked to the NEODYMIUM campaign.
What are the typical platforms targeted by the malicious worms deployed by APT37 for spreading their malware?,On what platforms do the worms used by APT37 usually spread their malicious code?,True,False,True,True,True,False,True,False,EQUIVALENT,Both ask which platforms the APT37 worms use to spread their malicious code.
What detection techniques are typically employed by security measures to identify RaaS malware linked to Dark Caracal operations?,What are the most common detection methods for RaaS malware used by Dark Caracal?,False,False,False,True,False,True,False,True,EQUIVALENT,"paraphrase preserves same entities and relationship, just rewords.assistantfinalVerdict: EQUIVALENT"
What platforms are typically targeted by the malicious code propagation of the worms employed by MoustachedBouncer?,On what platforms do the worms used by MoustachedBouncer usually spread their malicious code?,False,False,True,True,True,True,True,False,EQUIVALENT,Both ask for the same platforms on which MoustachedBouncer's worms spread their malicious code.
What characteristics are associated with the.NET malware utilized in the ZIRCONIUM campaign?,What are the characteristics of.NET malware involved in the ZIRCONIUM campaign?,True,False,True,True,True,True,True,False,EQUIVALENT,Both questions ask for the same characteristics of the .NET malware used in the ZIRCONIUM campaign.
What are the recommended methods for identifying and eradicating RaaS malware employed by the OilRig threat actor?,What are the best practices for detecting and removing RaaS malware used by OilRig?,False,False,True,False,True,True,False,False,EQUIVALENT,Both ask for the same guidance on detecting and removing RaaS malware associated with the OilRig threat actor.
What techniques are characteristic of the Magic Hound intrusion set in the context of.NET malware?,Which.NET malware techniques are characteristic of the Magic Hound intrusion set?,False,False,False,False,False,False,False,False,EQUIVALENT,Both ask for the same .NET malware techniques that characterize the Magic Hound intrusion set.
In what environments are the tactics employed by Strider typically deployed?,On which platforms are the spyware techniques used by Strider typically implemented?,False,False,False,False,False,False,False,False,EQUIVALENT,"paraphrase preserves entities (Strider, its tactics/techniques) and asks about same relationship (where they are used).assistantfinalVerdict: EQUIVALENT"
On which primary platforms do worms affiliated with RTM typically operate?,What are the primary platforms exploited by the worms employed by RTM?,True,True,True,True,True,True,True,True,EQUIVALENT,Both ask for the main platforms targeted/used by RTM's worms.assistantfinalVerdict: EQUIVALENT
What are the recommended countermeasures for identifying and eliminating RaaS malware operations associated with APT3?,What are the best practices for detecting and removing RaaS malware used by APT3?,True,False,True,False,False,False,False,False,EQUIVALENT,"The paraphrase retains the same entities (RaaS malware, APT3) and asks for the same detection and removal guidance, just with different wording."
Which systems are commonly targeted by malware created to breach Industrial Control Systems utilized by the notorious hacking group known as Ferocious Kitten?,What types of systems are typically targeted by malware designed to compromise ICS devices used by Ferocious Kitten?,False,False,False,False,False,False,False,False,EQUIVALENT,"paraphrase preserves entities and relationship, just rewords.assistantfinalVerdict: EQUIVALENT"
Which systems are typically targeted by the malware worms associated with the Dust Storm?,What platforms do the malware worms used by Dust Storm tend to infect?,False,False,False,False,False,False,False,False,EQUIVALENT,Both ask for the same platforms/systems that Dust Storm's malware worms infect.
On which devices or platforms does Ke3chang's malware generally execute its operations?,On what platforms or devices do the spyware techniques used by Ke3chang typically operate?,False,False,False,False,False,False,False,False,EQUIVALENT,Both ask about the same devices/platforms where Ke3chang's spyware/malware operates.
What platforms do Metador's malware typically propagate its malicious payload across?,On what platforms do the worms used by Metador usually spread their malicious code?,False,False,False,False,False,False,False,False,NOT_EQUIVALENT,"The paraphrase replaces “worms used by Metador” with the broader term “Metador's malware,” changing the specific entity being asked about."
What methods would you use to detect and identify RaaS malware attributed to the threat actor known as Putter Panda?,How do you identify and detect RaaS malware used by Putter Panda?,True,False,True,False,True,False,True,False,EQUIVALENT,...assistantfinalVerdict: EQUIVALENT
"What devices are commonly targeted by the backdoor operated by Indrik Spider, which utilizes RPC functionality?",Which types of devices are usually compromised by the RPC-based backdoor employed by Indrik Spider?,False,False,False,False,False,False,False,False,EQUIVALENT,Both ask for device types compromised/targeted by Indrik Spider's RPC-based backdoor.assistantfinalVerdict: EQUIVALENT
What platforms are primarily targeted by the worms used in the BITTER attacks?,What are the primary platforms exploited by the worms employed by BITTER?,False,False,True,True,False,True,False,True,EQUIVALENT,"Both ask which platforms are the main targets of the BITTER worms, preserving entities and relationship."
In which settings do FIN6 malware usually display their malicious actions?,In which environments do the worms used by FIN6 typically exhibit their malicious behavior?,False,False,False,False,False,False,False,False,NOT_EQUIVALENT,changed entity from worms to all FIN6 malware.assistantfinalVerdict: NOT_EQUIVALENT
What are the telltale signs and markers of a RaaS malware attack associated with the Lotus Blossom threat actor?,What are the key indicators of compromise for RaaS malware used by Lotus Blossom?,False,False,False,False,False,False,False,False,EQUIVALENT,paraphrase asks for same indicators of compromise for same RaaS malware and actor.assistantfinalVerdict: EQUIVALENT
What platforms are targeted by the malicious activities of the spyware known as menuPass?,What platforms do the techniques of spyware employed by menuPass utilize?,True,False,False,True,True,False,True,False,EQUIVALENT,Both ask which platforms the menuPass spyware operates on/targets.assistantfinalVerdict: EQUIVALENT
In which environments or platforms are the spyware tactics employed by the Gorgon Group most commonly encountered?,Which platforms or environments are most frequently exploited by the spyware techniques of Gorgon Group?,True,True,True,True,True,True,True,True,EQUIVALENT,"same entities (Gorgon Group, spyware techniques/tactics) and same relationship (most frequent/exploited vs most commonly encountered).assistantfinalVerdict: EQUIVALENT"
Which types of industrial control systems are commonly exploited by malware attributed to the activities of the notorious threat actor group known as APT37?,What types of systems are typically targeted by malware designed to compromise ICS devices used by APT37?,False,False,False,False,False,False,False,False,EQUIVALENT,Both ask for the same system types targeted by APT37 malware.assistantfinalVerdict: EQUIVALENT
What techniques commonly associated with the Ferocious Kitten intrusion set are found in.NET-based malware?,Which.NET-based malware techniques are commonly linked to the Ferocious Kitten intrusion set?,False,False,False,False,False,False,True,False,EQUIVALENT,Both ask for the same set of techniques that are .NET-based malware methods and are commonly linked to the Ferocious Kitten intrusion set.
What platforms are commonly targeted by the worm behavior exhibited by Mofang?,What types of platforms are typically affected by the worm behavior of Mofang?,True,True,True,True,True,True,True,True,EQUIVALENT,"Both ask which platform types are impacted by Mofang's worm behavior, using only synonymous wording."
What characteristics can be identified in the malware associated with the APT33 campaign?,What are the characteristics of.NET malware involved in the APT33 campaign?,False,False,False,False,False,False,False,False,NOT_EQUIVALENT,"The paraphrase omits the "".NET"" qualifier, broadening the scope from .NET malware to all malware in the APT33 campaign."
What types of systems or equipment are frequently targeted by the RPC-based backdoor employed by APT3?,What systems or devices are commonly compromised by the RPC-based backdoor used by APT3?,True,False,False,False,True,True,True,True,EQUIVALENT,Both ask for the same categories of systems/devices that the RPC-based backdoor of APT3 commonly affects.
What techniques associated with the LuminousMoth intrusion set are typically found in.NET-based malware?,Which.NET-based malware techniques are commonly linked to the LuminousMoth intrusion set?,False,False,False,False,False,False,True,False,EQUIVALENT,Both ask for the same set of .NET-based techniques linked to LuminousMoth.assistantfinalVerdict: EQUIVALENT
What types of systems are usually attacked by in-memory malware that was used in the SolarWinds Compromise?,What types of systems are typically targeted by in-memory malware employed in SolarWinds Compromise?,False,True,True,False,True,False,True,True,EQUIVALENT,The paraphrase only changes wording but keeps same entities and relationship.assistantfinalVerdict: EQUIVALENT
What are the primary platforms that Soft Cell spyware techniques are typically directed against?,Which platforms serve as the primary targets for the spyware techniques utilized by Soft Cell?,False,True,True,True,False,True,False,False,EQUIVALENT,Both questions ask for the same primary platform targets of Soft Cell's spyware techniques.
Which industrial control systems are at greatest risk of being compromised by malware from the HEXANE group that specifically targets ICS devices?,"Which systems are most vulnerable to malware attacks by the HEXANE group, which targets ICS devices?",True,False,False,False,False,False,False,True,EQUIVALENT,Both ask for the same set of industrial control systems most vulnerable to HEXANE's malware.assistantfinalVerdict: EQUIVALENT
What systems or networks are commonly targeted by the RPC-based backdoor exploited during a cyber attack attributed to Andariel?,What are the typical targets of the RPC-based backdoor exploited by Andariel in a cyber attack?,True,True,False,False,True,False,False,True,EQUIVALENT,"paraphrase preserves meaning, same entities and relationship.assistantfinalVerdict: EQUIVALENT"
What systems or processes are usually targeted by the attackers using the RPC-based backdoor known as HEXANE in a cyber attack scenario?,What are the typical targets of the RPC-based backdoor exploited by HEXANE in a cyber attack?,True,False,False,False,True,False,True,False,NOT_EQUIVALENT,paraphrase misidentifies HEXANE as the backdoor rather than the exploit using it.assistantfinalVerdict: NOT_EQUIVALENT
What detection methods are most critical for identifying RaaS malware operations conducted by the threat actor known as APT17 within a network infrastructure?,What are the essential detection strategies for RaaS malware used by APT17 in a network environment?,False,False,True,True,False,False,True,True,EQUIVALENT,The paraphrase preserves the same entities and asks for the same detection strategies.assistantfinalVerdict: EQUIVALENT
What kinds of systems are typically targeted by the RPC-based backdoor known as CURIUM?,Which types of systems are commonly targeted by the RPC-based backdoor employed by CURIUM?,False,False,False,False,True,False,True,False,NOT_EQUIVALENT,"The paraphrase changes the relationship, implying the backdoor is called CURIUM rather than being employed by CURIUM."
Which environments and platforms are predominantly targeted by the spyware tactics employed in Dragonfly 2.0?,What platforms or environments are most commonly affected by the spyware techniques of Dragonfly 2.0?,True,True,True,True,True,True,True,True,EQUIVALENT,Both ask which platforms/environments are most commonly impacted by Dragonfly 2.0’s spyware techniques.
In what settings do the malicious worms employed by GALLIUM usually manifest their malicious behavior?,In which environments do the worms used by GALLIUM typically exhibit their malicious behavior?,False,False,True,True,True,True,True,True,EQUIVALENT,"paraphrase preserves meaning, only rewords.assistantfinalVerdict: EQUIVALENT"
What.NET malware tactics are typically associated with the TA505 intrusion set?,Which.NET malware techniques are characteristic of the TA505 intrusion set?,False,False,False,False,False,False,False,False,NOT_EQUIVALENT,"The paraphrase replaces “techniques” with “tactics,” altering the specificity of the relationship being queried."
Which systems and platforms are commonly attacked by the worm's tactics as indicated in C0033?,What platforms are frequently targeted by the worm's methods in C0033?,True,True,True,True,True,True,True,True,NOT_EQUIVALENT,"Adding “systems” broadens the scope beyond the original focus on “platforms,” changing the entities being asked about."
What are the most effective countermeasures against RaaS malware employed by the advanced threat actor APT39?,What methods can be used to detect and prevent RaaS malware used by APT39?,False,False,False,False,False,False,False,False,NOT_EQUIVALENT,"The paraphrase adds a “most effective” constraint and changes “detect and prevent” to a broader “countermeasures,” narrowing and altering the original scope."
What platforms were compromised by the worm's tactics during the 2016 Ukraine Electric Power Attack?,What types of platforms are vulnerable to the worm's techniques in 2016 Ukraine Electric Power Attack?,True,True,True,False,True,True,True,True,NOT_EQUIVALENT,"The paraphrase shifts from asking which platform types are vulnerable to which were actually compromised, altering the relationship."
What detection techniques do experts typically use to identify and flag RaaS malware as reported by Moses Staff?,What are the primary detection techniques for RaaS malware utilized by Moses Staff?,True,False,True,False,True,False,True,True,NOT_EQUIVALENT,changes who uses the detection techniques from Moses Staff to unspecified experts.assistantfinalVerdict: NOT_EQUIVALENT
In which environments do malicious activities from Gallmaker's worms usually manifest themselves?,In which environments do the worms used by Gallmaker typically exhibit their malicious behavior?,True,False,True,False,True,False,True,True,EQUIVALENT,"paraphrase preserves entities and relationship, only rewords.assistantfinalVerdict: EQUIVALENT"
Which systems or platforms are susceptible to the spyware tactics employed by Ajax Security Team?,What types of platforms or systems are vulnerable to the spyware techniques used by Ajax Security Team?,True,True,True,False,True,True,True,True,EQUIVALENT,Both ask for the same kinds of platforms/systems that are vulnerable to the spyware methods used by Ajax Security Team.
What kinds of systems are frequently exploited by malicious software employed to breach Industrial Control Systems devices utilizing NEODYMIUM?,What types of systems are commonly targeted by malware used to compromise the ICS devices of NEODYMIUM?,False,False,False,True,False,False,False,False,EQUIVALENT,"paraphrase preserves entities and relationship, only rewords.assistantfinalVerdict: EQUIVALENT"
What types of systems do malware specifically designed to target industrial control networks operated by Earth Lusca primarily aim to infect?,What are the main targets of malware specifically crafted to infect ICS devices operated by Earth Lusca?,False,False,False,False,False,False,False,False,EQUIVALENT,"paraphrase preserves entities (malware, Earth Lusca, industrial control systems) and relationship (what they target).assistantfinalVerdict: EQUIVALENT"
"Was MarkiRAT utilized by the Honeybee threat actor in their operation, and if so, what are the key actions it performed?","Can you confirm whether MarkiRAT was used by the Honeybee in their campaign? If yes, what are its primary behaviors?",False,False,False,False,False,False,False,False,EQUIVALENT,paraphrase asks same usage and behavior question with same entities.assistantfinalVerdict: EQUIVALENT
Can a potential threat actor exploit the Outlook Home Page to gain unauthorized access to the Control Server?,Can the Outlook Home Page be used to compromise the Control Server?,False,False,False,False,False,False,False,False,EQUIVALENT,"Both ask whether Outlook Home Page can be used to compromise/control unauthorized access to Control Server, same entities and relationship.assistantfinalVerdict: EQUIVALENT"
"Has GOLD SOUTHFIELD utilized the malware Mivast in their cyber operations? If so, what specific behaviors have been documented for this malware?","Has Mivast been employed in the cyber campaign orchestrated by GOLD SOUTHFIELD? If so, what are its identified behaviors?",False,False,False,False,False,False,False,False,EQUIVALENT,paraphrase retains same entities and asks same question about usage and behaviors.assistantfinalVerdict: EQUIVALENT
Does ZxShell play a part in the execution of Operation Dust Storm?,Does the Operation Dust Storm involve the deployment of ZxShell?,False,True,True,False,False,False,False,True,EQUIVALENT,Both ask whether ZxShell is involved/deployed in Operation Dust Storm.
Is the C0015 comprised of the FLASHFLOOD component?,Is FLASHFLOOD a key component of the C0015?,False,True,False,False,False,False,False,False,NOT_EQUIVALENT,"The paraphrase omits the “key” qualifier, changing the question from asking if FLASHFLOOD is a key component to merely asking if it is a component."
"Has Cobian RAT been utilized by the threat actor known as Leviathan in their malicious activities, and if so, what are its characteristic behaviors?","Has Leviathan employed Cobian RAT in their operations? If they have, describe its typical behaviors.",False,False,False,False,True,False,False,False,EQUIVALENT,Both questions ask whether Leviathan used Cobian RAT and request a description of its typical behaviors.
"Was Gelsemium an operation in which OopsIE was utilized, and if so, what distinct behaviors does OopsIE typically exhibit?","Is it true that OopsIE was deployed as part of a Gelsemium operation? If so, what are its characteristic behaviors?",True,False,False,False,False,False,False,False,EQUIVALENT,The paraphrase asks the same yes/no about OopsIE's use in the Gelsemium operation and then requests the same behavior description.assistantfinalVerdict: EQUIVALENT
Were the key behaviors of the Ferocious Kitten campaign associated with the detection of Desert Scorpion?,"Were any instances of Desert Scorpion detected in the Ferocious Kitten campaign? If yes, what are its key behaviors?",False,False,False,False,False,False,False,False,NOT_EQUIVALENT,The paraphrase changes the focus from Desert Scorpion's behaviors to the campaign's behaviors and alters the relationship.assistantfinalVerdict: NOT_EQUIVALENT
What actions are performed by the Lokibot?,What actions does the Lokibot take?,True,True,True,True,True,True,True,True,EQUIVALENT,"Both questions ask for the same set of actions performed by the Lokibot, with identical entities and relationship."
What characteristic behavior is associated with the Uroburos?,What kind of behavior is characteristic of the Uroburos?,True,True,True,True,True,True,True,False,EQUIVALENT,"Both ask for the characteristic behavior of the same entity, Uroburos, without altering scope or meaning."
How does the SUNSPOT function?,In what way does the SUNSPOT operate?,False,False,True,True,True,True,True,True,EQUIVALENT,"Both questions ask for the manner or method by which the SUNSPOT works, using synonymous terms."
How do MESSAGETAP methods manage to avoid being detected by firewalls and other security software?,In what ways do MESSAGETAP techniques evade detection by firewalls and other security tools?,False,False,True,False,False,False,True,False,EQUIVALENT,Both ask how MESSAGETAP techniques/methods avoid detection by firewalls and other security tools/software.
What features is the ThiefQuest known for?,What characteristics does the ThiefQuest exhibit?,False,True,False,True,False,True,True,False,EQUIVALENT,Both ask for the same set of attributes or traits of the ThiefQuest.
How does the Shark function?,In what way does the Shark operate?,True,True,True,True,True,True,True,True,EQUIVALENT,Both questions ask the same thing—how the Shark works—using different wording.
What is the operational mechanism of BlackMould?,How does the BlackMould function?,True,True,True,True,True,True,True,True,EQUIVALENT,Both ask for the same explanation of how BlackMould works.
In which domains is the cmd most frequently encountered?,What are the domains where cmd is most commonly found?,False,False,False,False,False,False,False,False,EQUIVALENT,Both questions ask for the same set of domains where the cmd is most commonly encountered.
What types of security measures are commonly circumvented by the CARROTBAT tactics?,What types of safeguards are typically outsmarted by CARROTBAT tactics?,True,True,True,True,True,True,True,True,EQUIVALENT,"The paraphrase uses synonymous terms for ""safeguards"" and ""outsmarted"" while keeping the same entity (CARROTBAT tactics) and asking about the same relationship."
What security measures are evaded by the tactics employed in the Cinnamon Tempest?,What security defenses are bypassed by techniques used by the Cinnamon Tempest?,False,True,True,True,True,True,True,True,EQUIVALENT,Both ask which security defenses/measures the Cinnamon Tempest's techniques/tactics bypass.
What types of security measures are commonly evaded by the tactics employed by InnaputRAT?,Which types of defenses are typically circumvented by InnaputRAT methods?,True,True,True,False,True,True,True,True,EQUIVALENT,Both ask for the same categories of defenses that InnaputRAT’s methods bypass.
What types of security measures commonly fall prey to the tactics employed by Royal cyber threats?,What types of safeguards are typically outsmarted by Royal tactics?,False,True,False,True,False,True,True,True,EQUIVALENT,"paraphrase preserves same entities and relationship, just rewords.assistantfinalVerdict: EQUIVALENT"
What methods does Evilnum employ to avoid being detected by different types of security defenses?,How do techniques utilized by the Evilnum manage to evade detection by various defenses?,True,False,True,False,False,False,True,False,EQUIVALENT,Both ask for the same Evilnum techniques used to evade detection by various defenses.
What are the primary targets of the tactics and methods employed by Metador?,What types of platforms or devices are the Metador tactics and methods primarily intended to target?,False,False,False,False,False,False,False,False,NOT_EQUIVALENT,"paraphrase omits the specific focus on platforms/devices, broadening the query.assistantfinalVerdict: NOT_EQUIVALENT"
What security protocols do DarkTortilla exploits commonly circumvent?,Which security protocols are often bypassed by DarkTortilla exploits?,True,True,True,False,True,True,True,True,EQUIVALENT,Both ask for the same security protocols that DarkTortilla exploits typically bypass/ circumvent.
What are the actions that Prestige undertakes?,What actions does the Prestige take?,True,True,True,True,True,True,True,True,EQUIVALENT,Both questions ask for the same set of actions performed by the entity Prestige.
What malware was utilized in the 2016 Ukraine Electric Power Attack?,What type of malware is used by the 2016 Ukraine Electric Power Attack?,True,False,True,False,True,False,False,True,EQUIVALENT,same entities (2016 Ukraine Electric Power Attack) and same relationship (type of malware used).assistantfinalVerdict: EQUIVALENT
What was the primary target of the 2015 Ukraine Electric Power Attack cyberattack?,What platform was the focal point of the 2015 Ukraine Electric Power Attack's cyberattack?,False,False,False,False,False,False,False,False,EQUIVALENT,Both ask for the same thing – the main system attacked.assistantfinalVerdict: EQUIVALENT
What typical behaviors are commonly linked to TDTESS?,What are the typical behaviors associated with the TDTESS?,True,True,True,True,True,True,True,True,EQUIVALENT,Both ask for the same set of typical behaviors related to TDTESS without altering scope or entities.
In which environment does Cobalt Strike typically initiate its operation?,In what environment does Cobalt Strike become active?,False,False,False,False,True,False,True,False,EQUIVALENT,Both ask for the environment where Cobalt Strike becomes active/starts operating.
What security measures can FIN7's tactics be designed to evade or bypass?,What types of security measures can techniques employed by the FIN7 circumvent?,False,False,True,False,True,False,True,False,EQUIVALENT,Both ask for the same set of security measures that FIN7's methods can bypass.assistantfinalVerdict: EQUIVALENT
What devices or systems are primarily targeted by the tactics associated with CopyKittens?,What types of devices or systems are the primary targets of the CopyKittens tactics?,False,True,False,False,False,False,False,False,EQUIVALENT,Both ask for the same set of device or system types that are the main targets of CopyKittens tactics.
How do the methods employed by APT39 undermine the efficacy of diverse security measures?,In what ways do techniques used by the APT39 compromise the effectiveness of various security defenses?,True,False,True,False,False,True,True,True,EQUIVALENT,"Both ask how APT39's techniques reduce the effectiveness of security defenses, using synonymous wording."
What techniques and platforms are typically linked with FIN6 attacks?,What platforms are commonly associated with the FIN6 attacks and their techniques?,True,True,True,True,True,True,True,False,EQUIVALENT,"Both ask for the same set of platforms and techniques associated with FIN6 attacks, just reordered."
What methods do FIN4 tactics employ to evade various security defenses?,How do techniques used by the FIN4 outsmart various security defenses?,False,False,True,False,False,True,True,False,EQUIVALENT,"paraphrase preserves entities and relationship, just rewords.assistantfinalVerdict: EQUIVALENT"
What technique is utilized by ZIRCONIUM?,What technique does the ZIRCONIUM employ?,True,True,True,True,True,True,True,True,EQUIVALENT,Both ask for the same technique used by the entity ZIRCONIUM.
What behaviors are characteristic of the Marcher?,What are the typical behaviors associated with the Marcher?,True,True,True,True,True,True,True,True,EQUIVALENT,Both ask for the same set of typical/characteristic behaviors of the Marcher.
What kinds of security measures do Pisloader methods typically bypass?,What kinds of protection do Pisloader techniques usually sidestep?,True,False,True,True,True,True,True,True,EQUIVALENT,The paraphrase uses synonymous terms for “protection”/“security measures” and “sidestep”/“bypass” while keeping the same entity (Pisloader techniques/methods).
What security measures are commonly compromised by RedLeaves methods?,What security features do RedLeaves methods frequently undermine?,False,True,True,True,True,True,True,True,EQUIVALENT,Both ask which security features/measures are commonly weakened by RedLeaves methods.
What was the primary target of the FunnyDream cyberattack's focus?,What platform was the focal point of the FunnyDream's cyberattack?,False,False,False,False,False,False,False,False,NOT_EQUIVALENT,changed entity type from platform to generic target.assistantfinalVerdict: NOT_EQUIVALENT
On which platforms or devices are the Magic Hound tactics and methods primarily designed to operate?,What types of platforms or devices are the Magic Hound tactics and methods primarily intended to target?,True,False,True,True,True,False,True,False,EQUIVALENT,Both ask which platforms/devices the Magic Hound tactics are aimed at/operate on.assistantfinalVerdict: EQUIVALENT
What behavior can be expected from Sakula?,How does the Sakula behave?,True,True,True,True,True,False,True,True,EQUIVALENT,"Both ask for the behavior of the Sakula, just rephrased."
What security protocols are commonly evaded by SpyDealer exploits?,Which security protocols are often bypassed by SpyDealer exploits?,True,True,True,True,True,True,True,False,EQUIVALENT,The paraphrase uses synonymous wording (“commonly evaded” for “often bypassed”) without altering entities or the relationship queried.
What security measures do various TEXTMATE tactics manage to circumvent?,What security measures do TEXTMATE techniques manage to evade?,False,False,True,True,True,True,True,True,EQUIVALENT,"Both ask which security measures are bypassed by TEXTMATE methods, using synonymous terms."
What are the specific actions that the ObliqueRAT malware performs?,What actions does the ObliqueRAT take?,True,True,True,True,True,True,True,True,EQUIVALENT,Both questions ask for the same set of actions performed by the ObliqueRAT malware.
What methodology has been utilized in the context of FunnyDream?,What approach has been taken in the FunnyDream?,True,True,True,True,True,False,True,True,EQUIVALENT,"Both ask for the same method/approach used in FunnyDream, preserving entities and relationship."
What security measures can Peppy tactics successfully bypass?,What security measures do Peppy techniques manage to evade?,True,True,True,True,True,True,True,True,EQUIVALENT,The paraphrase uses synonymous terms and retains the same query about which security measures Peppy methods avoid.
What methods do TURNEDUP techniques utilize to remain undetected by firewalls and other security-related software?,In what ways do TURNEDUP techniques evade detection by firewalls and other security tools?,False,False,False,False,False,False,True,False,EQUIVALENT,"same meaning, just reworded.assistantfinalVerdict: EQUIVALENT"
What malware is believed to have been utilized during the 2022 Ukraine Electric Power Attack?,What kind of virus is being employed by the 2022 Ukraine Electric Power Attack?,True,False,True,False,True,True,False,True,NOT_EQUIVALENT,"The paraphrase broadens the query from specifically asking for a virus to any malware, altering the entity being requested."
What characteristics are inherent to the GrimAgent?,What characteristics does the GrimAgent exhibit?,True,False,True,True,True,True,True,False,EQUIVALENT,Both questions ask for the same set of characteristics of the GrimAgent.
What type of attack vector is most frequently associated with the LAPSUS$?,Which attack vector is commonly linked to the LAPSUS$?,False,False,True,True,True,True,True,True,EQUIVALENT,Both ask for the same attack vector commonly linked to LAPSUS$.assistantfinalVerdict: EQUIVALENT
What types of security measures typically get bypassed by Marcher tactics?,What kinds of protection do Marcher techniques usually sidestep?,True,True,True,True,True,True,True,True,EQUIVALENT,The paraphrase uses synonymous wording without altering the entities or relationship queried.
What types of security measures are commonly bypassed by BLACKCOFFEE tactics?,Which types of defenses are typically circumvented by BLACKCOFFEE methods?,True,True,True,True,True,True,True,True,EQUIVALENT,The paraphrase asks for the same kinds of defenses (security measures) that BLACKCOFFEE methods/tactics typically bypass.
What typical behaviors are commonly linked to the Misdat?,What are the typical behaviors associated with the Misdat?,True,True,True,True,True,True,True,True,EQUIVALENT,Both questions ask for the same set of typical behaviors linked to the Misdat.
What are the defining traits of the Xbash's operational patterns?,What are the primary characteristics of the Xbash's behavior?,True,True,True,True,True,True,True,True,EQUIVALENT,same meaning.assistantfinalVerdict: EQUIVALENT
What was the primary focus of the C0017 attack?,What was the primary target in the C0017?,False,False,False,False,False,False,False,False,EQUIVALENT,"Both ask for the main objective/target of the C0017 attack, preserving the same entity and relationship."
What methods do malicious actors employ to avoid detection by firewalls and other security tools when utilizing the Trojan-SMS.AndroidOS.OpFake.a threat?,In what ways do Trojan-SMS.AndroidOS.OpFake.a techniques evade detection by firewalls and other security tools?,False,False,False,False,False,False,False,False,EQUIVALENT,Both ask for the evasion techniques of Trojan-SMS.AndroidOS.OpFake.a against firewalls and security tools.assistantfinalVerdict: EQUIVALENT
What behaviors are characteristic of the Azorult malware?,What are the typical behaviors associated with the Azorult?,True,True,True,True,True,True,True,True,EQUIVALENT,"Both ask for the typical behaviors of the Azorult malware, preserving the same entity and relationship."
What behavior can be expected from GolfSpy?,How does the GolfSpy behave?,True,True,True,True,True,True,True,True,EQUIVALENT,Both ask for the same information about GolfSpy's behavior.
What platforms are likely to be targeted by the Fox Kitten cyber threats?,Which platforms are most vulnerable to the attacks carried out by the Fox Kitten?,False,False,False,False,False,False,True,False,NOT_EQUIVALENT,"The paraphrase shifts from asking which platforms are most vulnerable to attacks to which are likely to be targeted, altering the relationship being queried."
What malware does the C0017 virus typically employ?,What virus is the C0017 known to use?,True,False,True,False,True,False,True,True,NOT_EQUIVALENT,changes entity type and relationship.assistantfinalVerdict: NOT_EQUIVALENT
What tactics do Pegasus for iOS exploits employ to bypass security protocols?,What security measures do Pegasus for iOS techniques manage to evade?,False,False,False,False,False,False,False,False,NOT_EQUIVALENT,changes from asking about evaded security measures to asking about tactics used to bypass them.assistantfinalVerdict: NOT_EQUIVALENT
What security measures are typically evaded by DarkGate exploits?,Which security protocols are often bypassed by DarkGate exploits?,True,True,True,True,True,True,True,True,EQUIVALENT,The paraphrase asks for the same security protocols/measures that DarkGate exploits typically bypass/evade.
What types of security measures are typically circumvented by MobileOrder methods?,What kinds of protection do MobileOrder techniques usually sidestep?,False,True,True,True,True,True,True,True,EQUIVALENT,The paraphrase uses synonymous terms and retains the same entities and relationship.
What methods does XLoader utilize to remain undetected by firewalls and other security software?,In what ways do XLoader techniques evade detection by firewalls and other security tools?,False,False,False,False,False,False,False,False,EQUIVALENT,Both ask for the same XLoader methods used to avoid detection by firewalls and similar security tools.
What characteristics are most distinctive of SysUpdate's operational behavior?,What are the primary characteristics of the SysUpdate's behavior?,True,True,True,True,True,True,True,True,EQUIVALENT,"Both ask for the main/key characteristics of SysUpdate's behavior, just reworded."
What technique does Taidoor utilize?,What method does the Taidoor employ?,True,True,True,True,True,True,True,True,EQUIVALENT,"Both ask for the same method/technique used by the same entity, Taidoor."
What security protocols typically get circumvented by Remexi exploits?,Which security protocols are often bypassed by Remexi exploits?,False,True,True,True,True,True,True,True,EQUIVALENT,The paraphrase uses synonymous wording without altering the entities or relationship queried.
What does FIN5's behavior typically manifest as?,What is the nature of the FIN5's behavior?,True,True,True,True,True,True,True,True,EQUIVALENT,Both ask for the same description of FIN5's behavior.
What defensive measures are typically circumvented by Cryptoistic attacks?,Which defensive strategies are commonly bypassed by Cryptoistic attacks?,False,True,True,True,True,True,True,True,EQUIVALENT,The paraphrase uses synonymous wording without altering the entities or the relationship queried.
What approach does xCmd employ?,What strategy does the xCmd use?,True,True,True,True,True,True,True,True,EQUIVALENT,"""Strategy"" and ""approach"" are synonymous, and ""use"" and ""employ"" convey the same meaning regarding xCmd."
What are the operational mechanisms behind the Leviathan?,How does the Leviathan operate?,True,True,True,False,True,True,True,True,EQUIVALENT,Both ask for the same explanation of how the Leviathan functions.
What method does GCMAN utilize?,What method is employed by the GCMAN?,True,True,True,True,True,True,True,True,EQUIVALENT,"Both questions ask for the same method used by GCMAN, just rephrased."
What functionality does ThreatNeedle possess?,How does the ThreatNeedle function?,True,True,False,False,True,True,True,True,EQUIVALENT,Both ask for the same information about ThreatNeedle's functionality.
What are the key behavioral traits associated with the CosmicDuke?,What are the primary characteristics of the CosmicDuke's behavior?,True,True,True,True,True,True,True,True,EQUIVALENT,Both ask for the main traits/characteristics of CosmicDuke's behavior.
What behavior is most characteristic of the Desert Scorpion?,What type of behavior is typical for the Desert Scorpion?,True,True,True,True,True,True,True,True,EQUIVALENT,"Both ask for the typical/characteristic behavior of the Desert Scorpion, preserving the same entity and relationship."
What tactics do malicious actors use in Bandook attacks to remain undetected by intrusion detection systems and other security software?,How do Bandook attacks manage to evade detection by intrusion detection systems and other security software?,False,False,False,False,False,False,True,False,EQUIVALENT,paraphrase asks same about evasion tactics of Bandook attacks.assistantfinalVerdict: EQUIVALENT
What features are inherent to the TYPEFRAME?,What characteristics does the TYPEFRAME exhibit?,False,True,False,True,True,True,False,True,EQUIVALENT,"Both ask for the same attributes of the same entity, just using different wording."
What security measures are frequently circumvented by GLOOXMAIL threats?,Which defensive strategies are commonly bypassed by GLOOXMAIL attacks?,True,True,True,True,True,True,True,False,EQUIVALENT,"..."" Provide concise reason.assistantfinalVerdict: EQUIVALENT"
What sets the BRONZE BUTLER apart from other types of cyber threats?,What are the distinguishing characteristics of the BRONZE BUTLER?,False,False,True,False,True,False,False,False,EQUIVALENT,"Both ask for the distinguishing characteristics of the Bronze Butler, just phrased differently."
What tactics do Octopus attacks employ to avoid being detected by intrusion detection systems and other types of security software?,How do Octopus attacks manage to evade detection by intrusion detection systems and other security software?,False,False,True,False,False,False,False,False,EQUIVALENT,Both ask for the methods Octopus attacks use to avoid detection by IDS and other security software.
How does the Calisto function?,In what way does the Calisto operate?,True,True,True,True,True,True,True,True,EQUIVALENT,"Both ask for the manner in which the Calisto operates, using synonymous wording."
What types of defense can be circumvented by using Forfiles?,What defense Forfiles can be sidestepped by?,True,False,False,True,True,False,True,False,EQUIVALENT,"Both ask which defenses can be bypassed using Forfiles, preserving entities and relationship."
How does the EventBot function?,In what way does the EventBot operate?,False,True,True,True,True,True,True,True,EQUIVALENT,Both questions ask the same thing—how the EventBot works—using different wording.
What types of malicious activities is APT29 commonly known to conduct?,What kind of actions does the APT29 typically undertake?,True,True,True,False,True,True,True,True,EQUIVALENT,Both ask for the typical actions/malicious activities performed by APT29.assistantfinalVerdict: EQUIVALENT
What security protocols are commonly circumvented by SpyNote RAT malware?,Which security protocols are often bypassed by SpyNote RAT exploits?,False,True,True,True,False,False,False,True,EQUIVALENT,"The paraphrase asks for the same security protocols targeted by SpyNote RAT, using synonymous wording."
What types of defenses do BlackMould methods typically evade?,What kinds of protection do BlackMould techniques usually sidestep?,True,True,True,True,True,True,True,True,EQUIVALENT,The paraphrase uses synonymous terms without altering the entities or relationship queried.
What type of defense can be compromised by a Ping?,Which defense Ping can be compromised by?,False,False,False,False,False,False,False,False,EQUIVALENT,"Both ask for the same defense that is vulnerable to a Ping attack, merely reworded."
What methods does the Sidewinder utilize to evade and bypass multiple layers of security defenses?,How do techniques used by the Sidewinder outsmart various security defenses?,False,False,True,False,False,False,True,False,EQUIVALENT,Both ask about the same Sidewinder techniques for overcoming security defenses.
What security measures are commonly circumvented by COATHANGER attacks?,Which security protocols are often bypassed by COATHANGER exploits?,True,True,True,True,True,True,True,True,NOT_EQUIVALENT,"The paraphrase replaces “security protocols” with the broader term “security measures,” altering the specific entity being asked about."
What methods do security systems struggle to detect due to the nature of BOOTRASH tactics?,How do BOOTRASH tactics avoid detection by security systems?,False,False,False,False,False,False,False,False,EQUIVALENT,Both ask for the same avoidance methods of BOOTRASH tactics.assistantfinalVerdict: EQUIVALENT
What strategies employed by the Ajax Security Team enable them to evade detection by different types of security defenses?,How do techniques utilized by the Ajax Security Team manage to evade detection by various defenses?,True,False,True,False,True,True,True,False,EQUIVALENT,Both ask for the same techniques/strategies the Ajax Security Team uses to avoid detection by defenses.
What actions does AcidRain typically undertake?,What actions does the AcidRain take?,True,True,True,True,True,True,True,True,NOT_EQUIVALENT,"Adding ""typically"" narrows the scope to usual actions, altering the original request for all actions."
What kinds of actions are commonly associated with the Frankenstein?,What kind of actions does the Frankenstein typically undertake?,True,True,True,True,True,True,True,True,EQUIVALENT,"Both ask for the typical actions performed by or linked to Frankenstein, preserving the same entities and relationship."
In which domains does the malicious activity of Out1 take place?,In what domains does Out1 carry out its malicious activities?,False,False,False,False,False,False,False,False,EQUIVALENT,Both ask for the same set of domains where Out1’s malicious activities occur.
What platform does Pupy specifically operate on?,What is the target platform for Pupy?,False,False,False,False,False,False,False,False,EQUIVALENT,Both ask which platform Pupy is intended to run on.
What security controls do FakeSpy tactics successfully bypass?,What security measures do FakeSpy techniques manage to evade?,True,True,True,True,True,True,True,True,EQUIVALENT,"The paraphrase uses synonymous terms for both the entity (techniques/tactics) and the relationship (evade/bypass), preserving the original meaning."
What types of security measures are evaded by the SpicyOmelette techniques?,What security measures do SpicyOmelette techniques manage to evade?,True,True,True,True,True,True,True,True,EQUIVALENT,"Both ask which security measures are evaded by the SpicyOmelette techniques, preserving entities and relationship."
What method does the Turla utilize?,What method is employed by the Turla?,True,True,True,True,True,True,True,True,EQUIVALENT,"Both questions ask for the same method used by Turla, just rephrased."
What traits or features are associated with ShimRat?,What characteristics does the ShimRat exhibit?,True,True,True,True,False,True,True,False,EQUIVALENT,Both ask for the same set of characteristics of ShimRat.assistantfinalVerdict: EQUIVALENT
What method does the Gelsemium utilize?,What method is employed by the Gelsemium?,True,True,True,True,True,True,True,True,EQUIVALENT,"Both ask for the same method used by the same entity, Gelsemium, just rephrased."
What security measures are often compromised by the use of LoudMiner tactics?,What security features do LoudMiner methods frequently undermine?,False,True,True,True,False,True,True,True,EQUIVALENT,The paraphrase uses synonymous terms and retains the same entities and relationship.
What is the primary tactic employed by the Unitronics Defacement Campaign?,What has been the primary method used by the Unitronics Defacement Campaign?,True,False,True,True,True,True,True,True,EQUIVALENT,Both ask for the same primary method/tactic used by the Unitronics Defacement Campaign.
What types of security measures do DarkWatchman tactics successfully bypass?,What security measures do DarkWatchman techniques manage to evade?,True,True,True,True,True,True,True,True,EQUIVALENT,"The paraphrase asks for the same security measures that DarkWatchman's methods evade, using synonymous wording."
What platforms are usually targeted by the techniques commonly associated with Group5?,What platforms do the techniques employed by the Group5 typically target?,True,False,True,True,True,True,True,False,EQUIVALENT,"Both ask which platforms are targeted by the techniques used/associated with Group5, preserving entities and relationship."
What behaviors are commonly linked to the malware known as Trojan.Karagany?,What are the typical behaviors associated with the Trojan.Karagany?,False,True,True,True,True,True,False,True,EQUIVALENT,"Both ask for the typical behaviors linked to the same malware, Trojan.Karagany."
What methods are used by EnvyScout threats to remain undetected by intrusion detection systems and other security software?,How do EnvyScout attacks manage to evade detection by intrusion detection systems and other security software?,False,False,False,False,False,False,False,False,EQUIVALENT,Both ask for the techniques EnvyScout uses to avoid detection by IDS and security software.
What are the specific actions performed by the Hancitor?,What actions does the Hancitor take?,True,True,True,True,True,True,True,True,EQUIVALENT,Both ask for the same set of actions performed by the Hancitor.
In which areas or networks does MCMD conduct its malicious operations?,In what domains does MCMD carry out its malicious activities?,False,False,False,False,False,False,False,False,EQUIVALENT,paraphrase uses synonyms but same meaning.assistantfinalVerdict: EQUIVALENT
What security measures are often compromised by BS2005 techniques?,What security features do BS2005 methods frequently undermine?,False,True,True,False,True,True,True,True,EQUIVALENT,Both ask which security features/measures are commonly weakened by BS2005 methods/techniques.
What methods does ToddyCat commonly employ to execute its operations?,What approach does the ToddyCat typically use to carry out its operations?,True,True,True,True,True,True,True,True,EQUIVALENT,Both ask for the typical approach or methods ToddyCat uses to carry out its operations.
What manner in which the Ramsay functions?,In what way does the Ramsay operate?,True,True,True,True,True,True,True,True,EQUIVALENT,Both ask for the manner of operation/function of the Ramsay.assistantfinalVerdict: EQUIVALENT
What methods do security tools struggle to detect due to ZLib?,In what ways do ZLib techniques evade detection by firewalls and other security tools?,False,False,False,False,False,False,False,False,EQUIVALENT,Both ask which ZLib techniques evade detection by security tools.assistantfinalVerdict: EQUIVALENT
What techniques do ACAD/Medre.A use to avoid being detected by intrusion detection systems and other security software?,How do ACAD/Medre.A attacks manage to evade detection by intrusion detection systems and other security software?,False,False,False,False,False,False,False,False,EQUIVALENT,Both ask for the same methods ACAD/Medre.A employs to evade detection by IDS and other security software.
What sets the Turla apart from other cyber threats?,What are the distinguishing characteristics of the Turla?,False,True,True,False,False,False,False,False,EQUIVALENT,Both ask for Turla's distinguishing features.assistantfinalVerdict: EQUIVALENT
What behaviors are commonly linked to the use of Machete?,What are the typical behaviors associated with the Machete?,True,True,True,True,True,True,True,True,EQUIVALENT,"Both ask for the typical behaviors related to the Machete, only rephrasing the wording."
What types of activities are usually characteristic of the Ember Bear?,What kind of actions does the Ember Bear typically undertake?,True,True,True,True,True,True,True,True,EQUIVALENT,Both ask for the typical actions/activities characteristic of the Ember Bear.
The Unitronics Defacement Campaign defense measure was successfully circumvented.,The Unitronics Defacement Campaign defense measure was bypassed,False,True,False,False,False,True,True,False,EQUIVALENT,... concise.
On which platform does PowerSploit most commonly operate?,On which type of platform is PowerSploit typically found?,False,False,False,False,False,False,True,False,EQUIVALENT,Both ask which platform PowerSploit is associated with/operates on.assistantfinalVerdict: EQUIVALENT
What traits are exhibited by the Mis-Type?,What characteristics does the Mis-Type exhibit?,True,True,True,True,True,True,True,True,EQUIVALENT,... concise.
What defensive measures are typically circumvented by NETEAGLE attacks?,Which defensive strategies are commonly bypassed by NETEAGLE attacks?,False,True,True,False,True,False,True,True,EQUIVALENT,The paraphrase asks for the same defensive strategies/measures that NETEAGLE attacks commonly bypass/ circumvent.
What behavior is commonly linked to GALLIUM?,What is the typical behavior associated with the GALLIUM?,True,True,True,True,True,True,True,False,EQUIVALENT,"Both ask for the typical/common behavior linked to the same entity, GALLIUM."
What security measures do methods associated with IcedID often compromise?,What security features do IcedID methods frequently undermine?,True,True,True,True,False,True,True,True,EQUIVALENT,The paraphrase uses synonymous wording without altering the entities or relationship queried.
What tactic is linked to the Leafminer?,What strategy is associated with the Leafminer?,True,True,True,True,True,True,True,True,EQUIVALENT,"""Strategy"" and ""tactic"" are synonymous, and ""associated with"" and ""linked to"" convey the same relationship to the same entity."
What security protocols are commonly circumvented by OLDBAIT exploits?,Which security protocols are often bypassed by OLDBAIT exploits?,True,True,True,True,True,True,True,True,EQUIVALENT,The paraphrase uses synonymous wording (“commonly circumvented” for “often bypassed”) without altering entities or scope.
How does Fgdump typically function?,What is the Fgdump's mode of operation?,True,True,True,True,True,True,True,True,EQUIVALENT,Both ask about how Fgdump works/operates.assistantfinalVerdict: EQUIVALENT
What types of security measures are typically evaded by NetTraveler tactics?,What kinds of protection do NetTraveler techniques usually sidestep?,False,True,False,True,True,True,True,True,EQUIVALENT,Both ask which protection/security measures NetTraveler methods typically bypass.
What types of systems or networks are targeted by the Silent Librarian tactics for compromise or disruption?,What platforms do the Silent Librarian techniques aim to compromise or disrupt?,False,False,False,False,False,False,False,False,EQUIVALENT,paraphrase asks same entities (platforms/systems/networks) and same relationship (targeted for compromise/disruption).assistantfinalVerdict: EQUIVALENT
What types of systems and networks are commonly targeted by the APT37 for unauthorized entry?,What platforms are typically exploited by the APT37 to gain unauthorized access?,False,False,False,False,False,False,False,False,NOT_EQUIVALENT,"The paraphrase broadens the scope from “platforms” to “systems and networks,” altering the entities being asked about."
What types of security measures are commonly bypassed by DealersChoice tactics?,Which types of defenses are typically circumvented by DealersChoice methods?,True,True,False,True,True,True,True,True,EQUIVALENT,The paraphrase keeps the same entities (defenses/security measures and DealersChoice methods/tactics) and asks the same relationship of which are bypassed.
What types of security measures often fall prey to the cunning strategies employed by the Brave Prince?,What types of safeguards are typically outsmarted by Brave Prince tactics?,False,True,True,True,False,True,True,True,EQUIVALENT,Both ask which safeguards/security measures are commonly outsmarted by the Brave Prince's tactics/strategies.
What is the primary characteristic of FunnyDream?,What is the primary behavior of the FunnyDream?,False,True,False,False,True,False,False,False,EQUIVALENT,"Both ask for the main attribute of the same entity, merely using synonymous wording."
What behaviors are commonly linked to the NanHaiShu?,What are the typical behaviors associated with the NanHaiShu?,True,True,True,True,True,True,True,True,EQUIVALENT,Both ask for the same set of typical behaviors linked to the NanHaiShu.
What strategy has been linked to Operation Wocao?,Which strategy has been associated with the Operation Wocao?,True,True,True,False,True,False,True,True,EQUIVALENT,"same meaning, just reworded.assistantfinalVerdict: EQUIVALENT"
What method was employed in the Maroochy Water Breach?,What approach has been taken in the Maroochy Water Breach?,True,True,True,True,True,True,True,True,EQUIVALENT,Both ask for the same technique used in the Maroochy Water Breach.
What methods used by TA459 enable it to avoid being detected by different types of defenses?,How do techniques utilized by the TA459 manage to evade detection by various defenses?,True,False,True,False,False,False,True,True,EQUIVALENT,"Both ask which TA459 techniques allow it to avoid detection by defenses, preserving entities and relationship."
What methods do INCONTROLLER tactics employ to evade detection by security systems?,How do INCONTROLLER tactics avoid detection by security systems?,False,False,False,False,False,False,True,False,EQUIVALENT,Both ask for the same methods INCONTROLLER tactics use to avoid detection by security systems.
What type of malware is utilized by the C0033?,What kind of malicious software is used by the C0033?,False,False,True,False,False,False,False,False,EQUIVALENT,"Both ask for the same malware type used by the same entity C0033, just reworded."
Which operating systems or devices are typically targeted by the Dark Caracal methods?,What operating systems or devices are commonly affected by the Dark Caracal techniques?,True,True,True,True,True,True,True,True,EQUIVALENT,Both ask for the same set of operating systems or devices that Dark Caracal commonly impacts or targets.
How does the Lizar function?,In what way does the Lizar operate?,True,True,True,True,True,True,True,True,EQUIVALENT,Both questions ask the same thing—how the Lizar works—using different wording.
What types of actions does LockerGoga typically execute?,What actions does the LockerGoga  take?,True,True,False,False,True,True,False,False,NOT_EQUIVALENT,"added ""typically"" narrows scope.assistantfinalVerdict: NOT_EQUIVALENT"
How do PipeMon methods avoid being detected by firewalls and other security tools?,In what ways do PipeMon techniques evade detection by firewalls and other security tools?,False,False,True,False,False,False,True,False,EQUIVALENT,The paraphrase asks the same question about how PipeMon techniques/methods evade detection by firewalls and other security tools.
How do the tactics employed by DroidJack RAT enable it to avoid being detected by firewalls and other security measures?,In what ways do DroidJack RAT techniques evade detection by firewalls and other security tools?,False,False,True,False,False,False,True,False,EQUIVALENT,Both ask how DroidJack RAT's methods avoid detection by firewalls and other security tools.
In what ways does the Gamaredon Group make its presence known?,How does the Gamaredon Group manifest its presence?,True,True,True,True,True,True,True,True,EQUIVALENT,"Both ask for the ways the Gamaredon Group shows or manifests its presence, preserving the same entity and relationship."
What security protocols are typically evaded by the EvilBunny exploits?,Which security protocols are often bypassed by EvilBunny exploits?,False,True,True,True,True,True,True,True,EQUIVALENT,Both ask for the same set of security protocols that EvilBunny exploits commonly bypass/evade.
How was the CostaRicto operation conducted?,In what way has the CostaRicto been carried out?,False,True,True,True,True,True,False,True,EQUIVALENT,Both questions ask for the manner in which the CostaRicto operation was performed.
What behaviors are most commonly observed with RCSAndroid?,What are the typical behaviors associated with the RCSAndroid?,True,True,True,True,True,True,True,True,EQUIVALENT,"Both ask for the common or typical behaviors linked to RCSAndroid, preserving the same entity and relationship."
What behaviors are commonly observed with the RogueRobin?,What are the typical behaviors associated with the RogueRobin?,True,True,True,True,True,True,True,True,EQUIVALENT,Both ask for the same typical behaviors of the RogueRobin without altering scope or entities.
What security measures can the tactics used by the Silent Librarian evade or bypass?,What types of security measures can techniques employed by the Silent Librarian circumvent?,False,True,True,True,False,True,True,True,EQUIVALENT,"paraphrase preserves entities and relationship, only rewords.assistantfinalVerdict: EQUIVALENT"
What are the operational capabilities of CrossRAT?,How does the CrossRAT function?,True,True,True,True,True,True,True,False,NOT_EQUIVALENT,The paraphrase asks about capabilities rather than the mechanism of how CrossRAT functions.
What characteristics are most representative of FlawedGrace's behavior?,What are the primary characteristics of the FlawedGrace's behavior?,True,True,True,True,True,True,True,True,EQUIVALENT,"Both ask for the main or most representative characteristics of FlawedGrace's behavior, preserving the same entity and relationship."
What types of security measures are frequently evaded by Fakecalls tactics?,What types of safeguards are typically outsmarted by Fakecalls tactics?,True,True,False,True,True,True,True,True,EQUIVALENT,The paraphrase uses synonymous terms and retains the same entities and relationship.
What security measures can be evaded by the tactics used by TA505?,What types of security measures can techniques employed by the TA505 circumvent?,False,True,True,True,True,True,True,True,EQUIVALENT,"same entities and relationship, just reworded.assistantfinalVerdict: EQUIVALENT"
What kind of behavior is exhibited by IceApple?,How does the IceApple behave?,True,True,True,True,True,True,True,True,EQUIVALENT,"Both ask for the behavior exhibited by IceApple, just rephrased."
What defensive measures are frequently evaded by Catchamas attacks?,Which defensive strategies are commonly bypassed by Catchamas attacks?,False,True,True,True,True,True,True,True,EQUIVALENT,...assistantfinalVerdict: EQUIVALENT
What is the operational mechanism of the Akira?,How does the Akira operate?,True,True,True,True,True,True,True,True,EQUIVALENT,Both ask for the same explanation of how the Akira functions.
What method is used by the ALLANITE?,What method is employed by the ALLANITE?,True,True,True,True,True,True,True,True,EQUIVALENT,"..."" concise."
What distinguishes the Chimera from other threats in terms of its fundamental nature?,What are the distinguishing characteristics of the Chimera?,False,False,False,False,False,False,False,False,NOT_EQUIVALENT,"The paraphrase adds a comparative context (“from other threats”) and narrows the focus to “fundamental nature,” altering the original request for general distinguishing characteristics."
What behavior is typically associated with the HOPLIGHT?,What kind of behavior is characteristic of the HOPLIGHT?,True,True,True,True,True,True,True,True,EQUIVALENT,"Both ask for the typical or characteristic behavior of the HOPLIGHT, preserving the same entity and relationship."
What is the operational mechanism of Exobot?,How does the Exobot function?,True,True,True,True,True,True,True,True,EQUIVALENT,Both ask for the same explanation of how Exobot works.
What security features are commonly compromised by OBAD methods?,What security features do OBAD methods frequently undermine?,False,True,True,False,True,True,True,True,EQUIVALENT,Both ask which security features are typically weakened or compromised by OBAD methods.
What was the primary goal of the Triton Safety Instrumented System Attack in relation to the targeted industrial control system?,What was the main objective of the Triton Safety Instrumented System Attack in terms of the target platform?,False,False,False,False,False,False,False,False,EQUIVALENT,"paraphrase preserves meaning, just rewords.assistantfinalVerdict: EQUIVALENT"
What tactics do attackers employing AuditCred utilize to successfully avoid being detected by intrusion detection systems and other security software?,How do AuditCred attacks manage to evade detection by intrusion detection systems and other security software?,False,False,True,False,False,False,False,False,EQUIVALENT,Both ask for the methods AuditCred attacks use to avoid detection by IDS and security software.
What are the defining features of the SHOTPUT's operational behavior?,What are the primary characteristics of the SHOTPUT's behavior?,True,True,True,True,True,True,True,True,EQUIVALENT,Both ask for the main characteristics/features of the SHOTPUT's behavior.
What security mechanisms are commonly circumvented by LIGHTWIRE techniques?,What security features do LIGHTWIRE methods frequently undermine?,True,True,True,True,True,True,True,True,EQUIVALENT,Both ask which security features/mechanisms are commonly bypassed by LIGHTWIRE methods/techniques.
What actions are typically undertaken by the Axiom?,What kind of actions does the Axiom typically undertake?,True,True,True,True,True,True,True,True,EQUIVALENT,"Both questions ask for the typical actions performed by the Axiom, using identical entities and relationship."
What security protocols typically fall victim to evasion tactics employed by Carberp exploits?,Which security protocols are often bypassed by Carberp exploits?,False,True,True,True,False,True,True,True,EQUIVALENT,Both ask for the same security protocols that Carberp exploits commonly bypass.
What is the functionality of the HALFBAKED function?,How does the HALFBAKED function?,False,False,False,True,True,False,False,False,EQUIVALENT,Both ask for the same explanation of how the HALFBAKED function works.
What kinds of security measures are commonly bypassed by KEYPLUG tactics?,What types of safeguards are typically outsmarted by KEYPLUG tactics?,True,True,True,True,True,True,True,True,EQUIVALENT,Both ask for the same categories of safeguards/security measures that KEYPLUG tactics overcome.
Where does Cachedump's primary impact typically occur?,Where does Cachedump typically exert its influence?,False,False,False,False,False,False,False,False,EQUIVALENT,Both ask for the typical location where Cachedump exerts its influence/impact.
In what environment or platform does FTP carry out its operations?,Where does FTP execute its functions?,False,False,False,False,False,False,False,False,EQUIVALENT,Both ask about the environment/platform where FTP performs its functions.
What properties are associated with the DEFENSOR ID?,What characteristics does the DEFENSOR ID exhibit?,False,True,False,True,False,False,False,False,EQUIVALENT,"Both questions ask for the same set of attributes of the DEFENSOR ID, just using different wording."
What types of security measures do Shark techniques typically bypass.,What kinds of protection do Shark techniques usually sidestep?,True,True,True,True,True,True,True,True,EQUIVALENT,paraphrase uses synonymous terms without altering scope.assistantfinalVerdict: EQUIVALENT
What is the primary function or operation characteristic of Saint Bot?,What is the primary behavior of the Saint Bot?,False,True,True,False,False,False,True,False,EQUIVALENT,"Both ask for the main behavior/function of the same entity, Saint Bot."
What tactic was employed by Operation CuckooBees?,The Operation CuckooBees utilized which tactic?,True,True,True,True,True,True,True,True,EQUIVALENT,"Both ask for the same tactic used by Operation CuckooBees, with identical entities and relationship."
What is the main function of the Prikormka?,What is the primary behavior of the Prikormka?,False,False,False,False,False,False,False,False,EQUIVALENT,Both ask for the same core characteristic—what the Prikormka primarily does.
How do FlyTrap tactics manage to evade detection by firewalls and other security software?,In what ways do FlyTrap techniques evade detection by firewalls and other security tools?,False,False,True,False,False,False,True,False,EQUIVALENT,"same meaning, just reworded.assistantfinalVerdict: EQUIVALENT"
What methods does Windshift generally employ to execute its operations?,What approach does the Windshift typically use to carry out its operations?,True,True,True,True,True,True,True,True,EQUIVALENT,Both ask for the typical approach or methods Windshift uses to carry out its operations.
What operations are carried out by Impacket across various domains?,What domains does Impacket target for its operations?,False,False,False,False,False,False,False,False,NOT_EQUIVALENT,The paraphrase changes the focus from which domains are targeted to which operations are performed.assistantfinalVerdict: NOT_EQUIVALENT
What is the primary functionality of the HyperBro?,How does the HyperBro function?,True,False,False,True,False,True,False,False,NOT_EQUIVALENT,"The original asks how HyperBro works (its mechanism), while the paraphrase asks what its primary function is (its purpose), changing the focus."
What tactics do the individuals associated with the admin@338 account employ to evade detection by diverse security measures?,How do techniques used by the admin@338 outsmart various security defenses?,True,False,True,False,False,False,True,False,EQUIVALENT,"same entities and relationship, just reworded.assistantfinalVerdict: EQUIVALENT"
What types of defenses can be outmaneuvered by CARROTBALL?,Which defense CARROTBALL can be outmaneuvered by?,True,True,True,True,True,False,True,True,NOT_EQUIVALENT,"The original asks which defenses can outmaneuver CARROTBALL, while the paraphrase asks which defenses are outmaneuvered by CARROTBALL, reversing the relationship."
What types of security measures are often evaded or bypassed by the Pay2Key tactics?,What types of safeguards are typically outsmarted by Pay2Key tactics?,False,True,True,True,True,True,True,True,EQUIVALENT,Both ask for the same categories of safeguards/security measures that Pay2Key tactics overcome.
What methods can bypass or compromise SDelete?,What defense SDelete can be defeated by?,False,False,False,False,False,False,False,False,EQUIVALENT,Both ask for ways to overcome or defeat SDelete.assistantfinalVerdict: EQUIVALENT
What strategies do the tactics of Trojan-SMS.AndroidOS.FakeInst.a employ to evade detection by security systems?,How do Trojan-SMS.AndroidOS.FakeInst.a tactics avoid detection by security systems?,False,False,True,False,False,False,True,False,EQUIVALENT,Both ask for the same tactics/strategies used by Trojan-SMS.AndroidOS.FakeInst.a to evade security detection.
What security protocols are commonly circumvented by Power Loader exploits?,Which security protocols are often bypassed by Power Loader exploits?,True,True,True,True,True,True,True,True,EQUIVALENT,The paraphrase uses synonymous terms and retains the same entities and relationship.
What types of defenses can be vulnerable to a netstat compromise?,Which defense netstat can be compromised by?,False,False,False,False,False,False,False,False,EQUIVALENT,Both ask for defenses that can be compromised by netstat.assistantfinalVerdict: EQUIVALENT
What techniques do Black Basta employ to remain undetected by intrusion detection systems and other security software?,How do Black Basta attacks manage to evade detection by intrusion detection systems and other security software?,False,False,False,False,False,False,False,False,EQUIVALENT,Both ask for the methods Black Basta uses to avoid detection by intrusion detection systems and other security software.
What types of security measures are able to be evaded by Killdisk methods?,What security measures do Killdisk techniques manage to evade?,False,False,True,True,True,True,True,True,EQUIVALENT,"Both ask which security measures are evaded by Killdisk techniques/methods, preserving entities and relationship."
What typical behaviors are associated with the RAPIDPULSE?,What are the typical behaviors associated with the RAPIDPULSE?,True,True,True,True,True,True,True,True,EQUIVALENT,... one concise sentence.
What behavior can be observed from Judy?,How does the Judy behave?,True,True,True,True,True,False,True,True,EQUIVALENT,Both ask for description of Judy's behavior.assistantfinalVerdict: EQUIVALENT
What is Lucifer's primary mode of operation?,What is the primary behavior of the Lucifer?,False,True,True,True,True,False,True,True,EQUIVALENT,"Both ask for the main behavior or mode of operation of the same entity, Lucifer."
What platforms are commonly targeted by the tactics and techniques used by Threat Group-3390?,What platforms do the techniques employed by the Threat Group-3390 typically target?,True,True,True,True,True,False,True,False,EQUIVALENT,Both ask for the same set of platforms targeted by Threat Group-3390's techniques.assistantfinalVerdict: EQUIVALENT
What behavior is most commonly linked to the Orangeworm?,What is the typical behavior associated with the Orangeworm?,True,True,True,True,True,True,True,True,EQUIVALENT,Both ask for the typical/most common behavior of the Orangeworm.assistantfinalVerdict: EQUIVALENT
What devices or systems are most frequently targeted by the Dust Storm tactics?,What types of devices or systems are the primary targets of the Dust Storm tactics?,False,True,False,False,False,False,False,False,EQUIVALENT,"Both ask which devices or systems are the main/most common targets of Dust Storm tactics, preserving the same entities and relationship."
What defensive tactics are typically evaded by ViceLeaker attacks?,Which defensive strategies are commonly bypassed by ViceLeaker attacks?,False,True,False,False,False,True,True,True,EQUIVALENT,The paraphrase uses synonymous terms and retains the same entities and relationship.
What can evade the security measures listed in Tasklist?,What defense Tasklist can be sidestepped by?,False,False,False,False,False,False,False,False,NOT_EQUIVALENT,"The paraphrase reverses the direction of the relationship, asking what evades the Tasklist defenses instead of which defense can be sidestepped by Tasklist."
What behavior is typically associated with GPlayed?,What kind of behavior is characteristic of the GPlayed?,True,True,True,True,True,False,True,True,EQUIVALENT,"Both ask for the typical or characteristic behavior of the same entity, GPlayed."
What tactics and techniques do threat actors use to evade detection by intrusion detection systems and other security software in WastedLocker attacks?,How do WastedLocker attacks manage to evade detection by intrusion detection systems and other security software?,False,False,True,False,False,False,False,False,EQUIVALENT,Both ask for the methods used by WastedLocker attacks to avoid detection by IDS and security software.
What tactics do the Gold Dragon attacks employ to successfully evade detection by intrusion detection systems and other security software?,How do Gold Dragon attacks manage to evade detection by intrusion detection systems and other security software?,False,False,False,False,False,False,False,False,EQUIVALENT,Both ask for the methods Gold Dragon attacks use to avoid detection by IDS and security software.
What types of security measures typically get bypassed by Matroyshka tactics?,What kinds of protection do Matroyshka techniques usually sidestep?,True,True,True,True,True,True,True,True,EQUIVALENT,"The paraphrase uses synonymous terms (“types of security measures” for “kinds of protection,” “bypassed” for “sidestep,” “tactics” for “techniques”) while preserving the same subject and relationship."
Which security systems are vulnerable to the tactics utilized by the Dragonfly?,What types of security systems are susceptible to techniques employed by the Dragonfly?,False,True,True,False,False,True,False,True,EQUIVALENT,Both ask for the same categories of security systems that are vulnerable to Dragonfly's methods.
What types of security measures are commonly evaded by the tactics used by Lokibot?,What types of safeguards are typically outsmarted by Lokibot tactics?,True,False,True,False,True,True,True,True,EQUIVALENT,Both ask for the same categories of safeguards/security measures that Lokibot tactics bypass.
What security controls are evaded by the techniques employed by the Frankenstein?,Which security controls are bypassed by the techniques used by the Frankenstein?,True,True,True,True,True,True,True,True,EQUIVALENT,The paraphrase uses synonymous wording without altering the entities or the relationship queried.
What typical behaviors are commonly linked to Adups?,What are the typical behaviors associated with the Adups?,True,True,True,True,True,True,True,True,EQUIVALENT,"Both ask for the same set of typical behaviors linked to the Adups, with only wording changed."
What is the operational mechanism behind the Teardrop?,How does the Teardrop function?,True,True,True,False,True,True,True,True,EQUIVALENT,Both ask for the same explanation of how the Teardrop operates.
What kinds of security measures are commonly bypassed by CreepyDrive tactics?,Which types of defenses are typically circumvented by CreepyDrive methods?,True,True,True,True,True,True,True,True,EQUIVALENT,The paraphrase uses synonymous terms without altering the entities or the relationship being asked about.
What actions does HyperBro  perform?,What actions does the HyperBro  take?,True,True,True,True,True,True,True,True,EQUIVALENT,"Both ask for the actions performed by the same entity, HyperBro, with only wording changed."
What technique is most typical of the DarkVishnya's actions?,What type of technique is characteristic of the DarkVishnya's activities?,True,True,True,True,True,True,True,True,EQUIVALENT,"Both ask for the technique that is characteristic/typical of DarkVishnya’s activities, with only wording differences."
In what ways does the Scarlet Mimic signify its presence?,How does the Scarlet Mimic manifest its presence?,True,True,True,False,True,True,True,True,EQUIVALENT,"Both ask for the ways the Scarlet Mimic shows or indicates its presence, preserving the same entity and relationship."
What methods does SilverTerrier characteristically employ to execute its operations?,What approach does the SilverTerrier typically use to carry out its operations?,True,True,True,True,True,True,True,True,EQUIVALENT,Both ask for the typical approach or methods SilverTerrier uses to carry out its operations.
What behavior is typically associated with the SOUNDBITE?,What kind of behavior is characteristic of the SOUNDBITE?,True,True,True,True,True,True,True,True,EQUIVALENT,"Both ask for the typical or characteristic behavior of the same entity, SOUNDBITE."
What types of defenses are commonly bypassed by Mosquito methods?,Which types of defenses are typically circumvented by Mosquito methods?,False,True,False,True,True,True,True,True,EQUIVALENT,The paraphrase uses synonymous wording without altering the entities or relationship queried.
How do Mivast tactics manage to evade detection by firewalls and other security software systems?,In what ways do Mivast techniques evade detection by firewalls and other security tools?,False,False,True,False,False,False,True,False,EQUIVALENT,"only wording changed, same meaning.assistantfinalVerdict: EQUIVALENT"
What kinds of security measures do typical Rover methods generally bypass?,What kinds of protection do Rover techniques usually sidestep?,True,False,True,True,True,True,True,True,EQUIVALENT,same entities (Rover techniques) and same relationship (what kinds of protection/security measures they sidestep/bypass).assistantfinalVerdict: EQUIVALENT
What security measures do these metaMain tactics succeed in avoiding?,What security measures do metaMain techniques manage to evade?,True,True,True,True,False,True,True,True,EQUIVALENT,Both ask which security measures are evaded/avoided by the same metaMain techniques.
What can we anticipate from the Dragonfly 2.0 in terms of behavior?,What behavior can be expected from the Dragonfly 2.0?,False,True,True,True,True,True,True,True,EQUIVALENT,Both ask the same question about the expected behavior of the Dragonfly 2.0.
Which of the following platforms are most susceptible to the Mofang carried out attacks?,Which platforms are most vulnerable to the attacks carried out by the Mofang?,False,True,False,False,True,False,True,False,EQUIVALENT,"Both ask which platforms are most vulnerable/susceptible to attacks performed by the Mofang, with no change in entities or relationship."
What defensive measures are typically evaded by ServHelper attacks?,Which defensive strategies are commonly bypassed by ServHelper attacks?,True,True,True,True,False,True,True,True,EQUIVALENT,The paraphrase uses synonymous terms and retains the same entities and relationship.
What are the core behavioral traits associated with the WhisperGate?,What are the primary characteristics of the WhisperGate's behavior?,True,True,True,True,True,True,True,True,EQUIVALENT,Both ask for the main traits/characteristics of WhisperGate's behavior.
Which security systems are vulnerable to the methods utilized by SideCopy?,What types of security systems are susceptible to techniques employed by the SideCopy?,False,True,True,True,False,True,False,True,EQUIVALENT,"same entities and relationship, just reworded.assistantfinalVerdict: EQUIVALENT"
Which operating systems and devices are typically targeted by the APT39 tactics?,What operating systems or devices are commonly affected by the APT39 techniques?,True,True,True,False,True,False,True,False,NOT_EQUIVALENT,changes relationship from techniques to tactics.assistantfinalVerdict: NOT_EQUIVALENT
What tactic is utilized by the Naikon?,What method is employed by the Naikon?,True,True,True,True,True,True,True,True,EQUIVALENT,"“method” and “tactic” are synonymous, and “employed” and “utilized” convey the same relationship with the same entity (Naikon)."
What is the behavior of the CHOPSTICK?,How does the CHOPSTICK behave?,True,True,True,True,True,True,True,True,EQUIVALENT,"Both questions ask for the behavior of the CHOPSTICK, just rephrased."
What security features are commonly compromised by the Exaramel methods?,What security features do Exaramel methods frequently undermine?,False,True,True,False,True,True,True,True,EQUIVALENT,Both ask for the same security features that are typically weakened by Exaramel methods.
In which domains does PoshC2 typically operate?,What are the domains where PoshC2 is most commonly found?,False,False,False,False,False,False,False,False,EQUIVALENT,Both ask for the same set of domains where PoshC2 is commonly present/operates.
What behavior patterns are generally linked to the Metador?,What is the typical behavior associated with the Metador?,True,True,True,True,True,True,True,True,EQUIVALENT,"Both ask for the usual behavior linked to the Metador, preserving entity and relationship."
How does the GoldMax function in its operation?,In what way does the GoldMax operate?,True,True,True,False,True,True,True,True,EQUIVALENT,"Both questions ask for the manner or method by which the GoldMax operates, using different wording but the same meaning."
What actions does eSurv typically undertake?,What actions does the eSurv take?,True,True,True,True,True,True,True,True,NOT_EQUIVALENT,"The paraphrase adds ""typically"", narrowing scope.assistantfinalVerdict: NOT_EQUIVALENT"
What types of platforms are usually targeted by the tactics and techniques commonly associated with APT41?,What platforms do the techniques employed by the APT41 typically target?,True,True,True,True,True,False,True,True,EQUIVALENT,"paraphrase preserves meaning, same entities and relationship.assistantfinalVerdict: EQUIVALENT"
What security protocols are typically evaded by the exploits of HermeticWizard?,Which security protocols are often bypassed by HermeticWizard exploits?,True,True,True,True,True,True,True,True,EQUIVALENT,"The paraphrase asks for the same security protocols bypassed by the same exploits, using synonymous wording.assistantfinalVerdict: EQUIVALENT"
What does APT16's behavior typically manifest as?,What is the nature of the APT16's behavior?,True,True,True,True,True,True,True,True,EQUIVALENT,Both ask for the same description of APT16's behavior.
What behavior is commonly associated with the jRAT?,What type of behavior is typical for the jRAT?,True,True,True,False,True,True,True,True,EQUIVALENT,"Both ask for the typical or commonly associated behavior of the jRAT, preserving the same entity and relationship."
What methods do Bumblebee threats utilize to remain undetected by intrusion detection systems and other types of security software?,How do Bumblebee attacks manage to evade detection by intrusion detection systems and other security software?,False,False,False,False,False,False,False,False,EQUIVALENT,"Both ask how Bumblebee attacks/threats avoid detection by IDS and other security software, using only wording changes."
What security measures do various Comnie tactics successfully bypass?,What security measures do Comnie techniques manage to evade?,True,False,True,True,True,False,True,True,EQUIVALENT,paraphrase only rewords without changing scope.assistantfinalVerdict: EQUIVALENT
What security protocols are commonly evaded by Orz exploits?,Which security protocols are often bypassed by Orz exploits?,True,True,True,True,True,True,True,False,EQUIVALENT,The paraphrase uses synonymous wording without altering entities or the asked relationship.
What type of malware is utilized by the C0027?,What kind of malicious software is used by the C0027?,False,False,True,False,False,False,False,False,EQUIVALENT,"Both ask for the same malware type employed by the entity C0027, just reworded."
What tactics or strategies do the meek typically employ?,What mechanism does the meek utilize?,True,True,True,True,True,True,False,True,EQUIVALENT,"Both ask what methods the meek use, merely rephrasing “mechanism” as “tactics or strategies” without altering the entity or core relationship."
What can one anticipate from the behavior of APT38?,What behavior can be expected from the APT38?,False,True,True,True,False,True,False,True,EQUIVALENT,"Both ask for the expected behavior of APT38, just reworded."
How does the CookieMiner function?,In what way does the CookieMiner operate?,False,True,True,True,True,True,True,True,EQUIVALENT,Both questions ask the same thing—how the CookieMiner works—using different wording.
What techniques do GeminiDuke attacks employ to successfully evade detection by various intrusion detection systems and other types of security software?,How do GeminiDuke attacks manage to evade detection by intrusion detection systems and other security software?,False,False,False,False,False,False,True,False,EQUIVALENT,"Both ask for the methods GeminiDuke uses to avoid detection by IDS and other security software, with only superficial wording changes."
What type of malware is believed to have been used by the entity identified as C0026?,The C0026 is thought to have employed which form of malware?,False,False,False,False,False,False,False,False,EQUIVALENT,Both ask for the specific type of malware that C0026 is believed to have used.
What platforms does QuasarRAT primarily operate on?,What is the target platform for QuasarRAT?,False,False,False,False,False,False,False,False,NOT_EQUIVALENT,"The paraphrase shifts from asking the intended target platform to asking which platforms it actually operates on, altering the scope of the question."
What techniques does the MuddyWater group utilize?,What method does the MuddyWater employ?,True,True,True,True,True,True,True,True,EQUIVALENT,"Both ask for the same kind of approach used by the MuddyWater entity, just reworded."
What behavior is typically associated with PowerPunch?,What kind of behavior is characteristic of the PowerPunch?,True,True,True,False,True,True,True,True,EQUIVALENT,same meaning.assistantfinalVerdict: EQUIVALENT
What operational tactics does the Sandworm Team typically employ?,What is the Sandworm Team's preferred method of operation?,True,True,True,True,True,True,True,True,EQUIVALENT,Both ask for the typical operational approach used by the Sandworm Team.
What kind of behavior is characteristic of Cerberus?,How does the Cerberus behave?,True,True,True,False,True,True,True,True,EQUIVALENT,"Both ask for the characteristic behavior of Cerberus, preserving the same entity and relationship."
What behaviors are commonly linked to the Janicab?,What are the typical behaviors associated with the Janicab?,True,True,True,True,True,True,True,True,EQUIVALENT,Both ask for the same set of typical behaviors linked to the Janicab.
"Where are Lslsass typically active, and which domains are often implicated in its activities?","Where does Lslsass usually operate, and what domains are involved?",False,False,False,False,False,False,False,False,EQUIVALENT,"Both ask the same about where Lslsass operates and which domains are involved, just reworded."
What security measures are often evaded by the tactics employed by the BlackCat threat actors?,What types of safeguards are typically outsmarted by BlackCat tactics?,True,True,True,True,True,True,True,True,EQUIVALENT,"paraphrase preserves same entities and relationship, just rewords.assistantfinalVerdict: EQUIVALENT"
What security measures can the tactics employed by APT-C-23 bypass or circumvent?,Can you identify the security measures that techniques used by the APT-C-23 can evade?,False,True,True,True,True,True,True,True,EQUIVALENT,paraphrase preserves entities (APT-C-23) and relationship (security measures evaded/bypassed).assistantfinalVerdict: EQUIVALENT
What defensive measures are often evaded by Chinoxy attacks?,Which defensive strategies are commonly bypassed by Chinoxy attacks?,False,True,True,True,True,True,True,True,EQUIVALENT,Both ask for the same defensive strategies/measures that Chinoxy attacks typically bypass/evade.
What types of security measures are commonly bypassed by Dok techniques?,Which types of defenses are typically circumvented by Dok methods?,True,True,True,True,True,True,True,False,EQUIVALENT,The paraphrase uses synonymous terms without altering the entities or relationship queried.
How do Adups methods manage to avoid being detected by firewalls and other security tools?,In what ways do Adups techniques evade detection by firewalls and other security tools?,False,False,True,True,False,False,True,False,EQUIVALENT,Both ask for the same ways Adups techniques/methods avoid detection by firewalls and other security tools.
What security controls do the tactics employed by APT28 manage to evade or circumvent?,Which security controls are bypassed by the techniques used by the APT28?,False,True,True,False,True,True,True,True,EQUIVALENT,"same entities and relationship, just reworded.assistantfinalVerdict: EQUIVALENT"
What types of security measures do BLUELIGHT methods typically bypass?,What kinds of protection do BLUELIGHT techniques usually sidestep?,False,False,True,True,True,True,True,True,EQUIVALENT,"The paraphrase uses synonymous terms for “kinds of protection,” “techniques,” and “sidestep,” preserving the same entities and relationship."
What types of security controls are able to be circumvented by RegDuke tactics?,What security measures do RegDuke techniques manage to evade?,False,True,True,True,True,True,True,True,EQUIVALENT,"paraphrase preserves entities (RegDuke, security measures/controls) and relationship (evade/circumvent).assistantfinalVerdict: EQUIVALENT"
What characteristics are typically associated with POORAIM?,What characteristics does the POORAIM exhibit?,False,True,True,True,True,False,True,True,EQUIVALENT,Both ask for the characteristics of POORAIM.assistantfinalVerdict: EQUIVALENT
What types of security measures are commonly bypassed by Triada tactics?,What types of safeguards are typically outsmarted by Triada tactics?,True,True,False,True,True,True,True,True,EQUIVALENT,"“Safeguards” and “security measures” are synonymous, and “outsmarted” and “bypassed” convey the same idea of being circumvented, with “typically” and “commonly” matching in scope."
In what manner does the MONSOON make its presence known?,How does the MONSOON manifest its presence?,True,True,True,True,True,False,True,True,EQUIVALENT,"Both ask for the manner in which the MONSOON shows or makes its presence known, preserving the same entity and relationship."
What security features are commonly circumvented by gh0st RAT tactics?,What security features do gh0st RAT methods frequently undermine?,True,False,True,True,True,True,True,True,EQUIVALENT,Both ask which security features are typically bypassed/undermined by gh0st RAT methods/tactics.
What security controls can techniques employed by MoustachedBouncer circumvent?,Can you identify the security measures that techniques used by the MoustachedBouncer can evade?,True,True,True,False,True,True,True,True,EQUIVALENT,Both ask for the same security measures that MoustachedBouncer's techniques can bypass.
What types of defenses can Peirates evade?,What defense Peirates can be sidestepped by?,False,True,True,True,True,True,True,False,EQUIVALENT,Both ask which defenses Peirates can bypass.assistantfinalVerdict: EQUIVALENT
What method does GALLIUM typically employ in its operation?,What is the GALLIUM's preferred method of operation?,True,True,True,True,True,True,True,True,EQUIVALENT,Both ask for the same method that GALLIUM uses in its operation.
What malware is primarily utilized by APT37 for the purpose of data theft?,What is the primary malware used by the APT37 for stealing data?,False,False,False,False,False,False,False,False,EQUIVALENT,Both questions ask for the same primary malware that APT37 uses to steal data.
What malware is used by the notorious hacker group known as Sharpshooter to gain unauthorized access or extort victims?,What is the identity of the backdoor or ransomware used by the Sharpshooter?,False,False,False,False,False,False,False,False,NOT_EQUIVALENT,paraphrase broadens the type of malware beyond backdoor/ransomware.assistantfinalVerdict: NOT_EQUIVALENT
What methods can be employed to identify the occurrence of OBAD within a system?,How do you detect the presence of OBAD in a system?,False,False,False,False,False,False,False,False,EQUIVALENT,... concise.
What malware does the malicious actor known as SideCopy utilize?,What is the name of the rootkit or spyware used by the SideCopy?,False,False,False,False,False,False,False,False,NOT_EQUIVALENT,paraphrase broadens the type of software from rootkit/spyware to any malware.assistantfinalVerdict: NOT_EQUIVALENT
What malware variant is associated with the threat actor known as Honeybee?,What backdoor or ransomware variant is employed by the Honeybee?,False,False,False,False,False,False,False,False,NOT_EQUIVALENT,"The paraphrase broadens the query to any malware variant, dropping the specific backdoor or ransomware constraint of the original."
What ransomware or backdoor is linked to the Scattered Spider?,What type of backdoor or ransomware is associated with the Scattered Spider?,False,False,False,False,True,False,False,False,EQUIVALENT,"Both ask for the same ransomware or backdoor associated with the Scattered Spider, just reworded."
What methods are typically employed to identify and counteract the BADHATCH threat?,What are the common methods used to detect and prevent BADHATCH infections?,False,False,False,False,False,False,True,False,EQUIVALENT,Both ask for the same methods to detect (identify) and prevent (counteract) BADHATCH infections/threat.
What techniques are typically employed to identify and counter the Olympic Destroyer malware?,Can you tell me about the techniques used to detect Olympic Destroyer?,False,False,True,False,False,False,False,False,NOT_EQUIVALENT,"The paraphrase expands the scope to include countermeasures, not just detection techniques."
What malware is associated with the notorious Stolen Pencil operation?,Which type of rootkit or spyware is linked to the Stolen Pencil?,False,False,False,False,False,False,False,False,NOT_EQUIVALENT,"The paraphrase broadens the query from specifically rootkits or spyware to any malware, altering the scope of the asked entity."
"Which malware type, such as a rootkit or spyware, is most often associated with Akira?",What rootkit or spyware is commonly linked to the Akira?,True,True,True,True,True,True,True,True,NOT_EQUIVALENT,"The paraphrase shifts from asking for a specific rootkit/spyware name to asking for a general malware type, altering the scope of the answer."
What FIN10 malware variant does the backdoor or ransomware employ?,What backdoor or ransomware variant is employed by the FIN10?,False,False,False,False,False,True,False,False,NOT_EQUIVALENT,"The paraphrase reverses the relationship, asking which FIN10 variant is used by the backdoor/ransomware rather than which backdoor/ransomware variant is used by FIN10.assistantfinalVerdict: NOT_EQUIVALENT"
What software tools are available to identify and eliminate the threat of Hydraq?,What tools or software can be used to detect and remove Hydraq?,False,True,False,False,False,False,True,False,EQUIVALENT,"Both ask for tools/software that can detect (identify) and remove (eliminate) Hydraq, preserving the same entities and relationship."
What type of spyware or rootkit is typically employed by APT29?,What rootkit or spyware does the APT29 commonly use?,True,True,True,True,True,True,True,True,EQUIVALENT,"same entities (APT29, rootkit/spyware) and same relationship (commonly used/employed).assistantfinalVerdict: EQUIVALENT"
What software solutions are available for identifying and uninstalling VPNFilter?,What tools or software can be used to detect and remove VPNFilter?,False,False,True,False,False,False,True,False,EQUIVALENT,Both ask for the same tools/software to detect (identify) and remove (uninstall) VPNFilter.
What methods are employed to identify and detect SOUNDBITE?,Can you tell me about the techniques used to detect SOUNDBITE?,False,False,False,False,False,False,False,False,EQUIVALENT,Both ask for the same techniques/methods used to detect the entity SOUNDBITE.
What software or tools are available to identify and eliminate the threat of NanoCore?,What tools or software can be used to detect and remove NanoCore?,False,False,False,False,False,False,True,True,EQUIVALENT,Both ask for the same tools/software to detect and remove NanoCore.
What malware is being utilized in the Operation CuckooBees?,What rootkit or spyware is being used in the Operation CuckooBees?,False,False,False,False,False,False,False,False,NOT_EQUIVALENT,"The paraphrase broadens the query from specifically rootkits or spyware to any malware, altering the scope."
What malware is associated with the APT1 group's malicious operations?,What is the name of the backdoor or ransomware exploited by the APT1?,False,False,False,False,False,False,False,False,NOT_EQUIVALENT,The paraphrase broadens the query beyond backdoor/ransomware and changes the specific relationship.assistantfinalVerdict: NOT_EQUIVALENT
What techniques are utilized to detect or identify HotCroissant?,What methods can be used to identify HotCroissant?,False,False,False,False,False,False,False,False,EQUIVALENT,"same entity and relationship, just reworded.assistantfinalVerdict: EQUIVALENT"
"What kind of malware, specifically backdoors or ransomware, does Threat Group-1314 predominantly utilize?",What is the primary backdoor or ransomware used by the Threat Group-1314?,True,False,False,True,True,True,True,False,NOT_EQUIVALENT,The paraphrase changes the request from a specific primary malware name to a general type of malware.assistantfinalVerdict: NOT_EQUIVALENT
What C0021 typically utilizes as its preferred Remote Access Trojan?,What is the RAT software of choice for C0021?,False,True,False,True,True,True,False,True,EQUIVALENT,Both ask for the same RAT software preferred by C0021.assistantfinalVerdict: EQUIVALENT
What types of malware are utilized by UNC788 to compromise sensitive data?,What kind of malicious software is used by the UNC788 to steal sensitive information?,False,False,False,False,False,False,False,False,EQUIVALENT,...assistantfinalVerdict: EQUIVALENT
What methods are involved in identifying and removing Lurid from a compromised system?,What is the process of detecting and eliminating Lurid from a system?,True,True,True,True,False,False,True,False,NOT_EQUIVALENT,"The paraphrase adds the constraint that the system is “compromised,” which narrows the scope beyond the original question."
What ransomware or backdoor is primarily utilized by the APT5 group?,What is the primary backdoor or ransomware used by the APT5?,False,False,True,False,True,False,False,False,EQUIVALENT,"The paraphrase asks for the same primary ransomware/backdoor used by APT5, just reworded."
What steps should be taken to identify and eradicate BlackMould from a network?,How can BlackMould be identified and removed from a network?,True,False,True,True,True,False,True,False,EQUIVALENT,Both ask for the same method to detect and eliminate BlackMould from a network.
What confidential data is primarily targeted by the malware used by Rocke for theft?,What is the primary malware used by the Rocke for stealing confidential data?,False,False,False,False,False,False,False,False,NOT_EQUIVALENT,The paraphrase changes the focus from the malware to the data targeted.assistantfinalVerdict: NOT_EQUIVALENT
What malware is utilized by the Cinnamon Tempest in its operations?,What backdoor or ransomware tool is employed by the Cinnamon Tempest?,False,False,False,False,False,False,False,False,NOT_EQUIVALENT,"The paraphrase broadens the query from specifically a backdoor or ransomware tool to any malware, changing the scope of the asked entity."
What methods would you use to identify the presence of Gooligan within a system?,How do you detect the presence of Gooligan in a system?,False,False,False,False,False,False,False,False,EQUIVALENT,"Both ask for ways to detect/identify Gooligan’s presence in a system, with identical entities and relationship."
What type of malicious software does Sidewinder utilize for stealing sensitive data?,What malware does Sidewinder employ for data theft?,False,False,False,False,False,False,False,False,EQUIVALENT,paraphrase uses synonymous terms without altering scope.assistantfinalVerdict: EQUIVALENT
What malware is associated with the Sowbug and is utilized for illicit data access?,Which stealing software is linked to the Sowbug and used for unauthorized data access?,False,False,False,False,False,False,False,False,EQUIVALENT,The paraphrase preserves the same entities (Sowbug) and relationship (association and use for unauthorized data access).assistantfinalVerdict: EQUIVALENT
What methods are employed to identify and detect DRATzarus?,Can you tell me about the techniques used to detect DRATzarus?,False,False,False,True,False,True,False,False,EQUIVALENT,Both ask for the same techniques/methods used to detect DRATzarus.
What steps are required to detect and eliminate Cadelspy from a network?,How can Cadelspy be identified and removed from a network?,True,False,True,False,False,False,True,False,EQUIVALENT,Both ask for the method to detect (identify) and remove (eliminate) Cadelspy from a network.
What tool or software does Operation Wocao leverage for data exfiltration purposes?,What malicious program does Operation Wocao use for data exfiltration?,False,False,False,False,False,False,False,False,NOT_EQUIVALENT,"The paraphrase broadens “malicious program” to “tool or software,” altering the specific entity being asked about."
What steps are involved in identifying and removing DarkWatchman from a compromised system?,What is the process of detecting and eliminating DarkWatchman from a system?,True,False,False,True,False,False,False,True,NOT_EQUIVALENT,"The paraphrase adds the constraint that the system is compromised, narrowing the scope."
What are the primary countermeasures employed to mitigate and identify RainyDay threats?,What are the common methods used to detect and prevent RainyDay infections?,True,True,False,True,True,False,True,False,NOT_EQUIVALENT,"The paraphrase alters both the entity (“infections” → “threats”) and the relationship (“prevent” → “mitigate”), changing the scope of what is being asked."
What techniques are employed for identifying and detecting CORESHELL?,Can you tell me about the techniques used to detect CORESHELL?,False,False,False,True,False,False,False,False,EQUIVALENT,...assistantfinalVerdict: EQUIVALENT
What malware tools are utilized by Operation Ghost to accomplish its goals?,What type of rootkit or spyware is employed by the Operation Ghost to achieve its objectives?,False,False,False,False,False,False,False,False,NOT_EQUIVALENT,"The paraphrase broadens the category from rootkit/spyware to any malware tools, altering the entity being asked.assistantfinalVerdict: NOT_EQUIVALENT"
What indicators suggest the presence of Machete in a computer system?,What signs or symptoms indicate the presence of Machete in a computer?,False,False,False,False,False,False,False,False,EQUIVALENT,"..."" Provide concise reason.assistantfinalVerdict: EQUIVALENT"
What software or tools are available to identify and eliminate Fakecalls?,What tools or software can be used to detect and remove Fakecalls?,False,True,False,False,False,False,True,False,EQUIVALENT,"The paraphrase uses synonymous terms (detect/identify, remove/eliminate) and retains the same entities and request."
What malware is utilized by the group known as the Mustard Tempest?,What is the identity of the backdoor or ransomware used by the Mustard Tempest?,False,False,False,False,False,False,False,False,NOT_EQUIVALENT,paraphrase broadens the type of software from backdoor/ransomware to any malware.assistantfinalVerdict: NOT_EQUIVALENT
What methods are most effective in identifying and thwarting GLASSTOKEN infections?,What are the common methods used to detect and prevent GLASSTOKEN infections?,False,True,False,True,False,False,False,False,NOT_EQUIVALENT,"The paraphrase shifts from asking about commonly used methods to asking about the most effective methods, altering the scope of the inquiry."
What steps should be taken to eliminate Conti and confirm its removal?,What are the steps involved in identifying and removing Conti?,False,False,True,False,False,True,True,True,NOT_EQUIVALENT,"The paraphrase replaces “identifying” with “confirm its removal,” changing the required steps and adding a verification step not present in the original."
What malware is most commonly linked to the malicious operations of Operation CuckooBees?,What ransomware or backdoor is typically associated with the malicious activities of the Operation CuckooBees?,False,False,False,False,False,False,False,False,NOT_EQUIVALENT,"The paraphrase broadens the query from “ransomware or backdoor” to any “malware,” changing the required entity type."
What techniques can be employed to detect the presence of CHOPSTICK?,What methods can be used to identify CHOPSTICK?,False,False,False,False,False,False,False,False,EQUIVALENT,"Both ask for ways to recognize or detect CHOPSTICK, using synonymous terms without altering the entity or relationship."
What malware does the EXOTIC LILY primarily utilize for exfiltrating sensitive information?,What is the primary malware used by the EXOTIC LILY for stealing confidential data?,False,False,False,False,False,False,False,False,EQUIVALENT,Both ask for the same primary malware that EXOTIC LILY uses to steal/exfiltrate confidential data.
What techniques can one utilize to detect MoleNet?,What methods can be used to identify MoleNet?,False,False,False,False,False,False,False,False,EQUIVALENT,... one concise sentence.
What malware is attributed to the operations of the notorious threat actor known as the Aquatic Panda?,What is the name of the backdoor or ransomware exploited by the Aquatic Panda?,False,False,False,False,False,False,False,False,NOT_EQUIVALENT,paraphrase broadens scope beyond backdoor/ransomware.assistantfinalVerdict: NOT_EQUIVALENT
What steps can be taken to detect and eliminate the FunnyDream threat from a network?,How can FunnyDream be identified and removed from a network?,True,False,True,False,False,False,False,False,EQUIVALENT,"Both ask for methods to detect/identify and remove/eliminate the same entity, FunnyDream, from a network."
What primary software tool is Dragonfly utilizing for the purposes of data theft and unauthorized system access?,What is the primary software tool used by Dragonfly for data theft and unauthorized access to user systems?,False,False,False,False,False,False,False,False,EQUIVALENT,Both questions ask for the same primary software tool that Dragonfly uses for data theft and unauthorized system access.
What methods are typically employed to identify and mitigate GolfSpy infections?,What are the common methods used to detect and prevent GolfSpy infections?,False,False,False,False,False,False,True,False,EQUIVALENT,Both ask for the typical methods to detect (identify) and prevent (mitigate) GolfSpy infections.
What methods would you use to identify the occurrence of yty within a system?,How do you detect the presence of yty in a system?,False,False,False,False,False,False,False,False,EQUIVALENT,"Both ask for ways to detect/identify the presence/occurrence of yty in a system, preserving the same entities and relationship."
What steps can be taken to detect and eliminate the presence of HIDEDRV from a network?,How can HIDEDRV be identified and removed from a network?,False,True,True,False,False,False,False,False,EQUIVALENT,... concise.
What software or tools are capable of identifying and eliminating Mispadu?,What tools or software can be used to detect and remove Mispadu?,True,False,True,False,True,False,True,True,EQUIVALENT,"The paraphrase uses synonymous terms (detect/identify, remove/eliminate) without altering entities or scope."
What software or tools are available for identifying and uninstalling httpclient?,What tools or software can be used to detect and remove httpclient?,False,False,False,False,False,False,True,False,EQUIVALENT,The paraphrase merely rewords “detect and remove” as “identify and uninstall” without altering the entities or relationship.
What are the noticeable indicators or manifestations of JHUHUGIT on a computer system?,What signs or symptoms indicate the presence of JHUHUGIT in a computer?,False,False,False,False,False,False,False,False,EQUIVALENT,paraphrase asks same thing with different wording.assistantfinalVerdict: EQUIVALENT
What kind of malware is associated with the threat group known as APT19?,Which type of rootkit or spyware is linked to the APT19?,False,False,False,False,False,False,False,False,NOT_EQUIVALENT,"The paraphrase broadens the scope from “rootkit or spyware” to any malware, altering the specific entity type being asked about."
"What type of malware does C0018 primarily employ, specifically backdoors or ransomware?","What is the primary type of malware used by the C0018, namely backdoors or ransomware?",True,False,False,True,False,True,True,False,EQUIVALENT,Both ask which of the two malware types (backdoors or ransomware) is primarily used by C0018.
What methods are employed to identify and detect the presence of Winnti for Linux?,Can you tell me about the techniques used to detect Winnti for Linux?,False,False,False,False,False,False,False,False,EQUIVALENT,Both ask for the same detection techniques/methods for Winnti on Linux.
What ransomware or backdoor is primarily associated with the group known as LAPSUS$?,What is the primary backdoor or ransomware used by the LAPSUS$?,False,False,False,False,True,False,False,False,EQUIVALENT,Both ask for the main ransomware or backdoor that LAPSUS$ uses/ is associated with.
What indicators or warning signals suggest the presence of JSS Loader on a computer system?,What signs or symptoms indicate the presence of JSS Loader in a computer?,False,False,False,False,False,False,False,False,EQUIVALENT,Both ask for the same signs/indicators that reveal JSS Loader’s presence on a computer.
What does the term Ransomware signify within the context of cybersecurity?,What is the meaning of Ransomware in cybersecurity?,False,False,False,False,False,False,False,False,EQUIVALENT,concise sentence.
What type of rootkit or spyware is associated with the notorious cyber threat known as Mustard Tempest?,Can you determine the type of rootkit or spyware used by the Mustard Tempest?,True,True,True,True,True,True,True,True,EQUIVALENT,Both ask for the specific type of rootkit or spyware linked to Mustard Tempest.
What type of malware is commonly associated with the term Mustang Panda?,Which type of rootkit or spyware is linked to the Mustang Panda?,False,False,False,False,False,False,False,False,NOT_EQUIVALENT,"The paraphrase broadens the scope from specifically “rootkit or spyware” to any kind of malware, altering the original constraint."
What malicious activities does POLONIUM typically rely on rootkits or spyware for?,What rootkit or spyware does the POLONIUM typically rely on for malicious activities?,False,True,False,True,False,True,False,True,NOT_EQUIVALENT,The paraphrase asks about malicious activities rather than the rootkit/spyware used.assistantfinalVerdict: NOT_EQUIVALENT
What malware variant is associated with the threat group FIN6?,Which malicious backdoor or ransomware is linked to the FIN6?,False,False,False,False,False,False,False,False,NOT_EQUIVALENT,"The paraphrase broadens the scope from “malicious backdoor or ransomware” to any malware variant, changing the specific relationship asked."
What techniques can help in detecting and identifying the DroidJack RAT?,What methods can be used to identify DroidJack RAT?,False,False,False,False,False,False,False,False,EQUIVALENT,Both ask for the same set of methods/techniques to identify (detect) the DroidJack RAT.
What methods are employed to identify and detect the PoetRAT?,Can you tell me about the techniques used to detect PoetRAT?,False,False,False,True,False,True,False,False,EQUIVALENT,Both ask for the same techniques/methods used to detect the PoetRAT.
What malware does the notorious threat group APT28 specifically utilize for its espionage objectives?,Which specific malware does the APT28 employ for stealing purposes?,False,False,False,False,False,False,False,False,NOT_EQUIVALENT,"changed the purpose from stealing to espionage, altering the relationship.assistantfinalVerdict: NOT_EQUIVALENT"
What steps can be taken to detect and eliminate Clop from a network?,How can Clop be identified and removed from a network?,False,True,True,False,False,False,True,False,EQUIVALENT,Both ask for methods to detect (identify) and remove (eliminate) Clop from a network.
What malware specifically was utilized as part of the SolarWinds Compromise?,Can you identify the specific backdoor or ransomware used by the SolarWinds Compromise?,False,False,False,False,False,False,False,False,NOT_EQUIVALENT,"The paraphrase broadens the scope from “specific backdoor or ransomware” to any “malware,” dropping the original constraint on the type of malware."
What is the process of removing Prikormka from a system through identification and eradication?,What is the process of detecting and eliminating Prikormka from a system?,False,False,False,False,True,True,True,False,EQUIVALENT,Both ask for the same process of identifying and eliminating Prikormka from a system.
What methods are typically employed to identify and block the spread of 4H RAT malware?,What are the common methods used to detect and prevent 4H RAT infections?,False,False,True,False,False,False,False,False,EQUIVALENT,"paraphrase preserves meaning, same entities and relationship (methods to detect/prevent).assistantfinalVerdict: EQUIVALENT"
Which operating systems are commonly targeted by malicious spyware?,"In the context of spyware, what platforms are considered high-risk?",True,True,True,False,True,True,True,True,NOT_EQUIVALENT,"The paraphrase narrows scope to operating systems and changes the criterion from high-risk to commonly targeted, altering the meaning.assistantfinalVerdict: NOT_EQUIVALENT"
What ransomware or backdoor is associated with the term Cleaver?,Which malicious backdoor or ransomware is linked to the Cleaver?,False,False,False,False,True,False,False,False,EQUIVALENT,Both ask for the same ransomware or backdoor that is linked/associated with “Cleaver.”
What malware is primarily utilized by Stealth Falcon for the purposes of unauthorized data theft and access?,What is the primary malware used by Stealth Falcon for data theft and unauthorized access?,False,False,False,False,False,False,False,False,EQUIVALENT,Both ask for the same primary malware used by Stealth Falcon for data theft and unauthorized access.
What is the name of the remote access trojan associated with the identifier C0026?,What remote access trojan is associated with the C0026?,False,False,False,True,False,False,False,True,EQUIVALENT,"same question, just reworded.assistantfinalVerdict: EQUIVALENT"
What methods can be employed to detect and identify the malware known as Lizar?,What methods can be used to identify Lizar?,False,False,False,False,False,False,False,False,NOT_EQUIVALENT,"The paraphrase expands the scope to include detection in addition to identification, altering the original relationship asked."
What malware does APT1 utilize for the purpose of exfiltrating sensitive information?,What is the name of the malware used by the APT1 for stealing sensitive data?,False,False,False,False,False,False,False,False,EQUIVALENT,... concise.assistantfinalVerdict: EQUIVALENT
What methods can be employed to ascertain whether a computer has been compromised by Javali?,How can one determine if a computer has been infected with Javali?,True,False,False,False,False,False,False,False,EQUIVALENT,"Both ask for ways to detect whether a computer is infected/compromised by Javali, preserving the same entities and relationship."
What steps can be taken to locate and eliminate Hildegard from a network?,How can Hildegard be identified and removed from a network?,True,False,True,False,False,False,False,False,EQUIVALENT,Both ask for the method to find (identify/locate) Hildegard and then remove (eliminate) her from a network.
What methods can be employed to ascertain whether a computer is compromised by the malware known as ObliqueRAT?,How can one determine if a computer has been infected with ObliqueRAT?,False,False,True,False,False,False,False,False,EQUIVALENT,"..."" Provide concise reason.assistantfinalVerdict: EQUIVALENT"
What spyware or rootkit is identified by the designation C0026?,What rootkit or spyware is part of the C0026?,True,True,True,True,True,True,True,True,NOT_EQUIVALENT,"changed relationship from ""part of"" to ""identified by"".assistantfinalVerdict: NOT_EQUIVALENT"
What is the specific type of malware that is associated with the threat actor known as Mustang Panda?,Which malicious backdoor or ransomware is linked to the Mustang Panda?,False,False,False,False,False,False,False,False,NOT_EQUIVALENT,"The paraphrase broadens the scope from “malicious backdoor or ransomware” to any type of malware, altering the original constraint."
What spyware or rootkit is known as ALLANITE?,What is the name of the rootkit or spyware used by the ALLANITE?,True,False,False,False,True,True,True,True,NOT_EQUIVALENT,"The paraphrase reverses the relationship, asking for the tool named ALLANITE rather than the tool used by ALLANITE.assistantfinalVerdict: NOT_EQUIVALENT"
What kind of malware is commonly utilized by the APT17 group?,What type of rootkit or spyware is typically employed by the APT17?,False,False,False,False,False,False,False,False,NOT_EQUIVALENT,"The paraphrase broadens the scope from specifically “rootkit or spyware” to any kind of malware, altering the entity being asked about."
What methods are utilized for identifying Egregor?,What methods can be used to identify Egregor?,False,False,False,False,False,False,False,False,EQUIVALENT,"Both ask for the same set of methods to identify Egregor, only wording differs."
What tool does APT39 employ for the purpose of extracting data?,Which tool does APT39 use for exfiltrating data?,False,False,False,False,False,False,False,False,EQUIVALENT,Both ask for the same tool used by APT39 to exfiltrate/extract data.
What methods are employed to detect and identify KeyRaider?,What methods can be used to identify KeyRaider?,False,False,False,True,False,False,False,False,EQUIVALENT,"The paraphrase asks for the same methods concerning the same entity, merely adding a synonymous term without altering scope."
"What type of malware does the DarkHydrus use, specifically a backdoor or ransomware?",What is the identity of the backdoor or ransomware used by the DarkHydrus?,True,False,False,True,False,False,True,False,NOT_EQUIVALENT,paraphrase changes the question from asking for the specific name to asking for the general type.assistantfinalVerdict: NOT_EQUIVALENT
What malware is the backdoor or ransomware known as Machete?,What is the name of the backdoor or ransomware exploited by the Machete?,True,False,False,True,False,True,True,False,NOT_EQUIVALENT,"The original asks for the name of the backdoor/ransomware exploited by Machete, while the paraphrase treats Machete as the backdoor/ransomware and asks for its malware type, reversing the relationship."
What type of malware is most commonly linked to Operation Ghost?,What backdoor or ransomware is typically associated with the Operation Ghost?,False,False,False,False,False,False,False,False,NOT_EQUIVALENT,The paraphrase broadens the scope beyond backdoor/ransomware.assistantfinalVerdict: NOT_EQUIVALENT
What methods are employed to identify and detect WastedLocker?,Can you tell me about the techniques used to detect WastedLocker?,False,False,False,True,False,True,False,False,EQUIVALENT,Both ask for the same techniques/methods used to detect WastedLocker.
What methods would you use to identify and detect the presence of NKAbuse within a system?,How do you detect the presence of NKAbuse in a system?,False,False,False,False,False,False,False,False,EQUIVALENT,"Both ask for ways to detect the presence of NKAbuse in a system, using only wording changes."
What steps can one take to detect if a computer has been compromised by the BUSHWALK malware?,How can one determine if a computer has been infected with BUSHWALK?,False,False,True,True,False,False,False,False,EQUIVALENT,Both ask how to identify whether a computer is infected/compromised by the BUSHWALK malware.
What methods are employed to identify Mongall?,Can you tell me about the techniques used to detect Mongall?,False,False,False,False,False,False,False,False,EQUIVALENT,Both ask for the same detection techniques/methods for the identical entity Mongall.
What malware or spyware is associated with the codename Operation Dust Storm?,Which rootkit or spyware is linked to Operation Dust Storm?,False,False,False,False,False,False,False,False,NOT_EQUIVALENT,"The paraphrase broadens “rootkit” to “malware,” changing the specific category of software being asked about."
"What type of malware, specifically rootkits or spyware, is associated with the FIN6 threat group?",Can you determine the type of rootkit or spyware used by the FIN6?,True,True,True,True,True,True,True,True,EQUIVALENT,Both ask for the specific type of rootkit or spyware used by FIN6.assistantfinalVerdict: EQUIVALENT
What kind of malware does Moafee primarily utilize for data theft and unauthorized system access?,What is the primary malware used by Moafee for data theft and unauthorized access?,False,False,False,False,False,False,False,False,EQUIVALENT,paraphrase restates same question with different wording.assistantfinalVerdict: EQUIVALENT
What software or tools are available to identify and eliminate WINERACK?,What tools or software can be used to detect and remove WINERACK?,False,False,False,False,False,False,True,True,EQUIVALENT,The paraphrase uses synonymous terms and retains the same entities and request for tools/software to detect and remove WINERACK.
What identification methods are available for Rifdoor?,What methods can be used to identify Rifdoor?,False,False,False,True,False,False,False,False,EQUIVALENT,Both ask for the same set of methods to identify the entity Rifdoor.
What type of malware does RTM utilize for the purpose of data exfiltration?,What malware does RTM employ for data theft?,False,False,False,False,False,False,False,False,EQUIVALENT,The paraphrase uses synonymous wording without altering the entity (RTM) or the asked relationship (malware used for data theft/exfiltration).
What malware removal tools and software can effectively identify and uninstall jRAT?,What tools or software can be used to detect and remove jRAT?,False,False,True,False,True,False,True,False,EQUIVALENT,Both ask for tools/software that can detect (identify) and remove (uninstall) jRAT.
What methods are used to identify the occurrence of RARSTONE within a system?,How do you detect the presence of RARSTONE in a system?,False,False,False,False,False,False,False,False,EQUIVALENT,"Both ask for ways to detect/identify RARSTONE’s presence in a system, preserving the same entity and relationship."
Which type of rootkit or spyware is linked to the CyberAv3ngers?,What kind of rootkit or spyware is associated with the CyberAv3ngers?,True,True,True,True,True,True,True,True,EQUIVALENT,Both ask for the same type of rootkit or spyware linked to the CyberAv3ngers.
What steps should one take to detect and eradicate TinyZBot?,What are the steps involved in identifying and removing TinyZBot?,False,True,True,True,False,False,True,False,EQUIVALENT,"same meaning, just reworded.assistantfinalVerdict: EQUIVALENT"
What steps are involved in removing and identifying Stuxnet from a compromised system?,What is the process of detecting and eliminating Stuxnet from a system?,True,True,True,False,True,False,True,False,NOT_EQUIVALENT,"The paraphrase adds the constraint that the system is compromised, narrowing the scope beyond the original question."
What malware or software is utilized by Malteiro to facilitate data theft operations?,What software does Malteiro exploit to facilitate data theft?,False,False,False,False,False,False,False,False,EQUIVALENT,same entity (Malteiro) and same relationship (software used for data theft).assistantfinalVerdict: EQUIVALENT
What software or tools are available to identify and eliminate Zebrocy?,What tools or software can be used to detect and remove Zebrocy?,False,False,False,False,False,False,True,False,EQUIVALENT,The paraphrase uses synonymous terms and retains the same entities and request.
What are the indicators or warning signs that suggest the FruitFly malware is present on a computer system?,What signs or symptoms indicate the presence of FruitFly in a computer?,False,False,False,False,False,False,False,False,EQUIVALENT,Both ask for the same signs/indicators of FruitFly malware being present on a computer.
What steps are necessary to detect and eliminate the AppleSeed?,What are the steps involved in identifying and removing AppleSeed?,True,True,True,True,False,False,False,False,EQUIVALENT,"same meaning, just reworded.assistantfinalVerdict: EQUIVALENT"
What malware or ransomware variant is associated with the DarkVishnya?,Which malicious backdoor or ransomware is linked to the DarkVishnya?,False,False,False,False,False,False,False,False,NOT_EQUIVALENT,paraphrase broadens scope from backdoor to any malware.assistantfinalVerdict: NOT_EQUIVALENT
What malware is typically associated with the identifier C0010?,What backdoor or ransomware is typically associated with the C0010?,False,False,False,False,False,False,False,False,NOT_EQUIVALENT,"The paraphrase broadens the query from specifically backdoor or ransomware to any malware, altering the scope."
What methods are employed to identify and detect the presence of Rover?,Can you tell me about the techniques used to detect Rover?,False,False,False,False,False,False,False,False,EQUIVALENT,Both ask for the same techniques/methods used to detect the entity Rover.
What malware is the Chimera typically known to utilize for unauthorized acquisition?,What stealing software is commonly employed by the Chimera?,False,False,False,False,False,False,False,False,EQUIVALENT,Both ask which malware the Chimera commonly uses for stealing.
What methods are typically employed to identify and thwart Babuk malware?,What are the common methods used to detect and prevent Babuk infections?,False,False,False,False,False,False,False,False,EQUIVALENT,Both ask for the typical techniques to detect (identify) and stop (prevent/thwart) Babuk malware infections.
What methods are employed to identify LIGHTWIRE?,Can you tell me about the techniques used to detect LIGHTWIRE?,False,False,False,False,False,False,False,False,EQUIVALENT,Both ask for the same information about the methods/techniques used to detect (identify) LIGHTWIRE.
What steps are involved in identifying and removing TinyTurla from a system?,What is the process of detecting and eliminating TinyTurla from a system?,True,False,True,True,False,False,True,False,EQUIVALENT,The paraphrase uses synonymous wording (“identifying”/“removing”) but asks for the same process of detecting and eliminating TinyTurla.
What is the malware specifically used by the FIN7 group?,What is the name of the rootkit or spyware used by the FIN7?,False,False,False,False,False,False,False,False,NOT_EQUIVALENT,"The paraphrase broadens the scope from “rootkit or spyware” to any “malware,” changing the specific type of software being asked about."
What steps can be taken to detect and eliminate Maze malware from a network?,How can Maze be identified and removed from a network?,False,False,False,False,False,False,True,False,EQUIVALENT,Both ask for methods to detect and remove the same Maze malware from a network.
What methods are used to detect Dok?,What methods can be used to identify Dok?,False,False,False,False,False,False,False,False,EQUIVALENT,"""Identify"" and ""detect"" are synonymous, so the question asks for the same methods concerning the same entity Dok."
What type of malware is associated with the term IndigoZebra?,Which malicious backdoor or ransomware is linked to the IndigoZebra?,False,False,False,False,False,False,False,False,NOT_EQUIVALENT,"The paraphrase broadens the scope from specifically a backdoor or ransomware to any type of malware, altering the original constraint."
What methods do organizations typically employ to counteract EKANS malware and prevent its spread?,What are the common methods used to detect and prevent EKANS infections?,False,False,False,True,False,False,False,True,NOT_EQUIVALENT,"The paraphrase omits the explicit request for detection methods, changing the scope of the question."
What kind of malware is linked to the concept of Inception?,What type of backdoor or ransomware is associated with the Inception?,False,False,False,False,False,False,False,False,NOT_EQUIVALENT,"The paraphrase broadens the query from specifically backdoor or ransomware types to any kind of malware, altering the scope."
What malware is utilized by APT19 to illicitly extract sensitive information?,What is the name of the malware used by the APT19 for stealing sensitive data?,False,False,False,False,False,False,False,False,EQUIVALENT,Both ask for the name of the malware that APT19 uses to steal sensitive data.
What are the procedures necessary for detecting and uninstalling Caterpillar WebShell?,What are the steps involved in identifying and removing Caterpillar WebShell?,True,False,False,True,True,False,True,False,EQUIVALENT,Both ask for the same set of actions—how to detect (identify) and remove (uninstall) Caterpillar WebShell.
What malware is associated with the backdoor or ransomware known as UNC2452?,What is the name of the backdoor or ransomware exploited by the UNC2452?,False,False,False,True,False,True,True,False,NOT_EQUIVALENT,The paraphrase changes the role of UNC2452 from exploiter to the backdoor/ransomware itself.assistantfinalVerdict: NOT_EQUIVALENT
What kind of remote access Trojan is utilized by FunnyDream?,What type of RAT software is employed by the FunnyDream?,False,False,False,True,True,True,False,True,EQUIVALENT,Both ask for the specific type/kind of remote access Trojan (RAT) used by FunnyDream.
What steps can be taken to detect and eliminate OopsIE from a network?,How can OopsIE be identified and removed from a network?,False,False,True,False,False,False,True,False,EQUIVALENT,... concise.
What software does the threat actor TEMP.Veles primarily employ for illicit data exfiltration and unauthorized access to target systems?,What is the primary software tool used by TEMP.Veles for data theft and unauthorized access to user systems?,False,False,False,False,False,False,False,False,EQUIVALENT,Both ask for the same primary software used by TEMP.Veles for data theft/exfiltration and unauthorized system access.
What malware variant is associated with the Dragonfly 2.0 threat?,Which malicious backdoor or ransomware is linked to the Dragonfly 2.0?,False,False,False,False,False,False,False,False,NOT_EQUIVALENT,"The paraphrase broadens the query from specifically a backdoor or ransomware to any malware variant, altering the scope of the asked entity."
What malware tools is Stolen Pencil typically used to carry out its data theft activities with?,What kind of malware does Stolen Pencil utilize for its data theft operations?,False,False,False,False,False,False,False,False,EQUIVALENT,Both ask which malware Stolen Pencil uses for data theft.assistantfinalVerdict: EQUIVALENT
What malware is utilized by the FIN13 threat group to facilitate data theft and compromise user security?,What is the specific malware used by FIN13 to facilitate data theft and compromise user security?,False,False,False,False,False,False,False,False,EQUIVALENT,Both questions ask for the same specific malware employed by FIN13 for data theft and compromising user security.
What is the underlying principle behind ransomware attacks?,Can you explain the concept of Ransomware?,False,False,False,False,False,False,False,False,EQUIVALENT,"Both questions request an explanation of the fundamental idea behind ransomware, just using different wording."
What type of rootkit or spyware was employed by the notorious cyber threat actor known as Sharpshooter?,Can you determine the type of rootkit or spyware used by the Sharpshooter?,True,True,True,True,True,True,True,True,EQUIVALENT,Both ask for the same information—the type of rootkit or spyware used by Sharpshooter—without altering entities or scope.
What methods can be used to identify whether a computer has been compromised by a BACKSPACE infection?,How can one determine if a computer has been infected with BACKSPACE?,False,False,False,False,False,False,False,False,EQUIVALENT,"Both ask for ways to detect whether a computer is infected with BACKSPACE, preserving the same entities and relationship."
"What type of malicious software, specifically a rootkit or spyware, is linked to the Triton Safety Instrumented System Attack?",What kind of rootkit or spyware is associated with Triton Safety Instrumented System Attack?,True,True,True,True,True,True,True,True,EQUIVALENT,"The paraphrase asks the same question about the specific rootkit or spyware linked to the Triton Safety Instrumented System Attack, merely rewording the phrasing."
What kind of malware does GALLIUM rely on to facilitate the theft of sensitive information?,Which type of malicious software does GALLIUM use to facilitate data theft?,False,False,False,False,False,False,False,False,EQUIVALENT,The paraphrase keeps the same entity (GALLIUM) and asks for the same type of malicious software used to enable data/theft of sensitive information.
What type of malware does the Ajax Security Team typically utilize?,What backdoor or ransomware tool is employed by the Ajax Security Team?,False,False,False,False,False,False,False,False,NOT_EQUIVALENT,"The paraphrase broadens the query from a specific backdoor/ransomware tool to any type of malware, changing the scope and relationship."
What malware is primarily utilized by the threat group FIN7 to facilitate unauthorized access and data theft?,What is the primary malware used by FIN7 for data theft and unauthorized access?,False,False,False,False,False,False,False,False,EQUIVALENT,... concise.assistantfinalVerdict: EQUIVALENT
What RAT software is Operation CuckooBees specifically known to employ?,Which specific RAT software does Operation CuckooBees utilize?,False,False,True,True,True,True,True,True,EQUIVALENT,...assistantfinalVerdict: EQUIVALENT
What steps can be taken to detect and eliminate the presence of GuLoader malware from a network?,How can GuLoader be identified and removed from a network?,False,True,False,False,False,False,False,False,EQUIVALENT,paraphrase asks same detection and removal steps for GuLoader in a network.assistantfinalVerdict: EQUIVALENT
What malware is associated with the cyber operation codenamed Operation Sharpshooter?,Which rootkit or spyware is linked to Operation Sharpshooter?,False,False,False,False,False,False,False,False,NOT_EQUIVALENT,"The paraphrase broadens the query from specifically rootkits or spyware to any malware, altering the scope of the asked entity."
What steps are involved in removing SpyDealer from a compromised system?,What is the process of detecting and eliminating SpyDealer from a system?,True,False,False,False,True,True,True,True,NOT_EQUIVALENT,"The paraphrase narrows the scope to a compromised system and omits the detection step, altering the original meaning."
What type of malware is commonly associated with the operations of Metador?,What is the identity of the backdoor or ransomware used by the Metador?,False,False,False,False,False,False,False,False,NOT_EQUIVALENT,The paraphrase changes the question from asking for a specific malware name to asking for a general malware type.assistantfinalVerdict: NOT_EQUIVALENT
"What PROMETHIUM is typically associated with in terms of malware, specifically backdoors or ransomware?",Which malicious backdoor or ransomware is linked to the PROMETHIUM?,True,False,False,True,False,True,True,False,EQUIVALENT,Both ask for the backdoor or ransomware linked/associated with PROMETHIUM.assistantfinalVerdict: EQUIVALENT
What type of malware does the Honeybee utilize in order to facilitate data theft and undermine user security?,What is the specific malware used by Honeybee to facilitate data theft and compromise user security?,False,False,False,False,False,False,False,False,EQUIVALENT,Both ask for the same malware used by Honeybee for data theft and compromising security.assistantfinalVerdict: EQUIVALENT
What methods are employed to identify or detect Judy?,Can you tell me about the techniques used to detect Judy?,False,False,False,False,False,False,False,False,EQUIVALENT,"Both ask for the same techniques/methods used to detect (identify) the same entity, Judy."
What GRIFFON-related tools or software can be used for detection and eradication purposes?,What tools or software can be used to detect and remove GRIFFON?,False,True,False,False,True,False,False,False,EQUIVALENT,"Both ask for tools/software that can detect and eliminate GRIFFON, preserving the same entities and relationship."
What methods are employed to identify PUNCHBUGGY?,Can you tell me about the techniques used to detect PUNCHBUGGY?,False,False,False,False,False,False,False,False,EQUIVALENT,Both ask for the same information about the techniques/methods used to detect/identify PUNCHBUGGY.
What kind of malware is primarily employed by Scattered Spider for unauthorized data extraction and system access?,What is the primary malware used by Scattered Spider for data theft and unauthorized access?,False,False,False,False,False,False,False,False,EQUIVALENT,Both ask for the same primary malware used by Scattered Spider for data theft/unauthorized extraction and system access.
What is the malware utilized by LazyScripter that is designed for exfiltrating sensitive information?,What is the name of the malware used by the LazyScripter for stealing sensitive data?,False,False,False,False,False,False,False,False,EQUIVALENT,Both ask for the name of the malware that LazyScripter uses to steal/exfiltrate sensitive data.
What steps can be taken to identify whether a computer has been compromised by Cheerscrypt malware?,How can one determine if a computer has been infected with Cheerscrypt?,False,False,False,False,False,False,False,False,EQUIVALENT,Both ask for methods to detect whether a computer is infected/compromised by the Cheerscrypt malware.
What steps are required to detect and eliminate Trojan-SMS.AndroidOS.Agent.ao malware?,What are the steps involved in identifying and removing Trojan-SMS.AndroidOS.Agent.ao?,False,False,True,True,False,False,True,False,EQUIVALENT,The paraphrase asks for the same identification/detection and removal/elimination steps for the identical Trojan-SMS.AndroidOS.Agent.ao.
What methods can be used to identify whether a computer has been compromised by the Vasport malware?,How can one determine if a computer has been infected with Vasport?,False,False,False,False,False,False,False,False,EQUIVALENT,Both ask for ways to detect if a computer is infected/compromised by the Vasport malware.
What characteristics or indicators suggest that a computer has been compromised by the presence of Umbreon?,What signs or symptoms indicate the presence of Umbreon in a computer?,True,False,False,False,False,False,False,False,EQUIVALENT,Both ask for the same signs/indicators that Umbreon is present in a computer.
What kind of malware is primarily associated with TeamTNT's tactics for exfiltrating data and gaining unauthorized access?,What is the primary malware used by TeamTNT for data theft and unauthorized access?,False,False,False,False,False,False,False,False,EQUIVALENT,The paraphrase asks for the same primary malware used by TeamTNT for data theft and unauthorized access.assistantfinalVerdict: EQUIVALENT
What kind of malware does the Strider typically utilize for stealing purposes?,What type of stealing software does the Strider typically use?,False,False,False,False,False,False,False,False,EQUIVALENT,"Both ask for the same category of software the Strider uses to steal, just reworded."
